% Model:              doble_barrera_electric_Field.mph
% Version:            COMSOL 6.2.0.339
% Date:               May 25 2025, 12:28
% Table:              Table 8 - Global Evaluation 2
% m                      B0                       E0                       h1                       Integration 1 (meV)
-1                       0                        0                        2                        1.873173981483509
-1                       0                        0                        3                        1.8515071604486484
-1                       0                        0                        4                        1.86681202115355
-1                       0                        0                        5                        1.8435445349620911
-1                       0                        0                        6                        1.8441342705658639
-1                       0                        0                        7                        1.8347662508625944
-1                       0                        0                        8                        1.8331042976123662
-1                       0                        0                        9                        1.8279759022842903
-1                       0                        0                        10                       1.8274503378784892
-1                       0                        0                        15                       1.8235156379883766
-1                       0                        0                        20                       1.821212526986029
-1                       0                        0                        25                       1.8185211662275893
-1                       0                        0                        30                       1.8158844567929273
-1                       0                        0                        35                       1.812823466535042
-1                       0                        0                        40                       1.8097482021889724
-1                       0                        0                        45                       1.80661203409686
-1                       0                        0                        50                       1.803116583746806
-1                       0                        0                        55                       1.7997639501765688
-1                       0                        0                        60                       1.7961692808747491
-1                       0                        0                        65                       1.7923488725873447
-1                       0                        0                        70                       1.7886456378644318
-1                       0                        0                        75                       1.7846936513347402
-1                       0                        0                        80                       1.7805039539274417
-1                       0                        0                        85                       1.776255942911968
-1                       0                        0                        90                       1.7718123489862974
-1                       0                        0                        95                       1.767147861146319
-1                       0                        0                        100                      1.7622304935812283
-1                       0                        0                        110                      1.7515822191357764
-1                       0                        0                        120                      1.7392279215392559
-1                       0                        0                        130                      1.724779523056229
-1                       0                        0                        140                      1.7076796567360533
-1                       0                        0                        150                      1.6868351640737433
-1                       0                        0                        160                      1.6623849870251137
-1                       0                        0                        170                      1.63182922856712
-1                       0                        0                        180                      1.5954991351205572
-1                       0                        0                        190                      1.5532957031690506
-1                       0                        0                        200                      1.5060260688477114
-1                       0                        1000                     2                        1.8731740193108941
-1                       0                        1000                     3                        1.8515074730291483
-1                       0                        1000                     4                        1.8668119685403433
-1                       0                        1000                     5                        1.8435447798440128
-1                       0                        1000                     6                        1.8441342980353017
-1                       0                        1000                     7                        1.8347662522841721
-1                       0                        1000                     8                        1.833104299525808
-1                       0                        1000                     9                        1.8279759047428767
-1                       0                        1000                     10                       1.8274503416393797
-1                       0                        1000                     15                       1.8235157090553136
-1                       0                        1000                     20                       1.8212125445340306
-1                       0                        1000                     25                       1.818521240096175
-1                       0                        1000                     30                       1.8158845081558326
-1                       0                        1000                     35                       1.8128236170723504
-1                       0                        1000                     40                       1.8097484141945777
-1                       0                        1000                     45                       1.8066127260097156
-1                       0                        1000                     50                       1.803117046369448
-1                       0                        1000                     55                       1.799765160369181
-1                       0                        1000                     60                       1.7961686317091872
-1                       0                        1000                     65                       1.792349069316396
-1                       0                        1000                     70                       1.7886463116783389
-1                       0                        1000                     75                       1.7846897000666522
-1                       0                        1000                     80                       1.7805015059360838
-1                       0                        1000                     85                       1.7762521170876149
-1                       0                        1000                     90                       1.771806195974642
-1                       0                        1000                     95                       1.7671348567111917
-1                       0                        1000                     100                      1.7622082832858246
-1                       0                        1000                     110                      1.7515435231623266
-1                       0                        1000                     120                      1.7391180928997718
-1                       0                        1000                     130                      1.7245579809689218
-1                       0                        1000                     140                      1.7071447794988772
-1                       0                        1000                     150                      1.6857395677787463
-1                       0                        1000                     160                      1.660046278567768
-1                       0                        1000                     170                      1.6270989756435008
-1                       0                        1000                     180                      1.5863682544327744
-1                       0                        1000                     190                      1.538094643780108
-1                       0                        1000                     200                      1.4840247326879004
-1                       0                        10000                    2                        1.8731743612164407
-1                       0                        10000                    3                        1.8515102868456412
-1                       0                        10000                    4                        1.8668114952134054
-1                       0                        10000                    5                        1.843546984069737
-1                       0                        10000                    6                        1.8441345630786565
-1                       0                        10000                    7                        1.834766265752892
-1                       0                        10000                    8                        1.8331043177956556
-1                       0                        10000                    9                        1.8279759274252754
-1                       0                        10000                    10                       1.8274503756147384
-1                       0                        10000                    15                       1.823516349856026
-1                       0                        10000                    20                       1.8212127064089039
-1                       0                        10000                    25                       1.818521866212868
-1                       0                        10000                    30                       1.8158848668500773
-1                       0                        10000                    35                       1.81282453797718
-1                       0                        10000                    40                       1.8097491660922738
-1                       0                        10000                    45                       1.8066162718131253
-1                       0                        10000                    50                       1.8031147371824978
-1                       0                        10000                    55                       1.799762661333198
-1                       0                        10000                    60                       1.7961359051210326
-1                       0                        10000                    65                       1.792298844537841
-1                       0                        10000                    70                       1.788558461075923
-1                       0                        10000                    75                       1.7844893654499794
-1                       0                        10000                    80                       1.7801979186762065
-1                       0                        10000                    85                       1.7757529337297224
-1                       0                        10000                    90                       1.7710028244304894
-1                       0                        10000                    95                       1.7658430386427117
-1                       0                        10000                    100                      1.7602024372986713
-1                       0                        10000                    110                      1.7471729657217343
-1                       0                        10000                    120                      1.7299465289622682
-1                       0                        10000                    130                      1.7074450409851412
-1                       0                        10000                    140                      1.6778969554997254
-1                       0                        10000                    150                      1.6414410080702924
-1                       0                        10000                    160                      1.5997668830475473
-1                       0                        10000                    170                      1.5525105487996567
-1                       0                        10000                    180                      1.5020616295363944
-1                       0                        10000                    190                      1.4508350877855218
-1                       0                        10000                    200                      1.3989592403381796
-1                       0                        100000                   2                        1.8731779247349798
-1                       0                        100000                   3                        1.8515384837843478
-1                       0                        100000                   4                        1.866806781010679
-1                       0                        100000                   5                        1.84356905483885
-1                       0                        100000                   6                        1.8441389775437795
-1                       0                        100000                   7                        1.8347664674207567
-1                       0                        100000                   8                        1.833104604344591
-1                       0                        100000                   9                        1.8279762091547758
-1                       0                        100000                   10                       1.827450727958946
-1                       0                        100000                   15                       1.823522878165495
-1                       0                        100000                   20                       1.821214715437266
-1                       0                        100000                   25                       1.8185243022714728
-1                       0                        100000                   30                       1.81587824808542
-1                       0                        100000                   35                       1.812791188297065
-1                       0                        100000                   40                       1.8096445455834462
-1                       0                        100000                   45                       1.8063969051105822
-1                       0                        100000                   50                       1.8024999897688434
-1                       0                        100000                   55                       1.7985799799906406
-1                       0                        100000                   60                       1.793693233685741
-1                       0                        100000                   65                       1.7881265534816568
-1                       0                        100000                   70                       1.7819632597209822
-1                       0                        100000                   75                       1.7742379598624773
-1                       0                        100000                   80                       1.7656876373671724
-1                       0                        100000                   85                       1.7559763507164436
-1                       0                        100000                   90                       1.7450229600128044
-1                       0                        100000                   95                       1.7326986454782223
-1                       0                        100000                   100                      1.7190735573223157
-1                       0                        100000                   110                      1.6882608327568671
-1                       0                        100000                   120                      1.6505972165473062
-1                       0                        100000                   130                      1.6073504954256619
-1                       0                        100000                   140                      1.5584520467827523
-1                       0                        100000                   150                      1.5048976917509622
-1                       0                        100000                   160                      1.4493925473068054
-1                       0                        100000                   170                      1.3907876426870558
-1                       0                        100000                   180                      1.3329264490862252
-1                       0                        100000                   190                      1.2769949307063808
-1                       0                        100000                   200                      1.2229682734326353
-1                       5                        0                        2                        5.857589015032512
-1                       5                        0                        3                        5.636196345808683
-1                       5                        0                        4                        5.655114721690914
-1                       5                        0                        5                        5.492946562442647
-1                       5                        0                        6                        5.545994476816177
-1                       5                        0                        7                        5.509902848499384
-1                       5                        0                        8                        5.498439693322526
-1                       5                        0                        9                        5.520163383645266
-1                       5                        0                        10                       5.515648643911701
-1                       5                        0                        15                       5.524167257445711
-1                       5                        0                        20                       5.523459092796301
-1                       5                        0                        25                       5.526782900225406
-1                       5                        0                        30                       5.521823474919232
-1                       5                        0                        35                       5.509905616327512
-1                       5                        0                        40                       5.485262718626996
-1                       5                        0                        45                       5.446176309995837
-1                       5                        0                        50                       5.393423169912033
-1                       5                        0                        55                       5.317489293471537
-1                       5                        0                        60                       5.219294631385401
-1                       5                        0                        65                       5.100415909292526
-1                       5                        0                        70                       4.9522565784459145
-1                       5                        0                        75                       4.7826521781306015
-1                       5                        0                        80                       4.59734352871018
-1                       5                        0                        85                       4.396119415695154
-1                       5                        0                        90                       4.188358779206372
-1                       5                        0                        95                       3.9814976599089973
-1                       5                        0                        100                      3.7805942707987437
-1                       5                        0                        110                      3.4084377733412152
-1                       5                        0                        120                      3.0898196691574684
-1                       5                        0                        130                      2.8196728855117468
-1                       5                        0                        140                      2.5931115808149454
-1                       5                        0                        150                      2.3972287788172433
-1                       5                        0                        160                      2.231791249095653
-1                       5                        0                        170                      2.0847380246013643
-1                       5                        0                        180                      1.9558288527935666
-1                       5                        0                        190                      1.841443662116158
-1                       5                        0                        200                      1.7389610827132915
-1                       5                        1000                     2                        5.857589098878198
-1                       5                        1000                     3                        5.636196900891296
-1                       5                        1000                     4                        5.655116984899351
-1                       5                        1000                     5                        5.492950093482423
-1                       5                        1000                     6                        5.545994495061231
-1                       5                        1000                     7                        5.509902845366558
-1                       5                        1000                     8                        5.498439689151722
-1                       5                        1000                     9                        5.520163379218276
-1                       5                        1000                     10                       5.515648638927994
-1                       5                        1000                     15                       5.524164552614233
-1                       5                        1000                     20                       5.5234595535921756
-1                       5                        1000                     25                       5.526785343878651
-1                       5                        1000                     30                       5.521825184609742
-1                       5                        1000                     35                       5.509910496582233
-1                       5                        1000                     40                       5.485270853627336
-1                       5                        1000                     45                       5.44619983744174
-1                       5                        1000                     50                       5.393438234496981
-1                       5                        1000                     55                       5.317527925514382
-1                       5                        1000                     60                       5.219260898934054
-1                       5                        1000                     65                       5.1003930080304825
-1                       5                        1000                     70                       4.952210524220033
-1                       5                        1000                     75                       4.78231117765433
-1                       5                        1000                     80                       4.596886264793637
-1                       5                        1000                     85                       4.395257600209291
-1                       5                        1000                     90                       4.186827780073241
-1                       5                        1000                     95                       3.97851822286187
-1                       5                        1000                     100                      3.775460640106244
-1                       5                        1000                     110                      3.396665068991945
-1                       5                        1000                     120                      3.0667692149757975
-1                       5                        1000                     130                      2.7920053684099386
-1                       5                        1000                     140                      2.5653375734638617
-1                       5                        1000                     150                      2.3752465045856375
-1                       5                        1000                     160                      2.2142260437572014
-1                       5                        1000                     170                      2.071224887230735
-1                       5                        1000                     180                      1.9421903656074262
-1                       5                        1000                     190                      1.8301504493374872
-1                       5                        1000                     200                      1.7290781933099035
-1                       5                        10000                    2                        5.8575898695700275
-1                       5                        10000                    3                        5.636201904219032
-1                       5                        10000                    4                        5.655137360338917
-1                       5                        10000                    5                        5.492981882571354
-1                       5                        10000                    6                        5.545994619695567
-1                       5                        10000                    7                        5.509902821190752
-1                       5                        10000                    8                        5.498439655509357
-1                       5                        10000                    9                        5.520163318527397
-1                       5                        10000                    10                       5.515648555030769
-1                       5                        10000                    15                       5.524140261257542
-1                       5                        10000                    20                       5.523464046166571
-1                       5                        10000                    25                       5.526807833774558
-1                       5                        10000                    30                       5.5218431193867925
-1                       5                        10000                    35                       5.509954183574915
-1                       5                        10000                    40                       5.485329223505077
-1                       5                        10000                    45                       5.446342498063423
-1                       5                        10000                    50                       5.393311928189275
-1                       5                        10000                    55                       5.317119204104501
-1                       5                        10000                    60                       5.216994455627422
-1                       5                        10000                    65                       5.0955110827033145
-1                       5                        10000                    70                       4.941618935553487
-1                       5                        10000                    75                       4.758908266839788
-1                       5                        10000                    80                       4.555531958788937
-1                       5                        10000                    85                       4.327530637512776
-1                       5                        10000                    90                       4.090107532925634
-1                       5                        10000                    95                       3.8574575485202387
-1                       5                        10000                    100                      3.642292861940498
-1                       5                        10000                    110                      3.2743852583142457
-1                       5                        10000                    120                      2.972548790457606
-1                       5                        10000                    130                      2.7219851785771136
-1                       5                        10000                    140                      2.50682051172347
-1                       5                        10000                    150                      2.320459328979113
-1                       5                        10000                    160                      2.159698100802707
-1                       5                        10000                    170                      2.015833038599354
-1                       5                        10000                    180                      1.8855682815643249
-1                       5                        10000                    190                      1.7719918275239448
-1                       5                        10000                    200                      1.6694248290932197
-1                       5                        100000                   2                        5.8575991684694655
-1                       5                        100000                   3                        5.6362526883015
-1                       5                        100000                   4                        5.655341764216039
-1                       5                        100000                   5                        5.493300736613245
-1                       5                        100000                   6                        5.5459919485187665
-1                       5                        100000                   7                        5.509902977410391
-1                       5                        100000                   8                        5.498439704696381
-1                       5                        100000                   9                        5.52016064769983
-1                       5                        100000                   10                       5.515643850788268
-1                       5                        100000                   15                       5.523902513936949
-1                       5                        100000                   20                       5.523543138275257
-1                       5                        100000                   25                       5.527081621092302
-1                       5                        100000                   30                       5.5222727654421275
-1                       5                        100000                   35                       5.510360669920641
-1                       5                        100000                   40                       5.484448851931552
-1                       5                        100000                   45                       5.441200978118309
-1                       5                        100000                   50                       5.369227579629766
-1                       5                        100000                   55                       5.256328673021208
-1                       5                        100000                   60                       5.084171296098863
-1                       5                        100000                   65                       4.872996695188606
-1                       5                        100000                   70                       4.629316710266229
-1                       5                        100000                   75                       4.370832768822973
-1                       5                        100000                   80                       4.126897291344261
-1                       5                        100000                   85                       3.891433315391437
-1                       5                        100000                   90                       3.670872733357248
-1                       5                        100000                   95                       3.4650802765070403
-1                       5                        100000                   100                      3.2754567277992677
-1                       5                        100000                   110                      2.9419127656635773
-1                       5                        100000                   120                      2.655834042435073
-1                       5                        100000                   130                      2.4139361102937404
-1                       5                        100000                   140                      2.2061907404581
-1                       5                        100000                   150                      2.0268758340019324
-1                       5                        100000                   160                      1.8733291323361754
-1                       5                        100000                   170                      1.7379232944506522
-1                       5                        100000                   180                      1.6174268950867217
-1                       5                        100000                   190                      1.5131793998753371
-1                       5                        100000                   200                      1.4205315069091433
-1                       10                       0                        2                        9.424035932133332
-1                       10                       0                        3                        9.102744038534073
-1                       10                       0                        4                        9.102882899471304
-1                       10                       0                        5                        8.875941801862691
-1                       10                       0                        6                        8.931559574913399
-1                       10                       0                        7                        8.785838948711284
-1                       10                       0                        8                        8.751811309951131
-1                       10                       0                        9                        8.841220678164062
-1                       10                       0                        10                       8.824508567592527
-1                       10                       0                        15                       8.814359160986898
-1                       10                       0                        20                       8.739377535548893
-1                       10                       0                        25                       8.660184372675236
-1                       10                       0                        30                       8.522489432539842
-1                       10                       0                        35                       8.339307126993052
-1                       10                       0                        40                       8.096902110062942
-1                       10                       0                        45                       7.799920370503511
-1                       10                       0                        50                       7.468647326078602
-1                       10                       0                        55                       7.080376227505185
-1                       10                       0                        60                       6.668037052082342
-1                       10                       0                        65                       6.255079684499562
-1                       10                       0                        70                       5.828309994101823
-1                       10                       0                        75                       5.426358605765592
-1                       10                       0                        80                       5.060361056584382
-1                       10                       0                        85                       4.718754114877339
-1                       10                       0                        90                       4.409425142289955
-1                       10                       0                        95                       4.133957752923415
-1                       10                       0                        100                      3.887784394236533
-1                       10                       0                        110                      3.4673802838337
-1                       10                       0                        120                      3.1300486512153394
-1                       10                       0                        130                      2.851279419212497
-1                       10                       0                        140                      2.6208974083199346
-1                       10                       0                        150                      2.4212164919903345
-1                       10                       0                        160                      2.251769543715664
-1                       10                       0                        170                      2.102394727957425
-1                       10                       0                        180                      1.9701022362871177
-1                       10                       0                        190                      1.8545335520382202
-1                       10                       0                        200                      1.7515327186567848
-1                       10                       1000                     2                        9.424036196655114
-1                       10                       1000                     3                        9.102745072099909
-1                       10                       1000                     4                        9.102887298721658
-1                       10                       1000                     5                        8.875950888894991
-1                       10                       1000                     6                        8.931559589567101
-1                       10                       1000                     7                        8.785838942808374
-1                       10                       1000                     8                        8.75181130211694
-1                       10                       1000                     9                        8.841220670062446
-1                       10                       1000                     10                       8.824508560012335
-1                       10                       1000                     15                       8.814348977674722
-1                       10                       1000                     20                       8.739378938185594
-1                       10                       1000                     25                       8.660192426801881
-1                       10                       1000                     30                       8.522494562719702
-1                       10                       1000                     35                       8.339321478848978
-1                       10                       1000                     40                       8.096923669099889
-1                       10                       1000                     45                       7.799986705920686
-1                       10                       1000                     50                       7.468675447748017
-1                       10                       1000                     55                       7.080462286503615
-1                       10                       1000                     60                       6.667850181448621
-1                       10                       1000                     65                       6.254858190071929
-1                       10                       1000                     70                       5.827903970812584
-1                       10                       1000                     75                       5.424804740301967
-1                       10                       1000                     80                       5.0581943519590835
-1                       10                       1000                     85                       4.714988200495363
-1                       10                       1000                     90                       4.403240424565266
-1                       10                       1000                     95                       4.123184818628585
-1                       10                       1000                     100                      3.8715219892010055
-1                       10                       1000                     110                      3.442644398197169
-1                       10                       1000                     120                      3.10191216697054
-1                       10                       1000                     130                      2.8303182392475446
-1                       10                       1000                     140                      2.602369147080452
-1                       10                       1000                     150                      2.407815923050172
-1                       10                       1000                     160                      2.2424006053297494
-1                       10                       1000                     170                      2.095299577086619
-1                       10                       1000                     180                      1.9620351828108673
-1                       10                       1000                     190                      1.8469107730266212
-1                       10                       1000                     200                      1.7438799069173239
-1                       10                       10000                    2                        9.424038594259587
-1                       10                       10000                    3                        9.102754384639775
-1                       10                       10000                    4                        9.102926901539682
-1                       10                       10000                    5                        8.876032690417725
-1                       10                       10000                    6                        8.931559673663692
-1                       10                       10000                    7                        8.785838892323556
-1                       10                       10000                    8                        8.751811232894049
-1                       10                       10000                    9                        8.8412204999047
-1                       10                       10000                    10                       8.824508327978192
-1                       10                       10000                    15                       8.814257300520886
-1                       10                       10000                    20                       8.739391279198108
-1                       10                       10000                    25                       8.660258706553854
-1                       10                       10000                    30                       8.522518032751536
-1                       10                       10000                    35                       8.33934972183561
-1                       10                       10000                    40                       8.09678918972888
-1                       10                       10000                    45                       7.79964776155655
-1                       10                       10000                    50                       7.466447456417993
-1                       10                       10000                    55                       7.075288906426256
-1                       10                       10000                    60                       6.653026410866612
-1                       10                       10000                    65                       6.226051625141548
-1                       10                       10000                    70                       5.775144629318112
-1                       10                       10000                    75                       5.334769683612925
-1                       10                       10000                    80                       4.93865171852608
-1                       10                       10000                    85                       4.577023218722949
-1                       10                       10000                    90                       4.263790849992597
-1                       10                       10000                    95                       3.993670453254181
-1                       10                       10000                    100                      3.7589305676805593
-1                       10                       10000                    110                      3.3669203515973254
-1                       10                       10000                    120                      3.0462105584267776
-1                       10                       10000                    130                      2.7814258779290695
-1                       10                       10000                    140                      2.554657685633257
-1                       10                       10000                    150                      2.3590980015024487
-1                       10                       10000                    160                      2.191901373400086
-1                       10                       10000                    170                      2.042958357388126
-1                       10                       10000                    180                      1.9078815228697623
-1                       10                       10000                    190                      1.7908693643643518
-1                       10                       10000                    200                      1.6859906976933206
-1                       10                       100000                   2                        9.424064244056407
-1                       10                       100000                   3                        9.102848544357174
-1                       10                       100000                   4                        9.103323876295184
-1                       10                       100000                   5                        8.876852509602667
-1                       10                       100000                   6                        8.931555783733181
-1                       10                       100000                   7                        8.785838648979128
-1                       10                       100000                   8                        8.751810667857058
-1                       10                       100000                   9                        8.8412091713083
-1                       10                       100000                   10                       8.824489790348634
-1                       10                       100000                   15                       8.813337870806839
-1                       10                       100000                   20                       8.739486673988795
-1                       10                       100000                   25                       8.660306636713464
-1                       10                       100000                   30                       8.52051644921717
-1                       10                       100000                   35                       8.329807741620016
-1                       10                       100000                   40                       8.0645883714641
-1                       10                       100000                   45                       7.715802281389787
-1                       10                       100000                   50                       7.270954947549694
-1                       10                       100000                   55                       6.741096875048205
-1                       10                       100000                   60                       6.182497529156775
-1                       10                       100000                   65                       5.684939910489262
-1                       10                       100000                   70                       5.2328032994141305
-1                       10                       100000                   75                       4.830064022588048
-1                       10                       100000                   80                       4.489893356675132
-1                       10                       100000                   85                       4.1824530362988845
-1                       10                       100000                   90                       3.9074697164154335
-1                       10                       100000                   95                       3.660742928830936
-1                       10                       100000                   100                      3.4393274038193353
-1                       10                       100000                   110                      3.060841942511911
-1                       10                       100000                   120                      2.74456219301575
-1                       10                       100000                   130                      2.4822818031429787
-1                       10                       100000                   140                      2.2593495132112986
-1                       10                       100000                   150                      2.0685581247272817
-1                       10                       100000                   160                      1.906545850549888
-1                       10                       100000                   170                      1.765000664006169
-1                       10                       100000                   180                      1.6389852772399964
-1                       10                       100000                   190                      1.530895725544745
-1                       10                       100000                   200                      1.4353098024042328
-1                       20                       0                        2                        14.792309359834423
-1                       20                       0                        3                        14.332103687810374
-1                       20                       0                        4                        14.15256940872736
-1                       20                       0                        5                        13.804185196709321
-1                       20                       0                        6                        13.873377181116
-1                       20                       0                        7                        13.629412100781323
-1                       20                       0                        8                        13.518475568934923
-1                       20                       0                        9                        13.712497890195657
-1                       20                       0                        10                       13.63745472492872
-1                       20                       0                        15                       13.426339370878912
-1                       20                       0                        20                       12.971015543175815
-1                       20                       0                        25                       12.483486089352892
-1                       20                       0                        30                       11.880545120288506
-1                       20                       0                        35                       11.181044550176196
-1                       20                       0                        40                       10.399522126944651
-1                       20                       0                        45                       9.565540020325395
-1                       20                       0                        50                       8.775926656286291
-1                       20                       0                        55                       7.969408029908202
-1                       20                       0                        60                       7.242909378062899
-1                       20                       0                        65                       6.619642555216215
-1                       20                       0                        70                       6.035164489011692
-1                       20                       0                        75                       5.542036195242466
-1                       20                       0                        80                       5.1287378272453585
-1                       20                       0                        85                       4.7581216513538545
-1                       20                       0                        90                       4.433146186737625
-1                       20                       0                        95                       4.150197082760424
-1                       20                       0                        100                      3.9016891510521647
-1                       20                       0                        110                      3.4796732207393615
-1                       20                       0                        120                      3.1445369939392194
-1                       20                       0                        130                      2.859078646207128
-1                       20                       0                        140                      2.6290670782807952
-1                       20                       0                        150                      2.429845241360778
-1                       20                       0                        160                      2.266575553934872
-1                       20                       0                        170                      2.1135953223369244
-1                       20                       0                        180                      1.9849612581556293
-1                       20                       0                        190                      1.867361632712201
-1                       20                       0                        200                      1.75942960118051
-1                       20                       1000                     2                        14.792310005924351
-1                       20                       1000                     3                        14.332106236557047
-1                       20                       1000                     4                        14.152576024393728
-1                       20                       1000                     5                        13.804195645840831
-1                       20                       1000                     6                        13.873377103851539
-1                       20                       1000                     7                        13.629412095221191
-1                       20                       1000                     8                        13.518475561710442
-1                       20                       1000                     9                        13.712497889237564
-1                       20                       1000                     10                       13.637454729364915
-1                       20                       1000                     15                       13.426312181322471
-1                       20                       1000                     20                       12.971019027696723
-1                       20                       1000                     25                       12.483507478345967
-1                       20                       1000                     30                       11.8805572366825
-1                       20                       1000                     35                       11.181073266389932
-1                       20                       1000                     40                       10.39956645761814
-1                       20                       1000                     45                       9.565696450473022
-1                       20                       1000                     50                       8.775962386543751
-1                       20                       1000                     55                       7.9695706959979855
-1                       20                       1000                     60                       7.242327489376649
-1                       20                       1000                     65                       6.61891353074581
-1                       20                       1000                     70                       6.033862218955898
-1                       20                       1000                     75                       5.538087492442506
-1                       20                       1000                     80                       5.122627561228523
-1                       20                       1000                     85                       4.748606309036873
-1                       20                       1000                     90                       4.4188672198976375
-1                       20                       1000                     95                       4.129176754805374
-1                       20                       1000                     100                      3.876018875063016
-1                       20                       1000                     110                      3.457572255676314
-1                       20                       1000                     120                      3.1232618070440057
-1                       20                       1000                     130                      2.85449609924533
-1                       20                       1000                     140                      2.6249532681704473
-1                       20                       1000                     150                      2.4275983121830618
-1                       20                       1000                     160                      2.2611100468576186
-1                       20                       1000                     170                      2.1117069110862863
-1                       20                       1000                     180                      1.9775136517423255
-1                       20                       1000                     190                      1.860113529298596
-1                       20                       1000                     200                      1.7537428691178312
-1                       20                       10000                    2                        14.792315799614949
-1                       20                       10000                    3                        14.3321291782465
-1                       20                       10000                    4                        14.152635572836175
-1                       20                       10000                    5                        13.80428970917175
-1                       20                       10000                    6                        13.873376391128337
-1                       20                       10000                    7                        13.629412026634377
-1                       20                       10000                    8                        13.518475466212262
-1                       20                       10000                    9                        13.712497532253998
-1                       20                       10000                    10                       13.6374542129418
-1                       20                       10000                    15                       13.426066636079488
-1                       20                       10000                    20                       12.971045113087529
-1                       20                       10000                    25                       12.48366412874458
-1                       20                       10000                    30                       11.880535698419244
-1                       20                       10000                    35                       11.18086887212898
-1                       20                       10000                    40                       10.398595830259072
-1                       20                       10000                    45                       9.56342335620363
-1                       20                       10000                    50                       8.76732940823447
-1                       20                       10000                    55                       7.9509463977085835
-1                       20                       10000                    60                       7.197211387945525
-1                       20                       10000                    65                       6.54301610022462
-1                       20                       10000                    70                       5.923608195248292
-1                       20                       10000                    75                       5.399353745888191
-1                       20                       10000                    80                       4.98363740525946
-1                       20                       10000                    85                       4.6226883197645465
-1                       20                       10000                    90                       4.312795108639708
-1                       20                       10000                    95                       4.043565339352592
-1                       20                       10000                    100                      3.8074096585682127
-1                       20                       10000                    110                      3.4090146351392927
-1                       20                       10000                    120                      3.080700676048768
-1                       20                       10000                    130                      2.811730997418839
-1                       20                       10000                    140                      2.5807140345289072
-1                       20                       10000                    150                      2.381294783536237
-1                       20                       10000                    160                      2.2124066747099826
-1                       20                       10000                    170                      2.060889670076425
-1                       20                       10000                    180                      1.9244717290358697
-1                       20                       10000                    190                      1.805129466984772
-1                       20                       10000                    200                      1.6974273203507968
-1                       20                       100000                   2                        14.792371645409938
-1                       20                       100000                   3                        14.332358888767816
-1                       20                       100000                   4                        14.15323179344188
-1                       20                       100000                   5                        13.805232434301299
-1                       20                       100000                   6                        13.873367546953212
-1                       20                       100000                   7                        13.629409504722963
-1                       20                       100000                   8                        13.518471493885754
-1                       20                       100000                   9                        13.712459474797354
-1                       20                       100000                   10                       13.637393970086718
-1                       20                       100000                   15                       13.423528268241215
-1                       20                       100000                   20                       12.970783896265777
-1                       20                       100000                   25                       12.481685472069925
-1                       20                       100000                   30                       11.867529961904614
-1                       20                       100000                   35                       11.134705450279972
-1                       20                       100000                   40                       10.269147783368563
-1                       20                       100000                   45                       9.28421106676617
-1                       20                       100000                   50                       8.292069507430737
-1                       20                       100000                   55                       7.3704834855494905
-1                       20                       100000                   60                       6.596369654396412
-1                       20                       100000                   65                       5.994025782647892
-1                       20                       100000                   70                       5.468848282409656
-1                       20                       100000                   75                       5.0183801951292635
-1                       20                       100000                   80                       4.646070869978706
-1                       20                       100000                   85                       4.312506716980361
-1                       20                       100000                   90                       4.016002561006033
-1                       20                       100000                   95                       3.7526325836038823
-1                       20                       100000                   100                      3.5182637473638403
-1                       20                       100000                   110                      3.1209731487786043
-1                       20                       100000                   120                      2.790847970883357
-1                       20                       100000                   130                      2.5199675958760657
-1                       20                       100000                   140                      2.2897171688122073
-1                       20                       100000                   150                      2.0932363571867585
-1                       20                       100000                   160                      1.9272308598147416
-1                       20                       100000                   170                      1.7823232224705332
-1                       20                       100000                   180                      1.6532929226306523
-1                       20                       100000                   190                      1.542961532072066
-1                       20                       100000                   200                      1.4457866428672914
0                        0                        0                        2                        3.430063767520482
0                        0                        0                        3                        3.3578885310616227
0                        0                        0                        4                        3.916176815875533
0                        0                        0                        5                        3.313085979753838
0                        0                        0                        6                        3.14799573704636
0                        0                        0                        7                        2.847331547383842
0                        0                        0                        8                        2.8335687969625303
0                        0                        0                        9                        2.8229703488943545
0                        0                        0                        10                       2.8129212333362625
0                        0                        0                        15                       2.763926287121875
0                        0                        0                        20                       2.716619587320884
0                        0                        0                        25                       2.6712236112584833
0                        0                        0                        30                       2.628058523667071
0                        0                        0                        35                       2.5867934801851558
0                        0                        0                        40                       2.5473224126740313
0                        0                        0                        45                       2.5094511863109594
0                        0                        0                        50                       2.4730828872343014
0                        0                        0                        55                       2.4381121724417647
0                        0                        0                        60                       2.404439705784283
0                        0                        0                        65                       2.3719760342866123
0                        0                        0                        70                       2.3406508962919466
0                        0                        0                        75                       2.3103921300501535
0                        0                        0                        80                       2.2811371841815347
0                        0                        0                        85                       2.252824650115198
0                        0                        0                        90                       2.2254421799992636
0                        0                        0                        95                       2.1988611036381385
0                        0                        0                        100                      2.173077346569116
0                        0                        0                        110                      2.1237332233289643
0                        0                        0                        120                      2.0771668586580554
0                        0                        0                        130                      2.033129095900449
0                        0                        0                        140                      1.9914715747932303
0                        0                        0                        150                      1.9517100855153853
0                        0                        0                        160                      1.9151017743925458
0                        0                        0                        170                      1.878997636700415
0                        0                        0                        180                      1.8445641681455005
0                        0                        0                        190                      1.8116861827045576
0                        0                        0                        200                      1.7802179906743736
0                        0                        1000                     2                        3.430057570430725
0                        0                        1000                     3                        3.3578863020794913
0                        0                        1000                     4                        3.9161835793125586
0                        0                        1000                     5                        3.313049447805839
0                        0                        1000                     6                        3.147996825942407
0                        0                        1000                     7                        2.847331606860859
0                        0                        1000                     8                        2.8335688555762175
0                        0                        1000                     9                        2.8229704372436837
0                        0                        1000                     10                       2.812921326074706
0                        0                        1000                     15                       2.7639258408069884
0                        0                        1000                     20                       2.716619346271206
0                        0                        1000                     25                       2.6712238072096097
0                        0                        1000                     30                       2.628057102850961
0                        0                        1000                     35                       2.5867896864458992
0                        0                        1000                     40                       2.5473132328608536
0                        0                        1000                     45                       2.509431065249049
0                        0                        1000                     50                       2.4730426149855576
0                        0                        1000                     55                       2.4380370378403664
0                        0                        1000                     60                       2.404307251621155
0                        0                        1000                     65                       2.3717531746334504
0                        0                        1000                     70                       2.340290438735279
0                        0                        1000                     75                       2.309828904724415
0                        0                        1000                     80                       2.280283198598096
0                        0                        1000                     85                       2.2515635512140473
0                        0                        1000                     90                       2.223625183258533
0                        0                        1000                     95                       2.1962907499597186
0                        0                        1000                     100                      2.169520423910625
0                        0                        1000                     110                      2.1172474423474417
0                        0                        1000                     120                      2.066029291771299
0                        0                        1000                     130                      2.0149840804052865
0                        0                        1000                     140                      1.9632974220398869
0                        0                        1000                     150                      1.9097404668057922
0                        0                        1000                     160                      1.8557925770788009
0                        0                        1000                     170                      1.7971769198757355
0                        0                        1000                     180                      1.7356100693894327
0                        0                        1000                     190                      1.6712138456806676
0                        0                        1000                     200                      1.6043257618439306
0                        0                        10000                    2                        3.43000177544355
0                        0                        10000                    3                        3.35786624531785
0                        0                        10000                    4                        3.9162444614611855
0                        0                        10000                    5                        3.3127209741627386
0                        0                        10000                    6                        3.1480064113590402
0                        0                        10000                    7                        2.84733215733149
0                        0                        10000                    8                        2.83356939734831
0                        0                        10000                    9                        2.8229712415529966
0                        0                        10000                    10                       2.8129221211488136
0                        0                        10000                    15                       2.763920670887882
0                        0                        10000                    20                       2.7166080317156545
0                        0                        10000                    25                       2.671186972862172
0                        0                        10000                    30                       2.62791623186205
0                        0                        10000                    35                       2.5864051228030207
0                        0                        10000                    40                       2.5463919691502177
0                        0                        10000                    45                       2.5074463118090855
0                        0                        10000                    50                       2.469120377749594
0                        0                        10000                    55                       2.4308228786111563
0                        0                        10000                    60                       2.391839704490605
0                        0                        10000                    65                       2.351366116382006
0                        0                        10000                    70                       2.3085947744576476
0                        0                        10000                    75                       2.262806637141177
0                        0                        10000                    80                       2.2134949247075433
0                        0                        10000                    85                       2.1604188620118125
0                        0                        10000                    90                       2.103732822305192
0                        0                        10000                    95                       2.043520808478476
0                        0                        10000                    100                      1.980441053148511
0                        0                        10000                    110                      1.847664093292988
0                        0                        10000                    120                      1.7103690306600554
0                        0                        10000                    130                      1.5734998880056987
0                        0                        10000                    140                      1.4418833796889299
0                        0                        10000                    150                      1.3184098091801102
0                        0                        10000                    160                      1.2098413081623538
0                        0                        10000                    170                      1.109551870126232
0                        0                        10000                    180                      1.0214278559174952
0                        0                        10000                    190                      0.9444348543233101
0                        0                        10000                    200                      0.8771793953800999
0                        0                        100000                   2                        3.429441876763913
0                        0                        100000                   3                        3.357665994618203
0                        0                        100000                   4                        3.9168543992245017
0                        0                        100000                   5                        3.3094674703737126
0                        0                        100000                   6                        3.1480809943023647
0                        0                        100000                   7                        2.8473391647419115
0                        0                        100000                   8                        2.8335762248540606
0                        0                        100000                   9                        2.8229801916088917
0                        0                        100000                   10                       2.8129261535037697
0                        0                        100000                   15                       2.7637558007059
0                        0                        100000                   20                       2.715597952945345
0                        0                        100000                   25                       2.66711361858006
0                        0                        100000                   30                       2.6149461912926646
0                        0                        100000                   35                       2.554444247634821
0                        0                        100000                   40                       2.481444714283394
0                        0                        100000                   45                       2.3951027513838925
0                        0                        100000                   50                       2.2971952892342995
0                        0                        100000                   55                       2.1907334545089863
0                        0                        100000                   60                       2.0793499539963913
0                        0                        100000                   65                       1.9668827261176458
0                        0                        100000                   70                       1.856864122040053
0                        0                        100000                   75                       1.7521002606484597
0                        0                        100000                   80                       1.654375527791166
0                        0                        100000                   85                       1.564171736749088
0                        0                        100000                   90                       1.4818952382826085
0                        0                        100000                   95                       1.405973055981117
0                        0                        100000                   100                      1.336726311376892
0                        0                        100000                   110                      1.2144336300363725
0                        0                        100000                   120                      1.1109847248997697
0                        0                        100000                   130                      1.0225458859146235
0                        0                        100000                   140                      0.9464434659824366
0                        0                        100000                   150                      0.8798847221193639
0                        0                        100000                   160                      0.8236509336985279
0                        0                        100000                   170                      0.7721338645162178
0                        0                        100000                   180                      0.7264527768295027
0                        0                        100000                   190                      0.6855663973132317
0                        0                        100000                   200                      0.6489974728558797
0                        5                        0                        2                        9.116725147776911
0                        5                        0                        3                        8.151582148719239
0                        5                        0                        4                        9.465392114729635
0                        5                        0                        5                        8.308774330400922
0                        5                        0                        6                        8.554288843448958
0                        5                        0                        7                        7.943475856874437
0                        5                        0                        8                        7.865476024686966
0                        5                        0                        9                        7.816486830183579
0                        5                        0                        10                       7.742177725500862
0                        5                        0                        15                       7.424596923493553
0                        5                        0                        20                       7.117527235462978
0                        5                        0                        25                       6.838560764151844
0                        5                        0                        30                       6.584508693888857
0                        5                        0                        35                       6.352797888182459
0                        5                        0                        40                       6.1399479025861945
0                        5                        0                        45                       5.943977580573642
0                        5                        0                        50                       5.76276736010843
0                        5                        0                        55                       5.594513114417489
0                        5                        0                        60                       5.437701258226511
0                        5                        0                        65                       5.291191620389948
0                        5                        0                        70                       5.153946953876326
0                        5                        0                        75                       5.024915773138804
0                        5                        0                        80                       4.903429296074951
0                        5                        0                        85                       4.788740075261398
0                        5                        0                        90                       4.679818767015723
0                        5                        0                        95                       4.5770823900514275
0                        5                        0                        100                      4.479458391083633
0                        5                        0                        110                      4.2990411848565415
0                        5                        0                        120                      4.134502631600029
0                        5                        0                        130                      3.9837682863236696
0                        5                        0                        140                      3.8469576571794226
0                        5                        0                        150                      3.7191756638094042
0                        5                        0                        160                      3.6038157048585937
0                        5                        0                        170                      3.494482178661399
0                        5                        0                        180                      3.3922012120054146
0                        5                        0                        190                      3.2971009411175722
0                        5                        0                        200                      3.2073391937582443
0                        5                        1000                     2                        9.116724705029872
0                        5                        1000                     3                        8.151565844118226
0                        5                        1000                     4                        9.465378954500869
0                        5                        1000                     5                        8.308738508359102
0                        5                        1000                     6                        8.55429102404943
0                        5                        1000                     7                        7.943476056084026
0                        5                        1000                     8                        7.865476223411987
0                        5                        1000                     9                        7.8164871057405225
0                        5                        1000                     10                       7.742178013451399
0                        5                        1000                     15                       7.424595372621849
0                        5                        1000                     20                       7.117526781374061
0                        5                        1000                     25                       6.838558028728789
0                        5                        1000                     30                       6.58450004010428
0                        5                        1000                     35                       6.352774409135266
0                        5                        1000                     40                       6.139895115839966
0                        5                        1000                     45                       5.943867396422501
0                        5                        1000                     50                       5.762556741367278
0                        5                        1000                     55                       5.594134496683713
0                        5                        1000                     60                       5.437057084806632
0                        5                        1000                     65                       5.290141640711688
0                        5                        1000                     70                       5.152300290146046
0                        5                        1000                     75                       5.022418737756707
0                        5                        1000                     80                       4.899743074175826
0                        5                        1000                     85                       4.783438432747313
0                        5                        1000                     90                       4.672328357138578
0                        5                        1000                     95                       4.566790798838859
0                        5                        1000                     100                      4.465510906776935
0                        5                        1000                     110                      4.274733497432548
0                        5                        1000                     120                      4.094387489082477
0                        5                        1000                     130                      3.9205552330781432
0                        5                        1000                     140                      3.7525183475503097
0                        5                        1000                     150                      3.582767232074758
0                        5                        1000                     160                      3.4161017001865934
0                        5                        1000                     170                      3.2429545348277933
0                        5                        1000                     180                      3.0663625245250246
0                        5                        1000                     190                      2.8879822905514847
0                        5                        1000                     200                      2.7079426710874324
0                        5                        10000                    2                        9.116720676014564
0                        5                        10000                    3                        8.151419124494057
0                        5                        10000                    4                        9.465260567107341
0                        5                        10000                    5                        8.30841652532779
0                        5                        10000                    6                        8.554309728170113
0                        5                        10000                    7                        7.943477710991219
0                        5                        10000                    8                        7.865477719942858
0                        5                        10000                    9                        7.8164890966245055
0                        5                        10000                    10                       7.742179652179324
0                        5                        10000                    15                       7.424570995129337
0                        5                        10000                    20                       7.117459873570626
0                        5                        10000                    25                       6.838279452168282
0                        5                        10000                    30                       6.583630294338339
0                        5                        10000                    35                       6.350492236233753
0                        5                        10000                    40                       6.134684118479393
0                        5                        10000                    45                       5.933100354131651
0                        5                        10000                    50                       5.7420968905455405
0                        5                        10000                    55                       5.557853423599117
0                        5                        10000                    60                       5.376494962422634
0                        5                        10000                    65                       5.194305117664786
0                        5                        10000                    70                       5.007920927352694
0                        5                        10000                    75                       4.814635056552104
0                        5                        10000                    80                       4.613072627323994
0                        5                        10000                    85                       4.403208150761432
0                        5                        10000                    90                       4.184911306948185
0                        5                        10000                    95                       3.962909353246328
0                        5                        10000                    100                      3.7378268831008254
0                        5                        10000                    110                      3.2920361813165973
0                        5                        10000                    120                      2.864004196968971
0                        5                        10000                    130                      2.4692936151740192
0                        5                        10000                    140                      2.125304941697701
0                        5                        10000                    150                      1.8275316879490933
0                        5                        10000                    160                      1.587169674816536
0                        5                        10000                    170                      1.38719367973656
0                        5                        10000                    180                      1.2262408262680604
0                        5                        10000                    190                      1.0970325573208792
0                        5                        10000                    200                      0.9921036526977597
0                        5                        100000                   2                        9.116675999389203
0                        5                        100000                   3                        8.14995408702368
0                        5                        100000                   4                        9.464082116997538
0                        5                        100000                   5                        8.30523789961981
0                        5                        100000                   6                        8.554405570569001
0                        5                        100000                   7                        7.943480600157708
0                        5                        100000                   8                        7.865463779421086
0                        5                        100000                   9                        7.816460583191301
0                        5                        100000                   10                       7.742101724863939
0                        5                        100000                   15                       7.42329934767582
0                        5                        100000                   20                       7.110628815109781
0                        5                        100000                   25                       6.811211059373757
0                        5                        100000                   30                       6.503631239287247
0                        5                        100000                   35                       6.1621735175906815
0                        5                        100000                   40                       5.770408945342144
0                        5                        100000                   45                       5.331902649896733
0                        5                        100000                   50                       4.864557920531274
0                        5                        100000                   55                       4.390056948774187
0                        5                        100000                   60                       3.9296416707310473
0                        5                        100000                   65                       3.501007555089796
0                        5                        100000                   70                       3.11688323431866
0                        5                        100000                   75                       2.78298242208091
0                        5                        100000                   80                       2.498746367996986
0                        5                        100000                   85                       2.259173111601721
0                        5                        100000                   90                       2.0568267812483674
0                        5                        100000                   95                       1.8864971003595394
0                        5                        100000                   100                      1.7411879932643224
0                        5                        100000                   110                      1.508246229979467
0                        5                        100000                   120                      1.3295018301352615
0                        5                        100000                   130                      1.1877191163190977
0                        5                        100000                   140                      1.0744113655665963
0                        5                        100000                   150                      0.9795804605059732
0                        5                        100000                   160                      0.9020082943952442
0                        5                        100000                   170                      0.8343260962790292
0                        5                        100000                   180                      0.7759684197387845
0                        5                        100000                   190                      0.7252847789418458
0                        5                        100000                   200                      0.6807390518641214
0                        10                       0                        2                        11.966402171755087
0                        10                       0                        3                        11.315297207114785
0                        10                       0                        4                        11.9696247530601
0                        10                       0                        5                        11.057633890769148
0                        10                       0                        6                        11.387542226056356
0                        10                       0                        7                        10.831365977794796
0                        10                       0                        8                        10.696668409047374
0                        10                       0                        9                        10.594335629631205
0                        10                       0                        10                       10.462868332773212
0                        10                       0                        15                       9.9095372241241
0                        10                       0                        20                       9.390980224828525
0                        10                       0                        25                       8.931005081656952
0                        10                       0                        30                       8.520997102366206
0                        10                       0                        35                       8.153901384060983
0                        10                       0                        40                       7.82189757973727
0                        10                       0                        45                       7.5214609439635804
0                        10                       0                        50                       7.247446108481328
0                        10                       0                        55                       6.99630806842412
0                        10                       0                        60                       6.764865330843397
0                        10                       0                        65                       6.551210212401449
0                        10                       0                        70                       6.35296816195434
0                        10                       0                        75                       6.168090453574391
0                        10                       0                        80                       5.995862078995473
0                        10                       0                        85                       5.83438906404926
0                        10                       0                        90                       5.681461193480426
0                        10                       0                        95                       5.538674108541071
0                        10                       0                        100                      5.404090128329631
0                        10                       0                        110                      5.158831685914262
0                        10                       0                        120                      4.936564866880391
0                        10                       0                        130                      4.735085574346426
0                        10                       0                        140                      4.554125838368156
0                        10                       0                        150                      4.386204578061501
0                        10                       0                        160                      4.235922956622952
0                        10                       0                        170                      4.094549088341759
0                        10                       0                        180                      3.964419947455368
0                        10                       0                        190                      3.843186398610677
0                        10                       0                        200                      3.731603291710716
0                        10                       1000                     2                        11.96640175744891
0                        10                       1000                     3                        11.315282876055981
0                        10                       1000                     4                        11.969607567794986
0                        10                       1000                     5                        11.057605175375395
0                        10                       1000                     6                        11.387543443875932
0                        10                       1000                     7                        10.83136614942618
0                        10                       1000                     8                        10.696668577093243
0                        10                       1000                     9                        10.594335866918694
0                        10                       1000                     10                       10.462868575853138
0                        10                       1000                     15                       9.909532574228765
0                        10                       1000                     20                       9.390979500634224
0                        10                       1000                     25                       8.930998474246147
0                        10                       1000                     30                       8.520982579277215
0                        10                       1000                     35                       8.15386196984715
0                        10                       1000                     40                       7.821814515292392
0                        10                       1000                     45                       7.521289366070125
0                        10                       1000                     50                       7.247122649200855
0                        10                       1000                     55                       6.995734488936442
0                        10                       1000                     60                       6.763905891905274
0                        10                       1000                     65                       6.549658905777132
0                        10                       1000                     70                       6.3505606791862395
0                        10                       1000                     75                       6.1644818816019775
0                        10                       1000                     80                       5.990573816105075
0                        10                       1000                     85                       5.826850944719703
0                        10                       1000                     90                       5.670869157081607
0                        10                       1000                     95                       5.524243731959399
0                        10                       1000                     100                      5.384664506386496
0                        10                       1000                     110                      5.12548058954969
0                        10                       1000                     120                      4.882163754160459
0                        10                       1000                     130                      4.650050721054798
0                        10                       1000                     140                      4.428635169354807
0                        10                       1000                     150                      4.206167399111374
0                        10                       1000                     160                      3.990382309217443
0                        10                       1000                     170                      3.767424201307426
0                        10                       1000                     180                      3.5455041200270903
0                        10                       1000                     190                      3.3209665015301146
0                        10                       1000                     200                      3.1009190697393736
0                        10                       10000                    2                        11.966397959132566
0                        10                       10000                    3                        11.31515390220085
0                        10                       10000                    4                        11.969452977267322
0                        10                       10000                    5                        11.057347148919916
0                        10                       10000                    6                        11.38755414783112
0                        10                       10000                    7                        10.831367380724265
0                        10                       10000                    8                        10.696669476204088
0                        10                       10000                    9                        10.59433701140532
0                        10                       10000                    10                       10.46286895837991
0                        10                       10000                    15                       9.909471818361055
0                        10                       10000                    20                       9.390865217304745
0                        10                       10000                    25                       8.930513564423464
0                        10                       10000                    30                       8.51955245665803
0                        10                       10000                    35                       8.150175532621788
0                        10                       10000                    40                       7.813583388256261
0                        10                       10000                    45                       7.504540671577913
0                        10                       10000                    50                       7.2157552281560555
0                        10                       10000                    55                       6.940856158731532
0                        10                       10000                    60                       6.673487225266062
0                        10                       10000                    65                       6.408163956827945
0                        10                       10000                    70                       6.139680408916216
0                        10                       10000                    75                       5.864144340078902
0                        10                       10000                    80                       5.580073773936107
0                        10                       10000                    85                       5.287426411469163
0                        10                       10000                    90                       4.984540144222973
0                        10                       10000                    95                       4.68141191997657
0                        10                       10000                    100                      4.3774774621317984
0                        10                       10000                    110                      3.7880154827696018
0                        10                       10000                    120                      3.2328936030999667
0                        10                       10000                    130                      2.732554051184958
0                        10                       10000                    140                      2.308722711013379
0                        10                       10000                    150                      1.9493973185384443
0                        10                       10000                    160                      1.667673220417412
0                        10                       10000                    170                      1.4392515196451943
0                        10                       10000                    180                      1.261423924601504
0                        10                       10000                    190                      1.1204298198844942
0                        10                       10000                    200                      1.009190586531504
0                        10                       100000                   2                        11.966353089077687
0                        10                       100000                   3                        11.313864727942622
0                        10                       100000                   4                        11.967914695715828
0                        10                       100000                   5                        11.054807768021593
0                        10                       100000                   6                        11.38763580339688
0                        10                       100000                   7                        10.831348669460157
0                        10                       100000                   8                        10.696617754738064
0                        10                       100000                   9                        10.594250348488698
0                        10                       100000                   10                       10.462694110699372
0                        10                       100000                   15                       9.906997142597385
0                        10                       100000                   20                       9.3791544985689
0                        10                       100000                   25                       8.885009303813034
0                        10                       100000                   30                       8.388347531216983
0                        10                       100000                   35                       7.847543526099427
0                        10                       100000                   40                       7.2396217660438875
0                        10                       100000                   45                       6.574346611049539
0                        10                       100000                   50                       5.882154116737891
0                        10                       100000                   55                       5.197433643622472
0                        10                       100000                   60                       4.551448725797453
0                        10                       100000                   65                       3.96755419704159
0                        10                       100000                   70                       3.460440663057353
0                        10                       100000                   75                       3.033659754217121
0                        10                       100000                   80                       2.6818114427029136
0                        10                       100000                   85                       2.394166826104177
0                        10                       100000                   90                       2.1566132001782092
0                        10                       100000                   95                       1.9626226789774162
0                        10                       100000                   100                      1.8002742025271707
0                        10                       100000                   110                      1.5465911283911664
0                        10                       100000                   120                      1.3554931683686948
0                        10                       100000                   130                      1.2059831173713706
0                        10                       100000                   140                      1.0881362296059491
0                        10                       100000                   150                      0.9897811206429576
0                        10                       100000                   160                      0.9096109808209767
0                        10                       100000                   170                      0.840393678013217
0                        10                       100000                   180                      0.780832110671125
0                        10                       100000                   190                      0.7292447444955367
0                        10                       100000                   200                      0.6840141595253205
0                        20                       0                        2                        15.730332507863004
0                        20                       0                        3                        15.20709559295815
0                        20                       0                        4                        15.433930964043537
0                        20                       0                        5                        14.67990258347755
0                        20                       0                        6                        15.076259383444265
0                        20                       0                        7                        14.57245039907746
0                        20                       0                        8                        14.342556952432012
0                        20                       0                        9                        14.149681835771364
0                        20                       0                        10                       13.923862026653461
0                        20                       0                        15                       13.003699653396987
0                        20                       0                        20                       12.161190603558406
0                        20                       0                        25                       11.435322839037806
0                        20                       0                        30                       10.802615337448602
0                        20                       0                        35                       10.247833151037648
0                        20                       0                        40                       9.752324089877618
0                        20                       0                        45                       9.314334867608942
0                        20                       0                        50                       8.918733883570335
0                        20                       0                        55                       8.561758506139949
0                        20                       0                        60                       8.235270850525842
0                        20                       0                        65                       7.938974649004389
0                        20                       0                        70                       7.665853587152991
0                        20                       0                        75                       7.4126480613069665
0                        20                       0                        80                       7.1796121238082495
0                        20                       0                        85                       6.962262496374397
0                        20                       0                        90                       6.756593233550686
0                        20                       0                        95                       6.566383583145322
0                        20                       0                        100                      6.389254744146643
0                        20                       0                        110                      6.070407650502947
0                        20                       0                        120                      5.7834251325151484
0                        20                       0                        130                      5.526554123186892
0                        20                       0                        140                      5.296382264146687
0                        20                       0                        150                      5.082479987980277
0                        20                       0                        160                      4.890461874296775
0                        20                       0                        170                      4.7153099566185706
0                        20                       0                        180                      4.5373138384203315
0                        20                       0                        190                      4.383521215570993
0                        20                       0                        200                      4.171272731646537
0                        20                       1000                     2                        15.730330981814005
0                        20                       1000                     3                        15.207082763079388
0                        20                       1000                     4                        15.433917023330428
0                        20                       1000                     5                        14.679889652322048
0                        20                       1000                     6                        15.07625933179546
0                        20                       1000                     7                        14.572450511864913
0                        20                       1000                     8                        14.342557056648069
0                        20                       1000                     9                        14.149681984602255
0                        20                       1000                     10                       13.92386216990329
0                        20                       1000                     15                       13.003686700477962
0                        20                       1000                     20                       12.161188963831128
0                        20                       1000                     25                       11.43531177146245
0                        20                       1000                     30                       10.802592802101056
0                        20                       1000                     35                       10.247771012640012
0                        20                       1000                     40                       9.75220406818009
0                        20                       1000                     45                       9.314079568529765
0                        20                       1000                     50                       8.91825722404325
0                        20                       1000                     55                       8.560931435811593
0                        20                       1000                     60                       8.233910603969324
0                        20                       1000                     65                       7.936795840211811
0                        20                       1000                     70                       7.662508355582334
0                        20                       1000                     75                       7.407691274994033
0                        20                       1000                     80                       7.172387613002404
0                        20                       1000                     85                       6.952054765850604
0                        20                       1000                     90                       6.742324270422752
0                        20                       1000                     95                       6.546935531069655
0                        20                       1000                     100                      6.363396382631616
0                        20                       1000                     110                      6.026807965046974
0                        20                       1000                     120                      5.71293955522471
0                        20                       1000                     130                      5.418008665464304
0                        20                       1000                     140                      5.138099533485147
0                        20                       1000                     150                      4.859505715298302
0                        20                       1000                     160                      4.5878198825440375
0                        20                       1000                     170                      4.31580543477288
0                        20                       1000                     180                      4.038954598267193
0                        20                       1000                     190                      3.760681512025425
0                        20                       1000                     200                      3.3975699219949185
0                        20                       10000                    2                        15.730317138990385
0                        20                       10000                    3                        15.206967291904974
0                        20                       10000                    4                        15.43379164982179
0                        20                       10000                    5                        14.679773667037471
0                        20                       10000                    6                        15.076258904965366
0                        20                       10000                    7                        14.572450941287878
0                        20                       10000                    8                        14.342556888242678
0                        20                       10000                    9                        14.149681523910772
0                        20                       10000                    10                       13.923860289902123
0                        20                       10000                    15                       13.003537598150071
0                        20                       10000                    20                       12.160996980638295
0                        20                       10000                    25                       11.43453206519265
0                        20                       10000                    30                       10.800357998114677
0                        20                       10000                    35                       10.242111988047373
0                        20                       10000                    40                       9.739890257738296
0                        20                       10000                    45                       9.289320112609238
0                        20                       10000                    50                       8.872535914123011
0                        20                       10000                    55                       8.482059944189139
0                        20                       10000                    60                       8.105621872714716
0                        20                       10000                    65                       7.73823622061516
0                        20                       10000                    70                       7.369575070585642
0                        20                       10000                    75                       6.994728953973214
0                        20                       10000                    80                       6.612677423900885
0                        20                       10000                    85                       6.2230351869527265
0                        20                       10000                    90                       5.820876373253943
0                        20                       10000                    95                       5.42287545913679
0                        20                       10000                    100                      5.0316522637250225
0                        20                       10000                    110                      4.286718790973397
0                        20                       10000                    120                      3.5959068471882603
0                        20                       10000                    130                      2.9887418624465902
0                        20                       10000                    140                      2.483806537266378
0                        20                       10000                    150                      2.066595917044569
0                        20                       10000                    160                      1.7471269921565693
0                        20                       10000                    170                      1.4893502389689854
0                        20                       10000                    180                      1.295974791928529
0                        20                       10000                    190                      1.1424929077264785
0                        20                       10000                    200                      1.0131104043765444
0                        20                       100000                   2                        15.730167980579163
0                        20                       100000                   3                        15.205812359246769
0                        20                       100000                   4                        15.432547129237147
0                        20                       100000                   5                        14.678653005043202
0                        20                       100000                   6                        15.076258398807846
0                        20                       100000                   7                        14.572397256925681
0                        20                       100000                   8                        14.342445684194827
0                        20                       100000                   9                        14.14949872583219
0                        20                       100000                   10                       13.92352781724391
0                        20                       100000                   15                       12.998834882581418
0                        20                       100000                   20                       12.141703011266577
0                        20                       100000                   25                       11.361745031048752
0                        20                       100000                   30                       10.595328010280522
0                        20                       100000                   35                       9.779377309549742
0                        20                       100000                   40                       8.881097151035707
0                        20                       100000                   45                       7.922117781037118
0                        20                       100000                   50                       6.947184081499445
0                        20                       100000                   55                       6.008658532912239
0                        20                       100000                   60                       5.147063539599479
0                        20                       100000                   65                       4.391158394671803
0                        20                       100000                   70                       3.753937503972288
0                        20                       100000                   75                       3.2348319770022704
0                        20                       100000                   80                       2.818887015741635
0                        20                       100000                   85                       2.489241945513423
0                        20                       100000                   90                       2.2224227212720065
0                        20                       100000                   95                       2.0102232681819947
0                        20                       100000                   100                      1.836066479110555
0                        20                       100000                   110                      1.5693718298356285
0                        20                       100000                   120                      1.3706585805569906
0                        20                       100000                   130                      1.2173321722855859
0                        20                       100000                   140                      1.0968502952620613
0                        20                       100000                   150                      0.9965544846196902
0                        20                       100000                   160                      0.9149018195352467
0                        20                       100000                   170                      0.8449399954368261
0                        20                       100000                   180                      0.7844904957239426
0                        20                       100000                   190                      0.7323197227568992
0                        20                       100000                   200                      0.6866858812469268
1                        0                        0                        2                        1.6275637954404631
1                        0                        0                        3                        1.71655601849821
1                        0                        0                        4                        2.0737391464880384
1                        0                        0                        5                        1.8002572356512123
1                        0                        0                        6                        1.6505035049464984
1                        0                        0                        7                        1.610668480020583
1                        0                        0                        8                        1.6083031755284647
1                        0                        0                        9                        1.603844534597614
1                        0                        0                        10                       1.6035241148523551
1                        0                        0                        15                       1.6000185689418507
1                        0                        0                        20                       1.5996859981045697
1                        0                        0                        25                       1.6005362014532785
1                        0                        0                        30                       1.6000226352194455
1                        0                        0                        35                       1.6004691007203724
1                        0                        0                        40                       1.6003145109321981
1                        0                        0                        45                       1.5996682178520825
1                        0                        0                        50                       1.5997901529085534
1                        0                        0                        55                       1.5992293659048828
1                        0                        0                        60                       1.5988850797863576
1                        0                        0                        65                       1.5986436387982434
1                        0                        0                        70                       1.5979541124560164
1                        0                        0                        75                       1.597227896789574
1                        0                        0                        80                       1.5963260206876748
1                        0                        0                        85                       1.595030959269819
1                        0                        0                        90                       1.5933375656036608
1                        0                        0                        95                       1.5911312561727744
1                        0                        0                        100                      1.5882962490915573
1                        0                        0                        110                      1.5800140646624101
1                        0                        0                        120                      1.5669657575212992
1                        0                        0                        130                      1.5471175708296943
1                        0                        0                        140                      1.5188111143238459
1                        0                        0                        150                      1.4813040210828738
1                        0                        0                        160                      1.4392568444881793
1                        0                        0                        170                      1.3926379789848493
1                        0                        0                        180                      1.3467180276653614
1                        0                        0                        190                      1.3025275867794046
1                        0                        0                        200                      1.2602522486985945
1                        0                        1000                     2                        1.6275641486035435
1                        0                        1000                     3                        1.7165582580435241
1                        0                        1000                     4                        2.07375297156343
1                        0                        1000                     5                        1.8002671918629891
1                        0                        1000                     6                        1.6505014253431023
1                        0                        1000                     7                        1.6106684920557022
1                        0                        1000                     8                        1.6083031870827524
1                        0                        1000                     9                        1.603844548957296
1                        0                        1000                     10                       1.603524149674763
1                        0                        1000                     15                       1.600018280913701
1                        0                        1000                     20                       1.599685970483938
1                        0                        1000                     25                       1.600535958096528
1                        0                        1000                     30                       1.6000225855759675
1                        0                        1000                     35                       1.600468733860563
1                        0                        1000                     40                       1.6003138684468645
1                        0                        1000                     45                       1.5996665413555111
1                        0                        1000                     50                       1.5997866439471236
1                        0                        1000                     55                       1.599222290583714
1                        0                        1000                     60                       1.5988722367113908
1                        0                        1000                     65                       1.5986183243296292
1                        0                        1000                     70                       1.5979088653041795
1                        0                        1000                     75                       1.5971500086972787
1                        0                        1000                     80                       1.5961871756603867
1                        0                        1000                     85                       1.5947955407642262
1                        0                        1000                     90                       1.5929437277720029
1                        0                        1000                     95                       1.5904839739008885
1                        0                        1000                     100                      1.5872404723988103
1                        0                        1000                     110                      1.577280780941873
1                        0                        1000                     120                      1.5603428319841193
1                        0                        1000                     130                      1.5330793267177467
1                        0                        1000                     140                      1.4959805270638373
1                        0                        1000                     150                      1.4537179071176252
1                        0                        1000                     160                      1.412870835962365
1                        0                        1000                     170                      1.3708931189517917
1                        0                        1000                     180                      1.329567667300339
1                        0                        1000                     190                      1.2885084454837705
1                        0                        1000                     200                      1.248140228613054
1                        0                        10000                    2                        1.627567326919949
1                        0                        10000                    3                        1.7165784120576277
1                        0                        10000                    4                        2.073877390317136
1                        0                        10000                    5                        1.8003568184443282
1                        0                        10000                    6                        1.6504827381233256
1                        0                        10000                    7                        1.6106685531524303
1                        0                        10000                    8                        1.6083032059536229
1                        0                        10000                    9                        1.6038447405667715
1                        0                        10000                    10                       1.6035245638692208
1                        0                        10000                    15                       1.6000158456468807
1                        0                        10000                    20                       1.5996857335658983
1                        0                        10000                    25                       1.600532531732931
1                        0                        10000                    30                       1.6000164823296372
1                        0                        10000                    35                       1.6004457628953688
1                        0                        10000                    40                       1.6002541141103706
1                        0                        10000                    45                       1.5995254145746847
1                        0                        10000                    50                       1.599467401080175
1                        0                        10000                    55                       1.59858871163024
1                        0                        10000                    60                       1.5976697387260268
1                        0                        10000                    65                       1.5963813255713053
1                        0                        10000                    70                       1.5941372091457071
1                        0                        10000                    75                       1.5910163036168146
1                        0                        10000                    80                       1.5865269576321557
1                        0                        10000                    85                       1.580586002122461
1                        0                        10000                    90                       1.5730473624934227
1                        0                        10000                    95                       1.5639012310732205
1                        0                        10000                    100                      1.5532228210584687
1                        0                        10000                    110                      1.5280090651932396
1                        0                        10000                    120                      1.4980813679591012
1                        0                        10000                    130                      1.4645163283640863
1                        0                        10000                    140                      1.428843481685889
1                        0                        10000                    150                      1.3908492463448103
1                        0                        10000                    160                      1.3524880237195909
1                        0                        10000                    170                      1.3130460227635474
1                        0                        10000                    180                      1.273339809158366
1                        0                        10000                    190                      1.233519338885758
1                        0                        10000                    200                      1.1941605177274461
1                        0                        100000                   2                        1.6275990950208776
1                        0                        100000                   3                        1.7167797640372298
1                        0                        100000                   4                        2.075120885548909
1                        0                        100000                   5                        1.801255131706996
1                        0                        100000                   6                        1.6502987596077303
1                        0                        100000                   7                        1.610664489519548
1                        0                        100000                   8                        1.6082949687734065
1                        0                        100000                   9                        1.6038528305011275
1                        0                        100000                   10                       1.603538680180634
1                        0                        100000                   15                       1.6000067702072915
1                        0                        100000                   20                       1.5996847708863111
1                        0                        100000                   25                       1.6003816149977614
1                        0                        100000                   30                       1.5994475376283623
1                        0                        100000                   35                       1.5986513534401026
1                        0                        100000                   40                       1.596145310538828
1                        0                        100000                   45                       1.592002274844482
1                        0                        100000                   50                       1.586431606860191
1                        0                        100000                   55                       1.5799195928181875
1                        0                        100000                   60                       1.572059222678981
1                        0                        100000                   65                       1.5612764342135201
1                        0                        100000                   70                       1.5522783845017327
1                        0                        100000                   75                       1.5410833526553191
1                        0                        100000                   80                       1.525667797919483
1                        0                        100000                   85                       1.51187031704574
1                        0                        100000                   90                       1.497235997772718
1                        0                        100000                   95                       1.4817734408574268
1                        0                        100000                   100                      1.465629272142028
1                        0                        100000                   110                      1.4376508905817422
1                        0                        100000                   120                      1.402716141265994
1                        0                        100000                   130                      1.3656427157553925
1                        0                        100000                   140                      1.3291452889073945
1                        0                        100000                   150                      1.2908736186966718
1                        0                        100000                   160                      1.2411689799824381
1                        0                        100000                   170                      1.2035498451702362
1                        0                        100000                   180                      1.163830568712368
1                        0                        100000                   190                      1.1207649993938233
1                        0                        100000                   200                      0.7021156876816986
1                        5                        0                        2                        3.013637933704473
1                        5                        0                        3                        3.3727668372680943
1                        5                        0                        4                        2.723059649313859
1                        5                        0                        5                        3.0149482039934443
1                        5                        0                        6                        3.068249039421217
1                        5                        0                        7                        3.067417349510879
1                        5                        0                        8                        3.0681332951264495
1                        5                        0                        9                        3.078184360431771
1                        5                        0                        10                       3.0784772223446555
1                        5                        0                        15                       3.0716337086006145
1                        5                        0                        20                       3.061932611974397
1                        5                        0                        25                       3.0569250007079605
1                        5                        0                        30                       3.044077024403768
1                        5                        0                        35                       3.0371302710225905
1                        5                        0                        40                       3.0288181347857375
1                        5                        0                        45                       3.021654243259614
1                        5                        0                        50                       3.017704157984684
1                        5                        0                        55                       3.0158755244802298
1                        5                        0                        60                       3.0166952660995303
1                        5                        0                        65                       3.0198978416089317
1                        5                        0                        70                       3.0292593509361643
1                        5                        0                        75                       3.040897745489549
1                        5                        0                        80                       3.0467284720750922
1                        5                        0                        85                       3.0303535728592546
1                        5                        0                        90                       2.9804121683854783
1                        5                        0                        95                       2.9015204319483403
1                        5                        0                        100                      2.8066507464812993
1                        5                        0                        110                      2.601010473100085
1                        5                        0                        120                      2.4056891960606817
1                        5                        0                        130                      2.2276008814953627
1                        5                        0                        140                      2.0722147404304083
1                        5                        0                        150                      1.9320272531112057
1                        5                        0                        160                      1.8133767753106047
1                        5                        0                        170                      1.7030809229516495
1                        5                        0                        180                      1.60512547567137
1                        5                        0                        190                      1.5164970680666643
1                        5                        0                        200                      1.4367146646304934
1                        5                        1000                     2                        3.0136369701857717
1                        5                        1000                     3                        3.372766761796526
1                        5                        1000                     4                        2.723060876186508
1                        5                        1000                     5                        3.014948367619875
1                        5                        1000                     6                        3.0682488844195706
1                        5                        1000                     7                        3.067417349797618
1                        5                        1000                     8                        3.068133295303755
1                        5                        1000                     9                        3.0781843606055044
1                        5                        1000                     10                       3.0784772221602466
1                        5                        1000                     15                       3.071633724978149
1                        5                        1000                     20                       3.0619325266116775
1                        5                        1000                     25                       3.056924733193374
1                        5                        1000                     30                       3.0440767143239635
1                        5                        1000                     35                       3.0371291586756457
1                        5                        1000                     40                       3.0288165086673193
1                        5                        1000                     45                       3.021651021334603
1                        5                        1000                     50                       3.0177016477371716
1                        5                        1000                     55                       3.0158781518369757
1                        5                        1000                     60                       3.0167305115985217
1                        5                        1000                     65                       3.0199927601663923
1                        5                        1000                     70                       3.029582336070953
1                        5                        1000                     75                       3.041903073415326
1                        5                        1000                     80                       3.0483970936813556
1                        5                        1000                     85                       3.030376861657419
1                        5                        1000                     90                       2.976785800090215
1                        5                        1000                     95                       2.896241474196859
1                        5                        1000                     100                      2.80124941122938
1                        5                        1000                     110                      2.5958452989405036
1                        5                        1000                     120                      2.4009702237027812
1                        5                        1000                     130                      2.2228919913006853
1                        5                        1000                     140                      2.0672552730614315
1                        5                        1000                     150                      1.9269136616069125
1                        5                        1000                     160                      1.8078449401176366
1                        5                        1000                     170                      1.6973582663461302
1                        5                        1000                     180                      1.5992073865799048
1                        5                        1000                     190                      1.5103906054678722
1                        5                        1000                     200                      1.430417793878844
1                        5                        10000                    2                        3.013628298148167
1                        5                        10000                    3                        3.372766075215254
1                        5                        10000                    4                        2.7230719262619494
1                        5                        10000                    5                        3.014949840798255
1                        5                        10000                    6                        3.0682475455040414
1                        5                        10000                    7                        3.067417334145705
1                        5                        10000                    8                        3.0681332648392448
1                        5                        10000                    9                        3.0781843057934597
1                        5                        10000                    10                       3.078477127536577
1                        5                        10000                    15                       3.0716335608756604
1                        5                        10000                    20                       3.061930453234509
1                        5                        10000                    25                       3.0569165586182203
1                        5                        10000                    30                       3.0440599855330572
1                        5                        10000                    35                       3.037081525421006
1                        5                        10000                    40                       3.028737367459473
1                        5                        10000                    45                       3.0216019285847637
1                        5                        10000                    50                       3.017725023829343
1                        5                        10000                    55                       3.016615021967304
1                        5                        10000                    60                       3.0194584371973514
1                        5                        10000                    65                       3.026524775642351
1                        5                        10000                    70                       3.043155722924056
1                        5                        10000                    75                       3.0577980192681524
1                        5                        10000                    80                       3.0526087258233723
1                        5                        10000                    85                       3.0189286962796085
1                        5                        10000                    90                       2.954998930922629
1                        5                        10000                    95                       2.868074246615158
1                        5                        10000                    100                      2.7689156356037317
1                        5                        10000                    110                      2.5610962365604495
1                        5                        10000                    120                      2.363951199716244
1                        5                        10000                    130                      2.184377644580242
1                        5                        10000                    140                      2.0275497517280185
1                        5                        10000                    150                      1.8862387659986712
1                        5                        10000                    160                      1.764409321119666
1                        5                        10000                    170                      1.6531897694979687
1                        5                        10000                    180                      1.5543720932077982
1                        5                        10000                    190                      1.4650353033033017
1                        5                        10000                    200                      1.384598959528691
1                        5                        100000                   2                        3.013541541179326
1                        5                        100000                   3                        3.3727584828477015
1                        5                        100000                   4                        2.7231832403953846
1                        5                        100000                   5                        3.0149646260351495
1                        5                        100000                   6                        3.0682397098866345
1                        5                        100000                   7                        3.0674153728603417
1                        5                        100000                   8                        3.0681297865480714
1                        5                        100000                   9                        3.0781781775303174
1                        5                        100000                   10                       3.0784669807384932
1                        5                        100000                   15                       3.0716011373728875
1                        5                        100000                   20                       3.061781383160684
1                        5                        100000                   25                       3.0562763389840746
1                        5                        100000                   30                       3.0425860388219497
1                        5                        100000                   35                       3.0332973695897723
1                        5                        100000                   40                       3.0224975109530448
1                        5                        100000                   45                       3.016693927562974
1                        5                        100000                   50                       3.009638242298091
1                        5                        100000                   55                       3.0178216436212093
1                        5                        100000                   60                       3.028632315054312
1                        5                        100000                   65                       3.026132447083855
1                        5                        100000                   70                       3.041377651632481
1                        5                        100000                   75                       3.0222172727724996
1                        5                        100000                   80                       2.948577146468
1                        5                        100000                   85                       2.865376350962571
1                        5                        100000                   90                       2.7650486355220165
1                        5                        100000                   95                       2.654638483965088
1                        5                        100000                   100                      2.5426657005914612
1                        5                        100000                   110                      2.3481425964169507
1                        5                        100000                   120                      2.1550494369987527
1                        5                        100000                   130                      1.9836914699108015
1                        5                        100000                   140                      1.835802638520591
1                        5                        100000                   150                      1.7046745401123697
1                        5                        100000                   160                      1.5763241802248718
1                        5                        100000                   170                      1.4756945508217347
1                        5                        100000                   180                      1.3866900256509416
1                        5                        100000                   190                      1.3071703308236975
1                        5                        100000                   200                      1.235525623664952
1                        10                       0                        2                        4.945966907172851
1                        10                       0                        3                        4.691061794099864
1                        10                       0                        4                        5.008820088165185
1                        10                       0                        5                        4.843195909293185
1                        10                       0                        6                        4.909756199942775
1                        10                       0                        7                        4.929242323688691
1                        10                       0                        8                        4.926341674770895
1                        10                       0                        9                        4.950767397056001
1                        10                       0                        10                       4.947032675028006
1                        10                       0                        15                       4.912960409407161
1                        10                       0                        20                       4.876762432626871
1                        10                       0                        25                       4.852542122523299
1                        10                       0                        30                       4.823949744872028
1                        10                       0                        35                       4.806900785852978
1                        10                       0                        40                       4.799579864210439
1                        10                       0                        45                       4.809966000817484
1                        10                       0                        50                       4.814259719647666
1                        10                       0                        55                       4.790572688321709
1                        10                       0                        60                       4.669489671836149
1                        10                       0                        65                       4.467997835758106
1                        10                       0                        70                       4.226582450008364
1                        10                       0                        75                       3.98673472388315
1                        10                       0                        80                       3.7664160287887127
1                        10                       0                        85                       3.55570802632003
1                        10                       0                        90                       3.3590807245356293
1                        10                       0                        95                       3.182851428441784
1                        10                       0                        100                      3.0204950647909734
1                        10                       0                        110                      2.7330738096467746
1                        10                       0                        120                      2.4945551719987438
1                        10                       0                        130                      2.289817753168277
1                        10                       0                        140                      2.119632041913583
1                        10                       0                        150                      1.9689958798073957
1                        10                       0                        160                      1.842517622988131
1                        10                       0                        170                      1.7269889633989481
1                        10                       0                        180                      1.6241133208260599
1                        10                       0                        190                      1.532655261622073
1                        10                       0                        200                      1.4507682199856078
1                        10                       1000                     2                        4.945966620225224
1                        10                       1000                     3                        4.691062254580236
1                        10                       1000                     4                        5.008824510121632
1                        10                       1000                     5                        4.8431955103144295
1                        10                       1000                     6                        4.909756356624103
1                        10                       1000                     7                        4.9292423318672505
1                        10                       1000                     8                        4.926341683079833
1                        10                       1000                     9                        4.950767404659701
1                        10                       1000                     10                       4.947032682324349
1                        10                       1000                     15                       4.912960114969845
1                        10                       1000                     20                       4.87676226972343
1                        10                       1000                     25                       4.852539713971179
1                        10                       1000                     30                       4.8239486031314955
1                        10                       1000                     35                       4.806895488699423
1                        10                       1000                     40                       4.799576224014972
1                        10                       1000                     45                       4.809956853489795
1                        10                       1000                     50                       4.814260933337836
1                        10                       1000                     55                       4.790254417680776
1                        10                       1000                     60                       4.667059909132688
1                        10                       1000                     65                       4.459325785373917
1                        10                       1000                     70                       4.216448812093075
1                        10                       1000                     75                       3.979538536416013
1                        10                       1000                     80                       3.7599855753998113
1                        10                       1000                     85                       3.5501886140736785
1                        10                       1000                     90                       3.354556950209483
1                        10                       1000                     95                       3.1781462021927984
1                        10                       1000                     100                      3.016047851989983
1                        10                       1000                     110                      2.7279233910091496
1                        10                       1000                     120                      2.4900830421392195
1                        10                       1000                     130                      2.285204107547908
1                        10                       1000                     140                      2.114924415026528
1                        10                       1000                     150                      1.963092997346106
1                        10                       1000                     160                      1.837128757743876
1                        10                       1000                     170                      1.721402939212925
1                        10                       1000                     180                      1.6196264250503358
1                        10                       1000                     190                      1.5274891943555897
1                        10                       1000                     200                      1.444809937605599
1                        10                       10000                    2                        4.945964035143286
1                        10                       10000                    3                        4.691066402784457
1                        10                       10000                    4                        5.0088643024011885
1                        10                       10000                    5                        4.843191920625194
1                        10                       10000                    6                        4.909757577121078
1                        10                       10000                    7                        4.929242368855227
1                        10                       10000                    8                        4.926341691315042
1                        10                       10000                    9                        4.950767343820419
1                        10                       10000                    10                       4.9470325267038655
1                        10                       10000                    15                       4.912956405014393
1                        10                       10000                    20                       4.876756000371711
1                        10                       10000                    25                       4.852498590641425
1                        10                       10000                    30                       4.823904857220829
1                        10                       10000                    35                       4.806801782309029
1                        10                       10000                    40                       4.799722689826465
1                        10                       10000                    45                       4.811435366141893
1                        10                       10000                    50                       4.817163133321934
1                        10                       10000                    55                       4.7813134300259
1                        10                       10000                    60                       4.6371906682559345
1                        10                       10000                    65                       4.4237394206287535
1                        10                       10000                    70                       4.1840500619528935
1                        10                       10000                    75                       3.9468242373769304
1                        10                       10000                    80                       3.7240706750820385
1                        10                       10000                    85                       3.513624031061465
1                        10                       10000                    90                       3.317527722763178
1                        10                       10000                    95                       3.140720701922419
1                        10                       10000                    100                      2.9782429388421394
1                        10                       10000                    110                      2.6915772244198437
1                        10                       10000                    120                      2.4528869088320784
1                        10                       10000                    130                      2.2470298891920146
1                        10                       10000                    140                      2.075776976809131
1                        10                       10000                    150                      1.9230298716857581
1                        10                       10000                    160                      1.7944931787106173
1                        10                       10000                    170                      1.677972288457684
1                        10                       10000                    180                      1.5754097173275647
1                        10                       10000                    190                      1.482692877469352
1                        10                       10000                    200                      1.3994998585716008
1                        10                       100000                   2                        4.945937931308177
1                        10                       100000                   3                        4.6911082688426
1                        10                       100000                   4                        5.00926169482571
1                        10                       100000                   5                        4.843156134595363
1                        10                       100000                   6                        4.909751008247714
1                        10                       100000                   7                        4.929239113653688
1                        10                       100000                   8                        4.926335186326005
1                        10                       100000                   9                        4.950753939513658
1                        10                       100000                   10                       4.947009069113858
1                        10                       100000                   15                       4.9128146302390086
1                        10                       100000                   20                       4.876221199823596
1                        10                       100000                   25                       4.850205585613078
1                        10                       100000                   30                       4.820264053188067
1                        10                       100000                   35                       4.800470566160709
1                        10                       100000                   40                       4.797703755188485
1                        10                       100000                   45                       4.816210009680282
1                        10                       100000                   50                       4.7577042550196085
1                        10                       100000                   55                       4.643171883254074
1                        10                       100000                   60                       4.435770472211989
1                        10                       100000                   65                       4.164655705397584
1                        10                       100000                   70                       3.929957772807172
1                        10                       100000                   75                       3.6887299911463676
1                        10                       100000                   80                       3.4438678413939545
1                        10                       100000                   85                       3.2365893718574124
1                        10                       100000                   90                       3.0458893948013945
1                        10                       100000                   95                       2.875072290540497
1                        10                       100000                   100                      2.7189362650831796
1                        10                       100000                   110                      2.4631336514181603
1                        10                       100000                   120                      2.2365051682387733
1                        10                       100000                   130                      2.0420462817856913
1                        10                       100000                   140                      1.8815186408934401
1                        10                       100000                   150                      1.7397834717700993
1                        10                       100000                   160                      1.6088967638404943
1                        10                       100000                   170                      1.502705808748737
1                        10                       100000                   180                      1.4099154542208556
1                        10                       100000                   190                      1.3269878361657395
1                        10                       100000                   200                      1.2524532013520273
1                        20                       0                        2                        8.182572295020966
1                        20                       0                        3                        8.049628370179262
1                        20                       0                        4                        8.293706306920216
1                        20                       0                        5                        7.88775283338463
1                        20                       0                        6                        7.972066936770766
1                        20                       0                        7                        7.88886767883155
1                        20                       0                        8                        7.86934063802022
1                        20                       0                        9                        7.8921389121144765
1                        20                       0                        10                       7.86869789006693
1                        20                       0                        15                       7.761628893642775
1                        20                       0                        20                       7.66973474085228
1                        20                       0                        25                       7.603428718341729
1                        20                       0                        30                       7.582628801424245
1                        20                       0                        35                       7.503614607021223
1                        20                       0                        40                       7.260513288845732
1                        20                       0                        45                       6.796096229804863
1                        20                       0                        50                       6.268040740029187
1                        20                       0                        55                       5.743279075526483
1                        20                       0                        60                       5.281508724763475
1                        20                       0                        65                       4.894252077982007
1                        20                       0                        70                       4.518176174819587
1                        20                       0                        75                       4.2022119686530885
1                        20                       0                        80                       3.9390149936058267
1                        20                       0                        85                       3.6911160200697437
1                        20                       0                        90                       3.4657312643861777
1                        20                       0                        95                       3.269159939753018
1                        20                       0                        100                      3.0923940775999745
1                        20                       0                        110                      2.7812993685637633
1                        20                       0                        120                      2.531064844787886
1                        20                       0                        130                      2.3174796901438874
1                        20                       0                        140                      2.141541296952334
1                        20                       0                        150                      1.9852411679082411
1                        20                       0                        160                      1.8591623274734437
1                        20                       0                        170                      1.740338048677702
1                        20                       0                        180                      1.636634940113915
1                        20                       0                        190                      1.5432773719017017
1                        20                       0                        200                      1.45921858185249
1                        20                       1000                     2                        8.1825716801873
1                        20                       1000                     3                        8.049627012546939
1                        20                       1000                     4                        8.293702271334027
1                        20                       1000                     5                        7.887746095098717
1                        20                       1000                     6                        7.972067447727827
1                        20                       1000                     7                        7.888867711270693
1                        20                       1000                     8                        7.869340671657929
1                        20                       1000                     9                        7.892138940811596
1                        20                       1000                     10                       7.868697913191539
1                        20                       1000                     15                       7.761627382991348
1                        20                       1000                     20                       7.669733907854359
1                        20                       1000                     25                       7.603425066763151
1                        20                       1000                     30                       7.582623548348564
1                        20                       1000                     35                       7.5035445657557345
1                        20                       1000                     40                       7.260023334809096
1                        20                       1000                     45                       6.792036918795666
1                        20                       1000                     50                       6.256454215459023
1                        20                       1000                     55                       5.728710356664912
1                        20                       1000                     60                       5.27280076491468
1                        20                       1000                     65                       4.88712343619423
1                        20                       1000                     70                       4.5125062018921955
1                        20                       1000                     75                       4.198398614137344
1                        20                       1000                     80                       3.9347697755428293
1                        20                       1000                     85                       3.687074813996254
1                        20                       1000                     90                       3.4617067336946667
1                        20                       1000                     95                       3.2652722201860414
1                        20                       1000                     100                      3.0882493875780943
1                        20                       1000                     110                      2.7772261667637976
1                        20                       1000                     120                      2.52692913607439
1                        20                       1000                     130                      2.3130380065292773
1                        20                       1000                     140                      2.136906764622069
1                        20                       1000                     150                      1.9804066062095658
1                        20                       1000                     160                      1.8538915942596463
1                        20                       1000                     170                      1.7348910952897036
1                        20                       1000                     180                      1.6309581805269162
1                        20                       1000                     190                      1.5373926084595622
1                        20                       1000                     200                      1.4531395348707463
1                        20                       10000                    2                        8.182566131202938
1                        20                       10000                    3                        8.049614786412263
1                        20                       10000                    4                        8.29366593207297
1                        20                       10000                    5                        7.887685472996558
1                        20                       10000                    6                        7.972071549596348
1                        20                       10000                    7                        7.888867920580024
1                        20                       10000                    8                        7.869340822418637
1                        20                       10000                    9                        7.892138885739323
1                        20                       10000                    10                       7.868697583287647
1                        20                       10000                    15                       7.7616107789076585
1                        20                       10000                    20                       7.669715676950613
1                        20                       10000                    25                       7.603357458190384
1                        20                       10000                    30                       7.582532830113629
1                        20                       10000                    35                       7.5010882487289035
1                        20                       10000                    40                       7.236084583331303
1                        20                       10000                    45                       6.735892928811243
1                        20                       10000                    50                       6.209503265691968
1                        20                       10000                    55                       5.695189687261757
1                        20                       10000                    60                       5.241770541534769
1                        20                       10000                    65                       4.853292869661312
1                        20                       10000                    70                       4.480936279098585
1                        20                       10000                    75                       4.166698142689765
1                        20                       10000                    80                       3.9004161645679227
1                        20                       10000                    85                       3.652442450741396
1                        20                       10000                    90                       3.426767999755084
1                        20                       10000                    95                       3.230000033544115
1                        20                       10000                    100                      3.052567313657547
1                        20                       10000                    110                      2.7425388688204544
1                        20                       10000                    120                      2.491077163375011
1                        20                       10000                    130                      2.2761559332748944
1                        20                       10000                    140                      2.0989674466329626
1                        20                       10000                    150                      1.941457176089862
1                        20                       10000                    160                      1.8120628417455455
1                        20                       10000                    170                      1.6924561239553668
1                        20                       10000                    180                      1.5875674435807392
1                        20                       10000                    190                      1.4933095710747664
1                        20                       10000                    200                      1.4085547324348133
1                        20                       100000                   2                        8.182509108664478
1                        20                       100000                   3                        8.049491788607705
1                        20                       100000                   4                        8.293300661384679
1                        20                       100000                   5                        7.887081477294781
1                        20                       100000                   6                        7.972063389450225
1                        20                       100000                   7                        7.888861832318726
1                        20                       100000                   8                        7.869327285431293
1                        20                       100000                   9                        7.892107317710976
1                        20                       100000                   10                       7.86864103220276
1                        20                       100000                   15                       7.76114699834808
1                        20                       100000                   20                       7.668476445156847
1                        20                       100000                   25                       7.5992150452693545
1                        20                       100000                   30                       7.574142287984961
1                        20                       100000                   35                       7.404832991407995
1                        20                       100000                   40                       7.007741583905308
1                        20                       100000                   45                       6.488524869030351
1                        20                       100000                   50                       5.92533721534248
1                        20                       100000                   55                       5.426960397916052
1                        20                       100000                   60                       4.975010878139762
1                        20                       100000                   65                       4.563212623570509
1                        20                       100000                   70                       4.217833474663763
1                        20                       100000                   75                       3.909851599649215
1                        20                       100000                   80                       3.628732692443198
1                        20                       100000                   85                       3.3869181906859476
1                        20                       100000                   90                       3.1677821396194417
1                        20                       100000                   95                       2.9773525063651607
1                        20                       100000                   100                      2.8058752103267257
1                        20                       100000                   110                      2.521860831029405
1                        20                       100000                   120                      2.2803972144400673
1                        20                       100000                   130                      2.076102152145862
1                        20                       100000                   140                      1.9088269361633352
1                        20                       100000                   150                      1.761500103093741
1                        20                       100000                   160                      1.6305019962117018
1                        20                       100000                   170                      1.521639942509815
1                        20                       100000                   180                      1.4258155246010746
1                        20                       100000                   190                      1.3407025963712869
1                        20                       100000                   200                      1.2644337872039095
