lambh	lambe	m	B0	E0	h1	Integration 1 (meV)
1	2	-1	0	-10000000	0.1	5.918907583549268
1	2	-1	0	-10000000	0.30000000000000004	5.920232318887048
1	2	-1	0	-10000000	0.5	5.940437620791777
1	2	-1	0	-10000000	0.7000000000000001	5.989046063990509
1	2	-1	0	-10000000	0.9	6.067313153911936
1	2	-1	0	-10000000	1.1	6.1432736767910665
1	2	-1	0	-10000000	1.3000000000000003	6.1687306490383484
1	2	-1	0	-10000000	1.5000000000000002	6.150018306193538
1	2	-1	0	-10000000	1.7000000000000002	6.116767370214353
1	2	-1	0	-10000000	1.9000000000000001	6.0827505934699655
1	2	-1	0	-10000000	2.1	6.0516856817143205
1	2	-1	0	-10000000	2.3000000000000003	6.024192429441344
1	2	-1	0	-10000000	2.5000000000000004	6.0000769967074294
1	2	-1	0	-10000000	2.7	5.978986812330758
1	2	-1	0	-10000000	2.9000000000000004	5.960536834053911
1	2	-1	0	-10000000	3.1	5.944371303871901
1	2	-1	0	-10000000	3.3000000000000003	5.930175154753858
1	2	-1	0	-10000000	3.5000000000000004	5.917670989388384
1	2	-1	0	-10000000	3.7	5.906622010994951
1	2	-1	0	-10000000	3.9000000000000004	5.896819466464082
1	2	-1	0	-10000000	4.5	5.873250477331229
1	2	-1	0	-10000000	5	5.858466157187126
1	2	-1	0	-10000000	5.5	5.846655155202771
1	2	-1	0	-10000000	6	5.8369320596089
1	2	-1	0	-10000000	6.5	5.828703649190949
1	2	-1	0	-10000000	7	5.821576388013071
1	2	-1	0	-10000000	7.5	5.8152959346176605
1	2	-1	0	-10000000	8	5.80970738008438
1	2	-1	0	-10000000	8.5	5.804728005657537
1	2	-1	0	-10000000	9	5.800327261558888
1	2	-1	0	-10000000	9.5	5.796510480372755
1	2	-1	0	-10000000	10	5.793304276848022
1	2	-1	0	-10000000	10.5	5.790742488546763
1	2	-1	0	-10000000	11	5.788857699993954
1	2	-1	0	-10000000	11.5	5.787646829098885
1	2	-1	0	-10000000	12	5.787106423247072
1	2	-1	0	-5000000	0.1	6.380549128674831
1	2	-1	0	-5000000	0.30000000000000004	6.3621907362817876
1	2	-1	0	-5000000	0.5	6.332677904224882
1	2	-1	0	-5000000	0.7000000000000001	6.2943098601269725
1	2	-1	0	-5000000	0.9	6.251469854037224
1	2	-1	0	-5000000	1.1	6.208101030541877
1	2	-1	0	-5000000	1.3000000000000003	6.166582252428242
1	2	-1	0	-5000000	1.5000000000000002	6.1281022796106805
1	2	-1	0	-5000000	1.7000000000000002	6.09308087223924
1	2	-1	0	-5000000	1.9000000000000001	6.061589187658255
1	2	-1	0	-5000000	2.1	6.03348492942991
1	2	-1	0	-5000000	2.3000000000000003	6.008561142835563
1	2	-1	0	-5000000	2.5000000000000004	5.986568947417499
1	2	-1	0	-5000000	2.7	5.967197795581472
1	2	-1	0	-5000000	2.9000000000000004	5.950164637009573
1	2	-1	0	-5000000	3.1	5.935189728310744
1	2	-1	0	-5000000	3.3000000000000003	5.922012791883749
1	2	-1	0	-5000000	3.5000000000000004	5.910400485660935
1	2	-1	0	-5000000	3.7	5.90014518168091
1	2	-1	0	-5000000	3.9000000000000004	5.89106587166966
1	2	-1	0	-5000000	4.5	5.869453394099062
1	2	-1	0	-5000000	5	5.856200629934559
1	2	-1	0	-5000000	5.5	5.845957405097505
1	2	-1	0	-5000000	6	5.837907477018524
1	2	-1	0	-5000000	6.5	5.831498069663365
1	2	-1	0	-5000000	7	5.8263500672823465
1	2	-1	0	-5000000	7.5	5.822202446321728
1	2	-1	0	-5000000	8	5.81887118305301
1	2	-1	0	-5000000	8.5	5.816219767163199
1	2	-1	0	-5000000	9	5.814149086635179
1	2	-1	0	-5000000	9.5	5.812576807354018
1	2	-1	0	-5000000	10	5.811434619503702
1	2	-1	0	-5000000	10.5	5.810660904904385
1	2	-1	0	-5000000	11	5.810199807836312
1	2	-1	0	-5000000	11.5	5.809996237016714
1	2	-1	0	-5000000	12	5.809998795873
1	2	-1	0	0	0.1	6.369542082725903
1	2	-1	0	0	0.30000000000000004	6.3322156977329005
1	2	-1	0	0	0.5	6.292962300909963
1	2	-1	0	0	0.7000000000000001	6.252963006628895
1	2	-1	0	0	0.9	6.21322630228574
1	2	-1	0	0	1.1	6.174614495493354
1	2	-1	0	0	1.3000000000000003	6.137817395150259
1	2	-1	0	0	1.5000000000000002	6.103370662362784
1	2	-1	0	0	1.7000000000000002	6.071594050055293
1	2	-1	0	0	1.9000000000000001	6.042719518538672
1	2	-1	0	0	2.1	6.016691985961939
1	2	-1	0	0	2.3000000000000003	5.993520759013971
1	2	-1	0	0	2.5000000000000004	5.972931175575944
1	2	-1	0	0	2.7	5.954718602265364
1	2	-1	0	0	2.9000000000000004	5.9387099589389845
1	2	-1	0	0	3.1	5.924646504145777
1	2	-1	0	0	3.3000000000000003	5.9122593583836
1	2	-1	0	0	3.5000000000000004	5.901346594761836
1	2	-1	0	0	3.7	5.891725325594457
1	2	-1	0	0	3.9000000000000004	5.883228033443581
1	2	-1	0	0	4.5	5.863214944902734
1	2	-1	0	0	5	5.851194429778731
1	2	-1	0	0	5.5	5.842102808342347
1	2	-1	0	0	6	5.835179740981355
1	2	-1	0	0	6.5	5.829868422090356
1	2	-1	0	0	7	5.825759072156158
1	2	-1	0	0	7.5	5.822588316954109
1	2	-1	0	0	8	5.820120006414306
1	2	-1	0	0	8.5	5.818189733239892
1	2	-1	0	0	9	5.816672880953026
1	2	-1	0	0	9.5	5.815460800252776
1	2	-1	0	0	10	5.814470209270046
1	2	-1	0	0	10.5	5.813626126499796
1	2	-1	0	0	11	5.812881136862277
1	2	-1	0	0	11.5	5.812178069183506
1	2	-1	0	0	12	5.811469882931584
1	2	-1	0	5000000	0.1	6.2207547241661265
1	2	-1	0	5000000	0.30000000000000004	6.2249154106699764
1	2	-1	0	5000000	0.5	6.215002628884577
1	2	-1	0	5000000	0.7000000000000001	6.194615472952375
1	2	-1	0	5000000	0.9	6.167533413942299
1	2	-1	0	5000000	1.1	6.137046071143529
1	2	-1	0	5000000	1.3000000000000003	6.105452591719716
1	2	-1	0	5000000	1.5000000000000002	6.074382996573637
1	2	-1	0	5000000	1.7000000000000002	6.044957566027416
1	2	-1	0	5000000	1.9000000000000001	6.017657863523405
1	2	-1	0	5000000	2.1	5.992884860055691
1	2	-1	0	5000000	2.3000000000000003	5.970653176103097
1	2	-1	0	5000000	2.5000000000000004	5.950825607423444
1	2	-1	0	5000000	2.7	5.933144268281716
1	2	-1	0	5000000	2.9000000000000004	5.91756994427925
1	2	-1	0	5000000	3.1	5.903921173623356
1	2	-1	0	5000000	3.3000000000000003	5.892043068922551
1	2	-1	0	5000000	3.5000000000000004	5.8814828940594035
1	2	-1	0	5000000	3.7	5.872201359586859
1	2	-1	0	5000000	3.9000000000000004	5.864020195776481
1	2	-1	0	5000000	4.5	5.844778401863761
1	2	-1	0	5000000	5	5.833346989942057
1	2	-1	0	5000000	5.5	5.8248819138961565
1	2	-1	0	5000000	6	5.818603190645618
1	2	-1	0	5000000	6.5	5.814019066531693
1	2	-1	0	5000000	7	5.810738265345678
1	2	-1	0	5000000	7.5	5.808407873159086
1	2	-1	0	5000000	8	5.806839019073376
1	2	-1	0	5000000	8.5	5.805854949977945
1	2	-1	0	5000000	9	5.8053141866933915
1	2	-1	0	5000000	9.5	5.805104069163198
1	2	-1	0	5000000	10	5.805136360904147
1	2	-1	0	5000000	10.5	5.805343677343127
1	2	-1	0	5000000	11	5.80579743015481
1	2	-1	0	5000000	11.5	5.80609708871616
1	2	-1	0	5000000	12	5.806580225063642
1	2	-1	0	10000000	0.1	5.809796992182756
1	2	-1	0	10000000	0.30000000000000004	5.884009050500143
1	2	-1	0	10000000	0.5	5.966793646559181
1	2	-1	0	10000000	0.7000000000000001	6.0339266740920525
1	2	-1	0	10000000	0.9	6.066801372714723
1	2	-1	0	10000000	1.1	6.068572548926509
1	2	-1	0	10000000	1.3000000000000003	6.0521632130481695
1	2	-1	0	10000000	1.5000000000000002	6.027615297563077
1	2	-1	0	10000000	1.7000000000000002	6.000474607808841
1	2	-1	0	10000000	1.9000000000000001	5.973425944797431
1	2	-1	0	10000000	2.1	5.9476993776199985
1	2	-1	0	10000000	2.3000000000000003	5.923787605842862
1	2	-1	0	10000000	2.5000000000000004	5.901814002773533
1	2	-1	0	10000000	2.7	5.881675363423572
1	2	-1	0	10000000	2.9000000000000004	5.863269531958371
1	2	-1	0	10000000	3.1	5.846313235934924
1	2	-1	0	10000000	3.3000000000000003	5.830579933405523
1	2	-1	0	10000000	3.5000000000000004	5.81589860389402
1	2	-1	0	10000000	3.7	5.801990308506754
1	2	-1	0	10000000	3.9000000000000004	5.78866452462321
1	2	-1	0	10000000	4.5	5.75023889691923
1	2	-1	0	10000000	5	5.717296254983491
1	2	-1	0	10000000	5.5	5.68059852130352
1	2	-1	0	10000000	6	5.63744078142002
1	2	-1	0	10000000	6.5	5.585396820966115
1	2	-1	0	10000000	7	5.523118933000737
1	2	-1	0	10000000	7.5	5.451465323933325
1	2	-1	0	10000000	8	5.373856276881142
1	2	-1	0	10000000	8.5	5.294823806552151
1	2	-1	0	10000000	9	5.217768005580037
1	2	-1	0	10000000	9.5	5.1440068183432395
1	2	-1	0	10000000	10	5.073337031261486
1	2	-1	0	10000000	10.5	5.004978580001162
1	2	-1	0	10000000	11	4.938160183888741
1	2	-1	0	10000000	11.5	4.872330120383192
1	2	-1	0	10000000	12	4.807172524529942
1	2	-1	5	-10000000	0.1	5.784808499533861
1	2	-1	5	-10000000	0.30000000000000004	5.804209526788708
1	2	-1	5	-10000000	0.5	5.856447064730959
1	2	-1	5	-10000000	0.7000000000000001	5.9635902342175635
1	2	-1	5	-10000000	0.9	6.146830491891439
1	2	-1	5	-10000000	1.1	6.371352098274024
1	2	-1	5	-10000000	1.3000000000000003	6.5183873526549885
1	2	-1	5	-10000000	1.5000000000000002	6.556150399624328
1	2	-1	5	-10000000	1.7000000000000002	6.542712275372387
1	2	-1	5	-10000000	1.9000000000000001	6.514788012760266
1	2	-1	5	-10000000	2.1	6.484892127317527
1	2	-1	5	-10000000	2.3000000000000003	6.456788798649568
1	2	-1	5	-10000000	2.5000000000000004	6.431417851255772
1	2	-1	5	-10000000	2.7	6.408855002852448
1	2	-1	5	-10000000	2.9000000000000004	6.388916829589385
1	2	-1	5	-10000000	3.1	6.371314851672902
1	2	-1	5	-10000000	3.3000000000000003	6.355771057798411
1	2	-1	5	-10000000	3.5000000000000004	6.342013045082702
1	2	-1	5	-10000000	3.7	6.329798042631747
1	2	-1	5	-10000000	3.9000000000000004	6.318912238654775
1	2	-1	5	-10000000	4.5	6.292494297738301
1	2	-1	5	-10000000	5	6.27566927598109
1	2	-1	5	-10000000	5.5	6.262010571464511
1	2	-1	5	-10000000	6	6.2505614899608934
1	2	-1	5	-10000000	6.5	6.240681956279855
1	2	-1	5	-10000000	7	6.231949509432682
1	2	-1	5	-10000000	7.5	6.22409405914789
1	2	-1	5	-10000000	8	6.21695395870204
1	2	-1	5	-10000000	8.5	6.2104450483509535
1	2	-1	5	-10000000	9	6.204536630110802
1	2	-1	5	-10000000	9.5	6.199230793509691
1	2	-1	5	-10000000	10	6.194542945325596
1	2	-1	5	-10000000	10.5	6.19048286483208
1	2	-1	5	-10000000	11	6.18703640791645
1	2	-1	5	-10000000	11.5	6.184149243576179
1	2	-1	5	-10000000	12	6.1817142106898215
1	2	-1	5	-5000000	0.1	6.6808672680702985
1	2	-1	5	-5000000	0.30000000000000004	6.711946267308896
1	2	-1	5	-5000000	0.5	6.722094234611469
1	2	-1	5	-5000000	0.7000000000000001	6.709979480204492
1	2	-1	5	-5000000	0.9	6.6814360387799345
1	2	-1	5	-5000000	1.1	6.644360514003265
1	2	-1	5	-5000000	1.3000000000000003	6.604700693760628
1	2	-1	5	-5000000	1.5000000000000002	6.565845175582322
1	2	-1	5	-5000000	1.7000000000000002	6.529436051631192
1	2	-1	5	-5000000	1.9000000000000001	6.496166299257519
1	2	-1	5	-5000000	2.1	6.466202631567639
1	2	-1	5	-5000000	2.3000000000000003	6.439499742377847
1	2	-1	5	-5000000	2.5000000000000004	6.4158041318917345
1	2	-1	5	-5000000	2.7	6.3948690076796595
1	2	-1	5	-5000000	2.9000000000000004	6.376435472190576
1	2	-1	5	-5000000	3.1	6.3602022720546865
1	2	-1	5	-5000000	3.3000000000000003	6.345896900381242
1	2	-1	5	-5000000	3.5000000000000004	6.33328374288869
1	2	-1	5	-5000000	3.7	6.322132817651857
1	2	-1	5	-5000000	3.9000000000000004	6.312256615892405
1	2	-1	5	-5000000	4.5	6.2887065435042455
1	2	-1	5	-5000000	5	6.274259562404891
1	2	-1	5	-5000000	5.5	6.2631091450654
1	2	-1	5	-5000000	6	6.254378026272879
1	2	-1	5	-5000000	6.5	6.2474704300512975
1	2	-1	5	-5000000	7	6.241977128436171
1	2	-1	5	-5000000	7.5	6.237611342215774
1	2	-1	5	-5000000	8	6.234165460562236
1	2	-1	5	-5000000	8.5	6.2314816093616425
1	2	-1	5	-5000000	9	6.229432474982872
1	2	-1	5	-5000000	9.5	6.227907393552527
1	2	-1	5	-5000000	10	6.226804411749417
1	2	-1	5	-5000000	10.5	6.2260250895947244
1	2	-1	5	-5000000	11	6.225471209387151
1	2	-1	5	-5000000	11.5	6.225043761583499
1	2	-1	5	-5000000	12	6.224641742172847
1	2	-1	5	0	0.1	6.796627128913674
1	2	-1	5	0	0.30000000000000004	6.764113772443332
1	2	-1	5	0	0.5	6.727427387650981
1	2	-1	5	0	0.7000000000000001	6.688313784134024
1	2	-1	5	0	0.9	6.6482292869206745
1	2	-1	5	0	1.1	6.608516723550855
1	2	-1	5	0	1.3000000000000003	6.570202602499584
1	2	-1	5	0	1.5000000000000002	6.534061809327334
1	2	-1	5	0	1.7000000000000002	6.500561855068163
1	2	-1	5	0	1.9000000000000001	6.469968741638574
1	2	-1	5	0	2.1	6.442368268729008
1	2	-1	5	0	2.3000000000000003	6.417709578576227
1	2	-1	5	0	2.5000000000000004	6.395834827732977
1	2	-1	5	0	2.7	6.3764995564192954
1	2	-1	5	0	2.9000000000000004	6.359462356439551
1	2	-1	5	0	3.1	6.344473139838126
1	2	-1	5	0	3.3000000000000003	6.331304884956486
1	2	-1	5	0	3.5000000000000004	6.31973219192536
1	2	-1	5	0	3.7	6.309553738836273
1	2	-1	5	0	3.9000000000000004	6.300595292296579
1	2	-1	5	0	4.5	6.2795649771866335
1	2	-1	5	0	5	6.267093212006353
1	2	-1	5	0	5.5	6.257801310156849
1	2	-1	5	0	6	6.250904188682809
1	2	-1	5	0	6.5	6.245781879799005
1	2	-1	5	0	7	6.241995742389419
1	2	-1	5	0	7.5	6.239241943354665
1	2	-1	5	0	8	6.237225902304092
1	2	-1	5	0	8.5	6.235778797786694
1	2	-1	5	0	9	6.234725905767503
1	2	-1	5	0	9.5	6.233935224452602
1	2	-1	5	0	10	6.23329231500474
1	2	-1	5	0	10.5	6.23271327090546
1	2	-1	5	0	11	6.232170753230966
1	2	-1	5	0	11.5	6.231479982101123
1	2	-1	5	0	12	6.230684979579396
1	2	-1	5	5000000	0.1	6.574815190151402
1	2	-1	5	5000000	0.30000000000000004	6.602744099010158
1	2	-1	5	5000000	0.5	6.608957752309777
1	2	-1	5	5000000	0.7000000000000001	6.598585527389671
1	2	-1	5	5000000	0.9	6.577086511666584
1	2	-1	5	5000000	1.1	6.549310817955135
1	2	-1	5	5000000	1.3000000000000003	6.518721932226057
1	2	-1	5	5000000	1.5000000000000002	6.48762847053051
1	2	-1	5	5000000	1.7000000000000002	6.457552190995578
1	2	-1	5	5000000	1.9000000000000001	6.429519429443305
1	2	-1	5	5000000	2.1	6.403805254047105
1	2	-1	5	5000000	2.3000000000000003	6.380610852431706
1	2	-1	5	5000000	2.5000000000000004	6.359905285143623
1	2	-1	5	5000000	2.7	6.341551906255475
1	2	-1	5	5000000	2.9000000000000004	6.325359650739287
1	2	-1	5	5000000	3.1	6.31111724368546
1	2	-1	5	5000000	3.3000000000000003	6.298553339109972
1	2	-1	5	5000000	3.5000000000000004	6.2874929498124015
1	2	-1	5	5000000	3.7	6.278003506218863
1	2	-1	5	5000000	3.9000000000000004	6.269556353209666
1	2	-1	5	5000000	4.5	6.249928760328451
1	2	-1	5	5000000	5	6.238542110281987
1	2	-1	5	5000000	5.5	6.230397651260262
1	2	-1	5	5000000	6	6.224679547706795
1	2	-1	5	5000000	6.5	6.220804583655805
1	2	-1	5	5000000	7	6.218342010865663
1	2	-1	5	5000000	7.5	6.216958112340432
1	2	-1	5	5000000	8	6.216385462974109
1	2	-1	5	5000000	8.5	6.216404143006942
1	2	-1	5	5000000	9	6.216831727997294
1	2	-1	5	5000000	9.5	6.217517740559201
1	2	-1	5	5000000	10	6.218339785997771
1	2	-1	5	5000000	10.5	6.21919981898636
1	2	-1	5	5000000	11	6.2199528877689145
1	2	-1	5	5000000	11.5	6.220716795494401
1	2	-1	5	5000000	12	6.221282281414176
1	2	-1	5	10000000	0.1	5.891649337103346
1	2	-1	5	10000000	0.30000000000000004	6.017510151603922
1	2	-1	5	10000000	0.5	6.168959162724502
1	2	-1	5	10000000	0.7000000000000001	6.306762223316559
1	2	-1	5	10000000	0.9	6.392522683217261
1	2	-1	5	10000000	1.1	6.424830316478782
1	2	-1	5	10000000	1.3000000000000003	6.423578967514686
1	2	-1	5	10000000	1.5000000000000002	6.405813868966488
1	2	-1	5	10000000	1.7000000000000002	6.381230072379055
1	2	-1	5	10000000	1.9000000000000001	6.354646646963721
1	2	-1	5	10000000	2.1	6.328193654638262
1	2	-1	5	10000000	2.3000000000000003	6.3029545418792265
1	2	-1	5	10000000	2.5000000000000004	6.279296929802564
1	2	-1	5	10000000	2.7	6.2570080774448655
1	2	-1	5	10000000	2.9000000000000004	6.236951168364846
1	2	-1	5	10000000	3.1	6.217616593674699
1	2	-1	5	10000000	3.3000000000000003	6.1995604771979655
1	2	-1	5	10000000	3.5000000000000004	6.18237084575373
1	2	-1	5	10000000	3.7	6.165808556707216
1	2	-1	5	10000000	3.9000000000000004	6.149639401116545
1	2	-1	5	10000000	4.5	6.101343272969915
1	2	-1	5	10000000	5	6.057806452205342
1	2	-1	5	10000000	5.5	6.007844202163034
1	2	-1	5	10000000	6	5.947933400158559
1	2	-1	5	10000000	6.5	5.874972036893998
1	2	-1	5	10000000	7	5.787549699539605
1	2	-1	5	10000000	7.5	5.68748664607371
1	2	-1	5	10000000	8	5.580309413939415
1	2	-1	5	10000000	8.5	5.472924347673242
1	2	-1	5	10000000	9	5.3703674494665865
1	2	-1	5	10000000	9.5	5.274440546449663
1	2	-1	5	10000000	10	5.184661152527065
1	2	-1	5	10000000	10.5	5.099704395720259
1	2	-1	5	10000000	11	5.018279589530083
1	2	-1	5	10000000	11.5	4.9394355934633065
1	2	-1	5	10000000	12	4.86257448196727
1	2	-1	10	-10000000	0.1	6.715405025074431
1	2	-1	10	-10000000	0.30000000000000004	6.737121188791278
1	2	-1	10	-10000000	0.5	6.7966411042425445
1	2	-1	10	-10000000	0.7000000000000001	6.920460736896851
1	2	-1	10	-10000000	0.9	7.165238550368576
1	2	-1	10	-10000000	1.1	7.6653633093224816
1	2	-1	10	-10000000	1.3000000000000003	8.325045207089406
1	2	-1	10	-10000000	1.5000000000000002	8.68647061022795
1	2	-1	10	-10000000	1.7000000000000002	8.797878785026862
1	2	-1	10	-10000000	1.9000000000000001	8.815344678786868
1	2	-1	10	-10000000	2.1	8.80136005510092
1	2	-1	10	-10000000	2.3000000000000003	8.777093157631986
1	2	-1	10	-10000000	2.5000000000000004	8.750147436225136
1	2	-1	10	-10000000	2.7	8.723443868915767
1	2	-1	10	-10000000	2.9000000000000004	8.698117017063858
1	2	-1	10	-10000000	3.1	8.674556244235353
1	2	-1	10	-10000000	3.3000000000000003	8.652821352809914
1	2	-1	10	-10000000	3.5000000000000004	8.632824369993639
1	2	-1	10	-10000000	3.7	8.614414773457955
1	2	-1	10	-10000000	3.9000000000000004	8.597421231842201
1	2	-1	10	-10000000	4.5	8.553288836748443
1	2	-1	10	-10000000	5	8.522213649994114
1	2	-1	10	-10000000	5.5	8.494548508075427
1	2	-1	10	-10000000	6	8.469120187745256
1	2	-1	10	-10000000	6.5	8.445073071774345
1	2	-1	10	-10000000	7	8.421863650818604
1	2	-1	10	-10000000	7.5	8.399095198916742
1	2	-1	10	-10000000	8	8.376495901350305
1	2	-1	10	-10000000	8.5	8.353885952285548
1	2	-1	10	-10000000	9	8.331123758571744
1	2	-1	10	-10000000	9.5	8.308084361666273
1	2	-1	10	-10000000	10	8.284625412510414
1	2	-1	10	-10000000	10.5	8.260563324145318
1	2	-1	10	-10000000	11	8.235648957685335
1	2	-1	10	-10000000	11.5	8.209558961119779
1	2	-1	10	-10000000	12	8.181879583537794
1	2	-1	10	-5000000	0.1	8.413592817333365
1	2	-1	10	-5000000	0.30000000000000004	8.601635018016696
1	2	-1	10	-5000000	0.5	8.76579424051998
1	2	-1	10	-5000000	0.7000000000000001	8.87684971252611
1	2	-1	10	-5000000	0.9	8.930314697709402
1	2	-1	10	-5000000	1.1	8.940893472262115
1	2	-1	10	-5000000	1.3000000000000003	8.926046474027132
1	2	-1	10	-5000000	1.5000000000000002	8.898290170113874
1	2	-1	10	-5000000	1.7000000000000002	8.865045738616478
1	2	-1	10	-5000000	1.9000000000000001	8.830399061060193
1	2	-1	10	-5000000	2.1	8.796521535959103
1	2	-1	10	-5000000	2.3000000000000003	8.764515524800004
1	2	-1	10	-5000000	2.5000000000000004	8.734879662832814
1	2	-1	10	-5000000	2.7	8.707767304152354
1	2	-1	10	-5000000	2.9000000000000004	8.68313769434021
1	2	-1	10	-5000000	3.1	8.660845435841301
1	2	-1	10	-5000000	3.3000000000000003	8.640694984185656
1	2	-1	10	-5000000	3.5000000000000004	8.622473268194177
1	2	-1	10	-5000000	3.7	8.60596867424102
1	2	-1	10	-5000000	3.9000000000000004	8.590981752485124
1	2	-1	10	-5000000	4.5	8.553399266183105
1	2	-1	10	-5000000	5	8.528480306076625
1	2	-1	10	-5000000	5.5	8.50768511820551
1	2	-1	10	-5000000	6	8.489927984052866
1	2	-1	10	-5000000	6.5	8.47445634737419
1	2	-1	10	-5000000	7	8.460725143205261
1	2	-1	10	-5000000	7.5	8.448262787447872
1	2	-1	10	-5000000	8	8.436838648100792
1	2	-1	10	-5000000	8.5	8.426041464350051
1	2	-1	10	-5000000	9	8.41568086573308
1	2	-1	10	-5000000	9.5	8.405446462358311
1	2	-1	10	-5000000	10	8.395047092998347
1	2	-1	10	-5000000	10.5	8.38417703561273
1	2	-1	10	-5000000	11	8.372517959055832
1	2	-1	10	-5000000	11.5	8.359727727013462
1	2	-1	10	-5000000	12	8.345468501841445
1	2	-1	10	0	0.1	9.01363528450418
1	2	-1	10	0	0.30000000000000004	9.015895185962323
1	2	-1	10	0	0.5	9.00612267403954
1	2	-1	10	0	0.7000000000000001	8.98631175041954
1	2	-1	10	0	0.9	8.958842893983537
1	2	-1	10	0	1.1	8.926224972234047
1	2	-1	10	0	1.3000000000000003	8.890689304457263
1	2	-1	10	0	1.5000000000000002	8.854118776059208
1	2	-1	10	0	1.7000000000000002	8.817975415629185
1	2	-1	10	0	1.9000000000000001	8.783321324941591
1	2	-1	10	0	2.1	8.750811265527288
1	2	-1	10	0	2.3000000000000003	8.720803543386536
1	2	-1	10	0	2.5000000000000004	8.693435118699382
1	2	-1	10	0	2.7	8.66868000704692
1	2	-1	10	0	2.9000000000000004	8.646410949126421
1	2	-1	10	0	3.1	8.626444278562392
1	2	-1	10	0	3.3000000000000003	8.608570896247814
1	2	-1	10	0	3.5000000000000004	8.592576720624162
1	2	-1	10	0	3.7	8.578255170768163
1	2	-1	10	0	3.9000000000000004	8.565414302789126
1	2	-1	10	0	4.5	8.534127641168212
1	2	-1	10	0	5	8.514386799377785
1	2	-1	10	0	5.5	8.498766274991231
1	2	-1	10	0	6	8.486184182159239
1	2	-1	10	0	6.5	8.475843905181568
1	2	-1	10	0	7	8.467135746428191
1	2	-1	10	0	7.5	8.459572849053204
1	2	-1	10	0	8	8.452752241906403
1	2	-1	10	0	8.5	8.446332884438512
1	2	-1	10	0	9	8.44002404639209
1	2	-1	10	0	9.5	8.433579585811172
1	2	-1	10	0	10	8.426794764499263
1	2	-1	10	0	10.5	8.419503554265258
1	2	-1	10	0	11	8.411575533583456
1	2	-1	10	0	11.5	8.402912046471018
1	2	-1	10	0	12	8.3934417784173
1	2	-1	10	5000000	0.1	8.546444400580203
1	2	-1	10	5000000	0.30000000000000004	8.674664898527805
1	2	-1	10	5000000	0.5	8.75439713387817
1	2	-1	10	5000000	0.7000000000000001	8.793434562669022
1	2	-1	10	5000000	0.9	8.803068609543052
1	2	-1	10	5000000	1.1	8.793339170326794
1	2	-1	10	5000000	1.3000000000000003	8.772028147132426
1	2	-1	10	5000000	1.5000000000000002	8.744537045737115
1	2	-1	10	5000000	1.7000000000000002	8.714484396973367
1	2	-1	10	5000000	1.9000000000000001	8.68417769777424
1	2	-1	10	5000000	2.1	8.654971989239165
1	2	-1	10	5000000	2.3000000000000003	8.627660527903258
1	2	-1	10	5000000	2.5000000000000004	8.60257074628545
1	2	-1	10	5000000	2.7	8.579822823867996
1	2	-1	10	5000000	2.9000000000000004	8.559362527228695
1	2	-1	10	5000000	3.1	8.541061277693414
1	2	-1	10	5000000	3.3000000000000003	8.524745738084459
1	2	-1	10	5000000	3.5000000000000004	8.510228561642412
1	2	-1	10	5000000	3.7	8.497323409306004
1	2	-1	10	5000000	3.9000000000000004	8.485854153794344
1	2	-1	10	5000000	4.5	8.458539383804835
1	2	-1	10	5000000	5	8.44207912767434
1	2	-1	10	5000000	5.5	8.429806175007398
1	2	-1	10	5000000	6	8.420674648314604
1	2	-1	10	5000000	6.5	8.413888299325807
1	2	-1	10	5000000	7	8.408797240630097
1	2	-1	10	5000000	7.5	8.40484980953181
1	2	-1	10	5000000	8	8.40156019618819
1	2	-1	10	5000000	8.5	8.39849232188404
1	2	-1	10	5000000	9	8.395256332731108
1	2	-1	10	5000000	9.5	8.391504660255208
1	2	-1	10	5000000	10	8.386931399168425
1	2	-1	10	5000000	10.5	8.381265132261653
1	2	-1	10	5000000	11	8.374261527174664
1	2	-1	10	5000000	11.5	8.365691085374069
1	2	-1	10	5000000	12	8.355329326606087
1	2	-1	10	10000000	0.1	7.035757912532678
1	2	-1	10	10000000	0.30000000000000004	7.274340056514914
1	2	-1	10	10000000	0.5	7.606695628133149
1	2	-1	10	10000000	0.7000000000000001	7.978550418158373
1	2	-1	10	10000000	0.9	8.27370594571383
1	2	-1	10	10000000	1.1	8.439448606742237
1	2	-1	10	10000000	1.3000000000000003	8.507963157749495
1	2	-1	10	10000000	1.5000000000000002	8.522737787672842
1	2	-1	10	10000000	1.7000000000000002	8.510935236044572
1	2	-1	10	10000000	1.9000000000000001	8.486717326221632
1	2	-1	10	10000000	2.1	8.457023526179746
1	2	-1	10	10000000	2.3000000000000003	8.425338502424532
1	2	-1	10	10000000	2.5000000000000004	8.393387482563462
1	2	-1	10	10000000	2.7	8.361899599726621
1	2	-1	10	10000000	2.9000000000000004	8.331124952247308
1	2	-1	10	10000000	3.1	8.301044100163715
1	2	-1	10	10000000	3.3000000000000003	8.271482862748973
1	2	-1	10	10000000	3.5000000000000004	8.242197344742811
1	2	-1	10	10000000	3.7	8.21290058430525
1	2	-1	10	10000000	3.9000000000000004	8.183281720479847
1	2	-1	10	10000000	4.5	8.089173843788311
1	2	-1	10	10000000	5	7.999485171264684
1	2	-1	10	10000000	5.5	7.893247599760051
1	2	-1	10	10000000	6	7.764333407314777
1	2	-1	10	10000000	6.5	7.607659782076437
1	2	-1	10	10000000	7	7.421952736886106
1	2	-1	10	10000000	7.5	7.213107511100295
1	2	-1	10	10000000	8	6.994597806226462
1	2	-1	10	10000000	8.5	6.782084625343578
1	2	-1	10	10000000	9	6.586171598042491
1	2	-1	10	10000000	9.5	6.409890164381619
1	2	-1	10	10000000	10	6.251193131501333
1	2	-1	10	10000000	10.5	6.1063419238835905
1	2	-1	10	10000000	11	5.971853932673812
1	2	-1	10	10000000	11.5	5.845150839457802
1	2	-1	10	10000000	12	5.724512692238766
1	2	-1	20	-10000000	0.1	7.971132853282999
1	2	-1	20	-10000000	0.30000000000000004	8.051090361194255
1	2	-1	20	-10000000	0.5	9.54263512351086
1	2	-1	20	-10000000	0.7000000000000001	11.03851394821426
1	2	-1	20	-10000000	0.9	10.983518588043323
1	2	-1	20	-10000000	1.1	10.147635770578127
1	2	-1	20	-10000000	1.3000000000000003	9.152028535109705
1	2	-1	20	-10000000	1.5000000000000002	9.054882794258008
1	2	-1	20	-10000000	1.7000000000000002	12.151487341591091
1	2	-1	20	-10000000	1.9000000000000001	12.744547380357435
1	2	-1	20	-10000000	2.1	12.89713991500357
1	2	-1	20	-10000000	2.3000000000000003	12.952795527002802
1	2	-1	20	-10000000	2.5000000000000004	12.972016504730554
1	2	-1	20	-10000000	2.7	12.973689806497815
1	2	-1	20	-10000000	2.9000000000000004	12.965640630061378
1	2	-1	20	-10000000	3.1	12.951698927657517
1	2	-1	20	-10000000	3.3000000000000003	12.933948546027182
1	2	-1	20	-10000000	3.5000000000000004	12.913605066273508
1	2	-1	20	-10000000	3.7	12.891411962273434
1	2	-1	20	-10000000	3.9000000000000004	12.867839287969792
1	2	-1	20	-10000000	4.5	12.791409242683466
1	2	-1	20	-10000000	5	12.723045917244686
1	2	-1	20	-10000000	5.5	12.65133016336946
1	2	-1	20	-10000000	6	12.576534738404446
1	2	-1	20	-10000000	6.5	12.498711281469067
1	2	-1	20	-10000000	7	12.41780092696429
1	2	-1	20	-10000000	7.5	12.333678597216112
1	2	-1	20	-10000000	8	12.246171229045954
1	2	-1	20	-10000000	8.5	12.155065628657496
1	2	-1	20	-10000000	9	12.060112933174686
1	2	-1	20	-10000000	9.5	11.961033691227358
1	2	-1	20	-10000000	10	11.857526336511313
1	2	-1	20	-10000000	10.5	11.749281241452499
1	2	-1	20	-10000000	11	11.636001676848375
1	2	-1	20	-10000000	11.5	11.517431506594814
1	2	-1	20	-10000000	12	11.393387713961104
1	2	-1	20	-5000000	0.1	9.799165539364198
1	2	-1	20	-5000000	0.30000000000000004	10.31610792817885
1	2	-1	20	-5000000	0.5	11.147231840906564
1	2	-1	20	-5000000	0.7000000000000001	11.925614825916957
1	2	-1	20	-5000000	0.9	12.421215190244132
1	2	-1	20	-5000000	1.1	12.697955878475108
1	2	-1	20	-5000000	1.3000000000000003	12.850468989210876
1	2	-1	20	-5000000	1.5000000000000002	12.934967767462878
1	2	-1	20	-5000000	1.7000000000000002	12.980644184921777
1	2	-1	20	-5000000	1.9000000000000001	13.003111289273212
1	2	-1	20	-5000000	2.1	13.011061391454504
1	2	-1	20	-5000000	2.3000000000000003	13.009636922651017
1	2	-1	20	-5000000	2.5000000000000004	13.002034731062237
1	2	-1	20	-5000000	2.7	12.990298317503767
1	2	-1	20	-5000000	2.9000000000000004	12.975764260584095
1	2	-1	20	-5000000	3.1	12.959318276210478
1	2	-1	20	-5000000	3.3000000000000003	12.94155326307458
1	2	-1	20	-5000000	3.5000000000000004	12.922869718120268
1	2	-1	20	-5000000	3.7	12.903540074848541
1	2	-1	20	-5000000	3.9000000000000004	12.883751280130983
1	2	-1	20	-5000000	4.5	12.822740467826899
1	2	-1	20	-5000000	5	12.770927774120606
1	2	-1	20	-5000000	5.5	12.718744064683811
1	2	-1	20	-5000000	6	12.666395327779915
1	2	-1	20	-5000000	6.5	12.6139395166474
1	2	-1	20	-5000000	7	12.561316932293296
1	2	-1	20	-5000000	7.5	12.508355677616377
1	2	-1	20	-5000000	8	12.454770465861765
1	2	-1	20	-5000000	8.5	12.400161254458398
1	2	-1	20	-5000000	9	12.344018274013504
1	2	-1	20	-5000000	9.5	12.28573049993296
1	2	-1	20	-5000000	10	12.224602012523912
1	2	-1	20	-5000000	10.5	12.159872170379042
1	2	-1	20	-5000000	11	12.090741775452566
1	2	-1	20	-5000000	11.5	12.01640093451634
1	2	-1	20	-5000000	12	11.93606160025774
1	2	-1	20	0	0.1	12.388396991406347
1	2	-1	20	0	0.30000000000000004	12.526049357486714
1	2	-1	20	0	0.5	12.641345908164054
1	2	-1	20	0	0.7000000000000001	12.734532863456282
1	2	-1	20	0	0.9	12.806508098757075
1	2	-1	20	0	1.1	12.859550441096367
1	2	-1	20	0	1.3000000000000003	12.896537151232973
1	2	-1	20	0	1.5000000000000002	12.920329071228743
1	2	-1	20	0	1.7000000000000002	12.933652136825375
1	2	-1	20	0	1.9000000000000001	12.938966433594672
1	2	-1	20	0	2.1	12.938300607896524
1	2	-1	20	0	2.3000000000000003	12.933279279321427
1	2	-1	20	0	2.5000000000000004	12.925129427564015
1	2	-1	20	0	2.7	12.914770656063082
1	2	-1	20	0	2.9000000000000004	12.902865104334749
1	2	-1	20	0	3.1	12.889886629137761
1	2	-1	20	0	3.3000000000000003	12.87616901892265
1	2	-1	20	0	3.5000000000000004	12.86194774331815
1	2	-1	20	0	3.7	12.847388341832366
1	2	-1	20	0	3.9000000000000004	12.832607673334003
1	2	-1	20	0	4.5	12.787653334106313
1	2	-1	20	0	5	12.750068765542249
1	2	-1	20	0	5.5	12.712657038898373
1	2	-1	20	0	6	12.675453393644803
1	2	-1	20	0	6.5	12.638349536708168
1	2	-1	20	0	7	12.60113158365768
1	2	-1	20	0	7.5	12.563512920553078
1	2	-1	20	0	8	12.525165210105024
1	2	-1	20	0	8.5	12.485746224943073
1	2	-1	20	0	9	12.444933552989712
1	2	-1	20	0	9.5	12.402442049685398
1	2	-1	20	0	10	12.358037982861699
1	2	-1	20	0	10.5	12.311548076451155
1	2	-1	20	0	11	12.262873083385275
1	2	-1	20	0	11.5	12.211947576604251
1	2	-1	20	0	12	12.158769818157772
1	2	-1	20	5000000	0.1	10.961317461345367
1	2	-1	20	5000000	0.30000000000000004	11.683222255479116
1	2	-1	20	5000000	0.5	12.085578698518173
1	2	-1	20	5000000	0.7000000000000001	12.329858118439677
1	2	-1	20	5000000	0.9	12.48311667847319
1	2	-1	20	5000000	1.1	12.579696330694139
1	2	-1	20	5000000	1.3000000000000003	12.639722465397233
1	2	-1	20	5000000	1.5000000000000002	12.67581439797007
1	2	-1	20	5000000	1.7000000000000002	12.696011368184289
1	2	-1	20	5000000	1.9000000000000001	12.705596285871819
1	2	-1	20	5000000	2.1	12.70807487475653
1	2	-1	20	5000000	2.3000000000000003	12.705815891940588
1	2	-1	20	5000000	2.5000000000000004	12.700337129905819
1	2	-1	20	5000000	2.7	12.692714285691821
1	2	-1	20	5000000	2.9000000000000004	12.683678271089567
1	2	-1	20	5000000	3.1	12.673715601901884
1	2	-1	20	5000000	3.3000000000000003	12.663118497997834
1	2	-1	20	5000000	3.5000000000000004	12.652167915885071
1	2	-1	20	5000000	3.7	12.640988711063086
1	2	-1	20	5000000	3.9000000000000004	12.629686896674793
1	2	-1	20	5000000	4.5	12.595701948078057
1	2	-1	20	5000000	5	12.567782401220162
1	2	-1	20	5000000	5.5	12.540396042028897
1	2	-1	20	5000000	6	12.513425340579586
1	2	-1	20	5000000	6.5	12.486551028897841
1	2	-1	20	5000000	7	12.45927431865064
1	2	-1	20	5000000	7.5	12.431001549959358
1	2	-1	20	5000000	8	12.401022463668454
1	2	-1	20	5000000	8.5	12.368629391413958
1	2	-1	20	5000000	9	12.333077414111804
1	2	-1	20	5000000	9.5	12.293663091264087
1	2	-1	20	5000000	10	12.249703150537826
1	2	-1	20	5000000	10.5	12.20056500306419
1	2	-1	20	5000000	11	12.145722066169817
1	2	-1	20	5000000	11.5	12.084521499091906
1	2	-1	20	5000000	12	12.01645382106749
1	2	-1	20	10000000	0.1	8.38062016277016
1	2	-1	20	10000000	0.30000000000000004	8.616252461787477
1	2	-1	20	10000000	0.5	8.87730722474786
1	2	-1	20	10000000	0.7000000000000001	9.344956042809796
1	2	-1	20	10000000	0.9	10.601229317601518
1	2	-1	20	10000000	1.1	11.49804850667055
1	2	-1	20	10000000	1.3000000000000003	11.907987808286057
1	2	-1	20	10000000	1.5000000000000002	12.091028851890323
1	2	-1	20	10000000	1.7000000000000002	12.171323684766868
1	2	-1	20	10000000	1.9000000000000001	12.201067220653384
1	2	-1	20	10000000	2.1	12.203710874724692
1	2	-1	20	10000000	2.3000000000000003	12.190613366356192
1	2	-1	20	10000000	2.5000000000000004	12.167598697880562
1	2	-1	20	10000000	2.7	12.137837262264805
1	2	-1	20	10000000	2.9000000000000004	12.10299251090083
1	2	-1	20	10000000	3.1	12.063978547505325
1	2	-1	20	10000000	3.3000000000000003	12.02123242031928
1	2	-1	20	10000000	3.5000000000000004	11.974969414733094
1	2	-1	20	10000000	3.7	11.924937378324781
1	2	-1	20	10000000	3.9000000000000004	11.871304861210564
1	2	-1	20	10000000	4.5	11.684963467930372
1	2	-1	20	10000000	5	11.494554749978867
1	2	-1	20	10000000	5.5	11.263601260255534
1	2	-1	20	10000000	6	10.98310576020943
1	2	-1	20	10000000	6.5	10.646092900539987
1	2	-1	20	10000000	7	10.253279584190407
1	2	-1	20	10000000	7.5	9.81942282225588
1	2	-1	20	10000000	8	9.373921327973225
1	2	-1	20	10000000	8.5	8.94992235770536
1	2	-1	20	10000000	9	8.569414818464557
1	2	-1	20	10000000	9.5	8.237655214214646
1	2	-1	20	10000000	10	7.948738079254703
1	2	-1	20	10000000	10.5	7.693175138743217
1	2	-1	20	10000000	11	7.462363623675851
1	2	-1	20	10000000	11.5	7.2499560815988495
1	2	-1	20	10000000	12	7.051728024403391
1	2	-1	30	-10000000	0.1	15.336914957298616
1	2	-1	30	-10000000	0.30000000000000004	15.572577605886178
1	2	-1	30	-10000000	0.5	15.541001500606818
1	2	-1	30	-10000000	0.7000000000000001	15.216595524347495
1	2	-1	30	-10000000	0.9	14.424253788634312
1	2	-1	30	-10000000	1.1	12.97148217896107
1	2	-1	30	-10000000	1.3000000000000003	11.229589569808882
1	2	-1	30	-10000000	1.5000000000000002	10.036212629836223
1	2	-1	30	-10000000	1.7000000000000002	9.454724176691228
1	2	-1	30	-10000000	1.9000000000000001	10.888522764521783
1	2	-1	30	-10000000	2.1	15.295364010989971
1	2	-1	30	-10000000	2.3000000000000003	15.652888780473402
1	2	-1	30	-10000000	2.5000000000000004	15.759458795221999
1	2	-1	30	-10000000	2.7	15.804108830364465
1	2	-1	30	-10000000	2.9000000000000004	15.82078059793243
1	2	-1	30	-10000000	3.1	15.821089416422202
1	2	-1	30	-10000000	3.3000000000000003	15.8104754523633
1	2	-1	30	-10000000	3.5000000000000004	15.791980404467365
1	2	-1	30	-10000000	3.7	15.767501540627324
1	2	-1	30	-10000000	3.9000000000000004	15.738310231725732
1	2	-1	30	-10000000	4.5	15.630288856177529
1	2	-1	30	-10000000	5	15.523769962069377
1	2	-1	30	-10000000	5.5	15.406689696478939
1	2	-1	30	-10000000	6	15.281303004559621
1	2	-1	30	-10000000	6.5	15.14888976937424
1	2	-1	30	-10000000	7	15.010131132677245
1	2	-1	30	-10000000	7.5	14.865315214519134
1	2	-1	30	-10000000	8	14.714464171747089
1	2	-1	30	-10000000	8.5	14.55742462272655
1	2	-1	30	-10000000	9	14.39394312563154
1	2	-1	30	-10000000	9.5	14.223738443710806
1	2	-1	30	-10000000	10	14.046575721858384
1	2	-1	30	-10000000	10.5	13.862341773673425
1	2	-1	30	-10000000	11	13.671114940542205
1	2	-1	30	-10000000	11.5	13.47321861122426
1	2	-1	30	-10000000	12	13.269246442929923
1	2	-1	30	-5000000	0.1	12.387887054375415
1	2	-1	30	-5000000	0.30000000000000004	11.797173457199637
1	2	-1	30	-5000000	0.5	11.192567464446295
1	2	-1	30	-5000000	0.7000000000000001	10.70054782341232
1	2	-1	30	-5000000	0.9	11.860422601914069
1	2	-1	30	-5000000	1.1	14.56484783004444
1	2	-1	30	-5000000	1.3000000000000003	15.234872374175405
1	2	-1	30	-5000000	1.5000000000000002	15.504829282855734
1	2	-1	30	-5000000	1.7000000000000002	15.653468799147113
1	2	-1	30	-5000000	1.9000000000000001	15.744901422677303
1	2	-1	30	-5000000	2.1	15.802636659595992
1	2	-1	30	-5000000	2.3000000000000003	15.838034313620682
1	2	-1	30	-5000000	2.5000000000000004	15.857602572904405
1	2	-1	30	-5000000	2.7	15.865478885183363
1	2	-1	30	-5000000	2.9000000000000004	15.864470913271205
1	2	-1	30	-5000000	3.1	15.85656732845825
1	2	-1	30	-5000000	3.3000000000000003	15.843220662772781
1	2	-1	30	-5000000	3.5000000000000004	15.82551766081143
1	2	-1	30	-5000000	3.7	15.80428801266848
1	2	-1	30	-5000000	3.9000000000000004	15.780176526524695
1	2	-1	30	-5000000	4.5	15.695158037334874
1	2	-1	30	-5000000	5	15.61444917173399
1	2	-1	30	-5000000	5.5	15.528170149768256
1	2	-1	30	-5000000	6	15.43824811166909
1	2	-1	30	-5000000	6.5	15.34584380937977
1	2	-1	30	-5000000	7	15.25156536346163
1	2	-1	30	-5000000	7.5	15.155591654865802
1	2	-1	30	-5000000	8	15.057750013838026
1	2	-1	30	-5000000	8.5	14.957571159936881
1	2	-1	30	-5000000	9	14.854333794886463
1	2	-1	30	-5000000	9.5	14.747105664498214
1	2	-1	30	-5000000	10	14.634784220195696
1	2	-1	30	-5000000	10.5	14.51613939594871
1	2	-1	30	-5000000	11	14.389858346687905
1	2	-1	30	-5000000	11.5	14.254595123116662
1	2	-1	30	-5000000	12	14.109029145061585
1	2	-1	30	0	0.1	14.06626145096926
1	2	-1	30	0	0.30000000000000004	14.542437272978836
1	2	-1	30	0	0.5	14.831652931690765
1	2	-1	30	0	0.7000000000000001	15.050948153566736
1	2	-1	30	0	0.9	15.22600996243953
1	2	-1	30	0	1.1	15.366647681761084
1	2	-1	30	0	1.3000000000000003	15.478521390059376
1	2	-1	30	0	1.5000000000000002	15.565952984415029
1	2	-1	30	0	1.7000000000000002	15.63278632145367
1	2	-1	30	0	1.9000000000000001	15.682472255295052
1	2	-1	30	0	2.1	15.718056956589175
1	2	-1	30	0	2.3000000000000003	15.742142881584826
1	2	-1	30	0	2.5000000000000004	15.756891765744939
1	2	-1	30	0	2.7	15.764063983035005
1	2	-1	30	0	2.9000000000000004	15.765075960014627
1	2	-1	30	0	3.1	15.761061978805902
1	2	-1	30	0	3.3000000000000003	15.752930392458506
1	2	-1	30	0	3.5000000000000004	15.741411043148299
1	2	-1	30	0	3.7	15.727093841288035
1	2	-1	30	0	3.9000000000000004	15.710458683552652
1	2	-1	30	0	4.5	15.650240431468301
1	2	-1	30	0	5	15.592024800229654
1	2	-1	30	0	5.5	15.529292368585885
1	2	-1	30	0	6	15.463585330014702
1	2	-1	30	0	6.5	15.395764587221223
1	2	-1	30	0	7	15.32621810395035
1	2	-1	30	0	7.5	15.255011676297485
1	2	-1	30	0	8	15.182008762489987
1	2	-1	30	0	8.5	15.106962527670078
1	2	-1	30	0	9	15.029588241104943
1	2	-1	30	0	9.5	14.949617768857978
1	2	-1	30	0	10	14.866832658199383
1	2	-1	30	0	10.5	14.78108188794642
1	2	-1	30	0	11	14.692284299879026
1	2	-1	30	0	11.5	14.600431760220134
1	2	-1	30	0	12	14.50554117179432
1	2	-1	30	5000000	0.1	12.722420277668439
1	2	-1	30	5000000	0.30000000000000004	11.929947844858013
1	2	-1	30	5000000	0.5	12.093284211566644
1	2	-1	30	5000000	0.7000000000000001	14.262722282845658
1	2	-1	30	5000000	0.9	14.732668619622894
1	2	-1	30	5000000	1.1	14.967824626811252
1	2	-1	30	5000000	1.3000000000000003	15.116816809770826
1	2	-1	30	5000000	1.5000000000000002	15.219152668599286
1	2	-1	30	5000000	1.7000000000000002	15.291687193586943
1	2	-1	30	5000000	1.9000000000000001	15.343541605538297
1	2	-1	30	5000000	2.1	15.380305543246745
1	2	-1	30	5000000	2.3000000000000003	15.405687959993895
1	2	-1	30	5000000	2.5000000000000004	15.422285728750444
1	2	-1	30	5000000	2.7	15.431980561394676
1	2	-1	30	5000000	2.9000000000000004	15.436174819763963
1	2	-1	30	5000000	3.1	15.435936831395095
1	2	-1	30	5000000	3.3000000000000003	15.4320964307764
1	2	-1	30	5000000	3.5000000000000004	15.42530864544233
1	2	-1	30	5000000	3.7	15.416097711340395
1	2	-1	30	5000000	3.9000000000000004	15.404888014603237
1	2	-1	30	5000000	4.5	15.362428910064983
1	2	-1	30	5000000	5	15.320210987759348
1	2	-1	30	5000000	5.5	15.27409070138113
1	2	-1	30	5000000	6	15.225172273068047
1	2	-1	30	5000000	6.5	15.173839974253776
1	2	-1	30	5000000	7	15.119953385207635
1	2	-1	30	5000000	7.5	15.062998136955947
1	2	-1	30	5000000	8	15.002219139743255
1	2	-1	30	5000000	8.5	14.936718387913222
1	2	-1	30	5000000	9	14.865531965377945
1	2	-1	30	5000000	9.5	14.787681701701976
1	2	-1	30	5000000	10	14.702200871144928
1	2	-1	30	5000000	10.5	14.608129380812525
1	2	-1	30	5000000	11	14.504520658421391
1	2	-1	30	5000000	11.5	14.3903545009622
1	2	-1	30	5000000	12	14.264710350454294
1	2	-1	30	10000000	0.1	15.139669215095356
1	2	-1	30	10000000	0.30000000000000004	14.61431169537557
1	2	-1	30	10000000	0.5	13.622533301082765
1	2	-1	30	10000000	0.7000000000000001	12.353680973076674
1	2	-1	30	10000000	0.9	11.10895802899052
1	2	-1	30	10000000	1.1	10.375240948412964
1	2	-1	30	10000000	1.3000000000000003	13.41934957822962
1	2	-1	30	10000000	1.5000000000000002	14.23278119831041
1	2	-1	30	10000000	1.7000000000000002	14.479812200671281
1	2	-1	30	10000000	1.9000000000000001	14.582816330885356
1	2	-1	30	10000000	2.1	14.625703683981191
1	2	-1	30	10000000	2.3000000000000003	14.636471073369554
1	2	-1	30	10000000	2.5000000000000004	14.627207001914934
1	2	-1	30	10000000	2.7	14.603998844314544
1	2	-1	30	10000000	2.9000000000000004	14.570138302994076
1	2	-1	30	10000000	3.1	14.527511056801204
1	2	-1	30	10000000	3.3000000000000003	14.477217861518223
1	2	-1	30	10000000	3.5000000000000004	14.419884492907384
1	2	-1	30	10000000	3.7	14.35582682274766
1	2	-1	30	10000000	3.9000000000000004	14.285144950606732
1	2	-1	30	10000000	4.5	14.032120699275655
1	2	-1	30	10000000	5	13.76941719191988
1	2	-1	30	10000000	5.5	13.451025206458432
1	2	-1	30	10000000	6	13.067150097607042
1	2	-1	30	10000000	6.5	12.609859082165315
1	2	-1	30	10000000	7	12.079745741756307
1	2	-1	30	10000000	7.5	11.494323034509986
1	2	-1	30	10000000	8	10.890601652247163
1	2	-1	30	10000000	8.5	10.313425906389599
1	2	-1	30	10000000	9	9.795501663918596
1	2	-1	30	10000000	9.5	9.347124312677204
1	2	-1	30	10000000	10	8.961512947878877
1	2	-1	30	10000000	10.5	8.625455001328596
1	2	-1	30	10000000	11	8.326363152028069
1	2	-1	30	10000000	11.5	8.054785572801379
1	2	-1	30	10000000	12	7.804377319826638
1	2	0	0	-10000000	0.1	4.294891930789735
1	2	0	0	-10000000	0.30000000000000004	4.322597139679757
1	2	0	0	-10000000	0.5	4.372143668960531
1	2	0	0	-10000000	0.7000000000000001	4.4586182703706045
1	2	0	0	-10000000	0.9	4.594421604772694
1	2	0	0	-10000000	1.1	4.755772591057636
1	2	0	0	-10000000	1.3000000000000003	4.881448512445616
1	2	0	0	-10000000	1.5000000000000002	4.952172460047192
1	2	0	0	-10000000	1.7000000000000002	4.9884829350218025
1	2	0	0	-10000000	1.9000000000000001	5.008343935833281
1	2	0	0	-10000000	2.1	5.020447134539758
1	2	0	0	-10000000	2.3000000000000003	5.028554166485468
1	2	0	0	-10000000	2.5000000000000004	5.034306338254677
1	2	0	0	-10000000	2.7	5.038451139461185
1	2	0	0	-10000000	2.9000000000000004	5.041344068285993
1	2	0	0	-10000000	3.1	5.043247070889346
1	2	0	0	-10000000	3.3000000000000003	5.044176800556632
1	2	0	0	-10000000	3.5000000000000004	5.044220754964168
1	2	0	0	-10000000	3.7	5.04341328541893
1	2	0	0	-10000000	3.9000000000000004	5.041773119542315
1	2	0	0	-10000000	4.5	5.031988631117862
1	2	0	0	-10000000	5	5.0184537072470645
1	2	0	0	-10000000	5.5	5.000269845133514
1	2	0	0	-10000000	6	4.977713860539438
1	2	0	0	-10000000	6.5	4.951060934353825
1	2	0	0	-10000000	7	4.920576236790485
1	2	0	0	-10000000	7.5	4.886535832505413
1	2	0	0	-10000000	8	4.849196266192267
1	2	0	0	-10000000	8.5	4.808825574771457
1	2	0	0	-10000000	9	4.765639338900529
1	2	0	0	-10000000	9.5	4.719827832249962
1	2	0	0	-10000000	10	4.671761718545679
1	2	0	0	-10000000	10.5	4.621728024323633
1	2	0	0	-10000000	11	4.569984542194551
1	2	0	0	-10000000	11.5	4.516954969073275
1	2	0	0	-10000000	12	4.462947068742184
1	2	0	0	-5000000	0.1	4.800450997402803
1	2	0	0	-5000000	0.30000000000000004	4.854162726752068
1	2	0	0	-5000000	0.5	4.901029883762383
1	2	0	0	-5000000	0.7000000000000001	4.937039902408847
1	2	0	0	-5000000	0.9	4.961912996702555
1	2	0	0	-5000000	1.1	4.978121762169905
1	2	0	0	-5000000	1.3000000000000003	4.988504279416333
1	2	0	0	-5000000	1.5000000000000002	4.995477204326597
1	2	0	0	-5000000	1.7000000000000002	5.00040594858042
1	2	0	0	-5000000	1.9000000000000001	5.004173903356742
1	2	0	0	-5000000	2.1	5.007171943841851
1	2	0	0	-5000000	2.3000000000000003	5.009699637213161
1	2	0	0	-5000000	2.5000000000000004	5.011828109648179
1	2	0	0	-5000000	2.7	5.0136321533620665
1	2	0	0	-5000000	2.9000000000000004	5.01514820091613
1	2	0	0	-5000000	3.1	5.016355416759211
1	2	0	0	-5000000	3.3000000000000003	5.017290648889427
1	2	0	0	-5000000	3.5000000000000004	5.017936461175394
1	2	0	0	-5000000	3.7	5.0182626306412175
1	2	0	0	-5000000	3.9000000000000004	5.01826598677481
1	2	0	0	-5000000	4.5	5.01615280492793
1	2	0	0	-5000000	5	5.011684095475379
1	2	0	0	-5000000	5.5	5.00446251599897
1	2	0	0	-5000000	6	4.9942727443242845
1	2	0	0	-5000000	6.5	4.980980201216221
1	2	0	0	-5000000	7	4.96453691998387
1	2	0	0	-5000000	7.5	4.944974072357851
1	2	0	0	-5000000	8	4.922380800294601
1	2	0	0	-5000000	8.5	4.896877150389096
1	2	0	0	-5000000	9	4.8686079192230265
1	2	0	0	-5000000	9.5	4.837710862276117
1	2	0	0	-5000000	10	4.804322573974855
1	2	0	0	-5000000	10.5	4.76862927517158
1	2	0	0	-5000000	11	4.730685189503643
1	2	0	0	-5000000	11.5	4.690679297318068
1	2	0	0	-5000000	12	4.648748024301782
1	2	0	0	0	0.1	4.93287581328487
1	2	0	0	0	0.30000000000000004	4.944576400465563
1	2	0	0	0	0.5	4.953496457851613
1	2	0	0	0	0.7000000000000001	4.959945995782923
1	2	0	0	0	0.9	4.964106289186761
1	2	0	0	0	1.1	4.966542941249474
1	2	0	0	0	1.3000000000000003	4.967647541093233
1	2	0	0	0	1.5000000000000002	4.9676836149627634
1	2	0	0	0	1.7000000000000002	4.96698839847201
1	2	0	0	0	1.9000000000000001	4.965819461136062
1	2	0	0	0	2.1	4.964216355656642
1	2	0	0	0	2.3000000000000003	4.962221222981495
1	2	0	0	0	2.5000000000000004	4.959991054357944
1	2	0	0	0	2.7	4.95750788774095
1	2	0	0	0	2.9000000000000004	4.954816113706225
1	2	0	0	0	3.1	4.951986710445485
1	2	0	0	0	3.3000000000000003	4.948946453530804
1	2	0	0	0	3.5000000000000004	4.945734766575985
1	2	0	0	0	3.7	4.942398470619177
1	2	0	0	0	3.9000000000000004	4.938898900588149
1	2	0	0	0	4.5	4.927710925338396
1	2	0	0	0	5	4.917689402746486
1	2	0	0	0	5.5	4.907148151568004
1	2	0	0	0	6	4.896182051734931
1	2	0	0	0	6.5	4.88487519538714
1	2	0	0	0	7	4.873290811195574
1	2	0	0	0	7.5	4.861485573902503
1	2	0	0	0	8	4.8495054644477325
1	2	0	0	0	8.5	4.837389363144023
1	2	0	0	0	9	4.825168905407917
1	2	0	0	0	9.5	4.812871269506133
1	2	0	0	0	10	4.800520275257367
1	2	0	0	0	10.5	4.78813253963572
1	2	0	0	0	11	4.7757261763410765
1	2	0	0	0	11.5	4.763313297732241
1	2	0	0	0	12	4.750906802770999
1	2	0	0	5000000	0.1	4.798185885199743
1	2	0	0	5000000	0.30000000000000004	4.840457899050765
1	2	0	0	5000000	0.5	4.871773401441152
1	2	0	0	5000000	0.7000000000000001	4.89321779039919
1	2	0	0	5000000	0.9	4.906670071357114
1	2	0	0	5000000	1.1	4.914056828457511
1	2	0	0	5000000	1.3000000000000003	4.9170464805441485
1	2	0	0	5000000	1.5000000000000002	4.916875695143433
1	2	0	0	5000000	1.7000000000000002	4.914438249669345
1	2	0	0	5000000	1.9000000000000001	4.910335405403921
1	2	0	0	5000000	2.1	4.9049777026254935
1	2	0	0	5000000	2.3000000000000003	4.898636916942661
1	2	0	0	5000000	2.5000000000000004	4.8914877531946415
1	2	0	0	5000000	2.7	4.883660577925579
1	2	0	0	5000000	2.9000000000000004	4.87523783805806
1	2	0	0	5000000	3.1	4.866283098943296
1	2	0	0	5000000	3.3000000000000003	4.856843504018201
1	2	0	0	5000000	3.5000000000000004	4.846944780921527
1	2	0	0	5000000	3.7	4.8366732613495165
1	2	0	0	5000000	3.9000000000000004	4.825949202261286
1	2	0	0	5000000	4.5	4.791835246951594
1	2	0	0	5000000	5	4.761328575174796
1	2	0	0	5000000	5.5	4.7292537936151975
1	2	0	0	5000000	6	4.695866819967183
1	2	0	0	5000000	6.5	4.6613823344210825
1	2	0	0	5000000	7	4.62593970195212
1	2	0	0	5000000	7.5	4.589660811417152
1	2	0	0	5000000	8	4.552610786322221
1	2	0	0	5000000	8.5	4.51483224495646
1	2	0	0	5000000	9	4.476336754853033
1	2	0	0	5000000	9.5	4.437123330349225
1	2	0	0	5000000	10	4.397191413797121
1	2	0	0	5000000	10.5	4.356544193324306
1	2	0	0	5000000	11	4.3151847438305815
1	2	0	0	5000000	11.5	4.273128346702316
1	2	0	0	5000000	12	4.2304010976058395
1	2	0	0	10000000	0.1	4.31929036449997
1	2	0	0	10000000	0.30000000000000004	4.408927733260651
1	2	0	0	10000000	0.5	4.525230407881496
1	2	0	0	10000000	0.7000000000000001	4.6441968314046385
1	2	0	0	10000000	0.9	4.737026788766382
1	2	0	0	10000000	1.1	4.795238867195813
1	2	0	0	10000000	1.3000000000000003	4.826714767335796
1	2	0	0	10000000	1.5000000000000002	4.841374310092304
1	2	0	0	10000000	1.7000000000000002	4.846055835585965
1	2	0	0	10000000	1.9000000000000001	4.8447463588580275
1	2	0	0	10000000	2.1	4.839700660415484
1	2	0	0	10000000	2.3000000000000003	4.832197538018786
1	2	0	0	10000000	2.5000000000000004	4.823002198011324
1	2	0	0	10000000	2.7	4.812585895526001
1	2	0	0	10000000	2.9000000000000004	4.801252777862899
1	2	0	0	10000000	3.1	4.789209280559608
1	2	0	0	10000000	3.3000000000000003	4.776600136963364
1	2	0	0	10000000	3.5000000000000004	4.763518068690384
1	2	0	0	10000000	3.7	4.750071686614152
1	2	0	0	10000000	3.9000000000000004	4.736312662491904
1	2	0	0	10000000	4.5	4.693466955233325
1	2	0	0	10000000	5	4.656418743412284
1	2	0	0	10000000	5.5	4.618368533081695
1	2	0	0	10000000	6	4.579403116646564
1	2	0	0	10000000	6.5	4.539546407677548
1	2	0	0	10000000	7	4.498770015677336
1	2	0	0	10000000	7.5	4.457050532929276
1	2	0	0	10000000	8	4.414360343786802
1	2	0	0	10000000	8.5	4.37069874795252
1	2	0	0	10000000	9	4.326074243042723
1	2	0	0	10000000	9.5	4.280531568039774
1	2	0	0	10000000	10	4.234155601580646
1	2	0	0	10000000	10.5	4.187050077516569
1	2	0	0	10000000	11	4.139355850087486
1	2	0	0	10000000	11.5	4.0912360570452355
1	2	0	0	10000000	12	4.042860888912988
1	2	0	5	-10000000	0.1	4.803041532340314
1	2	0	5	-10000000	0.30000000000000004	4.841014392143292
1	2	0	5	-10000000	0.5	4.908566727371074
1	2	0	5	-10000000	0.7000000000000001	5.025561036399525
1	2	0	5	-10000000	0.9	5.206549618998769
1	2	0	5	-10000000	1.1	5.415439821074431
1	2	0	5	-10000000	1.3000000000000003	5.573659832786645
1	2	0	5	-10000000	1.5000000000000002	5.66155582008528
1	2	0	5	-10000000	1.7000000000000002	5.706813776917071
1	2	0	5	-10000000	1.9000000000000001	5.731842878952145
1	2	0	5	-10000000	2.1	5.747228211545518
1	2	0	5	-10000000	2.3000000000000003	5.757567281658515
1	2	0	5	-10000000	2.5000000000000004	5.76492552500519
1	2	0	5	-10000000	2.7	5.770192568799481
1	2	0	5	-10000000	2.9000000000000004	5.773841051734678
1	2	0	5	-10000000	3.1	5.776102474226494
1	2	0	5	-10000000	3.3000000000000003	5.7771020454768225
1	2	0	5	-10000000	3.5000000000000004	5.7769068913881485
1	2	0	5	-10000000	3.7	5.775566445307901
1	2	0	5	-10000000	3.9000000000000004	5.773086838676827
1	2	0	5	-10000000	4.5	5.75908879330867
1	2	0	5	-10000000	5	5.740145720094925
1	2	0	5	-10000000	5.5	5.714946671090991
1	2	0	5	-10000000	6	5.683870669377524
1	2	0	5	-10000000	6.5	5.647338361192308
1	2	0	5	-10000000	7	5.605769681029784
1	2	0	5	-10000000	7.5	5.559538177620107
1	2	0	5	-10000000	8	5.50902610738279
1	2	0	5	-10000000	8.5	5.454580976418906
1	2	0	5	-10000000	9	5.396558292079548
1	2	0	5	-10000000	9.5	5.335353839066201
1	2	0	5	-10000000	10	5.271293822409584
1	2	0	5	-10000000	10.5	5.204876363803989
1	2	0	5	-10000000	11	5.13652589484154
1	2	0	5	-10000000	11.5	5.066728608914193
1	2	0	5	-10000000	12	4.995941962021129
1	2	0	5	-5000000	0.1	5.461482455930169
1	2	0	5	-5000000	0.30000000000000004	5.53140111628918
1	2	0	5	-5000000	0.5	5.592130987338757
1	2	0	5	-5000000	0.7000000000000001	5.638543958676394
1	2	0	5	-5000000	0.9	5.670449295212472
1	2	0	5	-5000000	1.1	5.691123500214771
1	2	0	5	-5000000	1.3000000000000003	5.70438317504355
1	2	0	5	-5000000	1.5000000000000002	5.713149384243861
1	2	0	5	-5000000	1.7000000000000002	5.719391555126045
1	2	0	5	-5000000	1.9000000000000001	5.724109001327701
1	2	0	5	-5000000	2.1	5.727862073969894
1	2	0	5	-5000000	2.3000000000000003	5.730999339988311
1	2	0	5	-5000000	2.5000000000000004	5.733624133895712
1	2	0	5	-5000000	2.7	5.735847481813265
1	2	0	5	-5000000	2.9000000000000004	5.737656627293249
1	2	0	5	-5000000	3.1	5.739089205881899
1	2	0	5	-5000000	3.3000000000000003	5.7401494000762385
1	2	0	5	-5000000	3.5000000000000004	5.740806929989561
1	2	0	5	-5000000	3.7	5.741044095447657
1	2	0	5	-5000000	3.9000000000000004	5.740842154014011
1	2	0	5	-5000000	4.5	5.7373640978783556
1	2	0	5	-5000000	5	5.730801257655294
1	2	0	5	-5000000	5.5	5.72052086696182
1	2	0	5	-5000000	6	5.706243909042494
1	2	0	5	-5000000	6.5	5.68777841929474
1	2	0	5	-5000000	7	5.66513087261071
1	2	0	5	-5000000	7.5	5.638306780021299
1	2	0	5	-5000000	8	5.6074689912192435
1	2	0	5	-5000000	8.5	5.572805833456495
1	2	0	5	-5000000	9	5.53452440222408
1	2	0	5	-5000000	9.5	5.4928380306565225
1	2	0	5	-5000000	10	5.447957055362826
1	2	0	5	-5000000	10.5	5.40008396814955
1	2	0	5	-5000000	11	5.349421869501259
1	2	0	5	-5000000	11.5	5.29617388530916
1	2	0	5	-5000000	12	5.240550838533346
1	2	0	5	0	0.1	5.632257501011361
1	2	0	5	0	0.30000000000000004	5.647279143923123
1	2	0	5	0	0.5	5.658697030923999
1	2	0	5	0	0.7000000000000001	5.6667133629306194
1	2	0	5	0	0.9	5.671790740112805
1	2	0	5	0	1.1	5.674514462658975
1	2	0	5	0	1.3000000000000003	5.675457910620987
1	2	0	5	0	1.5000000000000002	5.675100411869418
1	2	0	5	0	1.7000000000000002	5.673780387998585
1	2	0	5	0	1.9000000000000001	5.671793033140047
1	2	0	5	0	2.1	5.6692863216614455
1	2	0	5	0	2.3000000000000003	5.666340758840277
1	2	0	5	0	2.5000000000000004	5.663075897893992
1	2	0	5	0	2.7	5.659484694997267
1	2	0	5	0	2.9000000000000004	5.655664475446261
1	2	0	5	0	3.1	5.651549401801753
1	2	0	5	0	3.3000000000000003	5.647205715459817
1	2	0	5	0	3.5000000000000004	5.642661132196319
1	2	0	5	0	3.7	5.637942655345192
1	2	0	5	0	3.9000000000000004	5.6330524155523305
1	2	0	5	0	4.5	5.6174274577363645
1	2	0	5	0	5	5.603508152780688
1	2	0	5	0	5.5	5.588928556208174
1	2	0	5	0	6	5.573826496604846
1	2	0	5	0	6.5	5.5582923269195454
1	2	0	5	0	7	5.542418529100442
1	2	0	5	0	7.5	5.526287387667865
1	2	0	5	0	8	5.509954036949257
1	2	0	5	0	8.5	5.493469560396193
1	2	0	5	0	9	5.476875144989169
1	2	0	5	0	9.5	5.460208490657909
1	2	0	5	0	10	5.443499323960281
1	2	0	5	0	10.5	5.426771226858335
1	2	0	5	0	11	5.410043956755463
1	2	0	5	0	11.5	5.39333359193976
1	2	0	5	0	12	5.376661218916274
1	2	0	5	5000000	0.1	5.458016295578716
1	2	0	5	5000000	0.30000000000000004	5.512299085347351
1	2	0	5	5000000	0.5	5.552217477030347
1	2	0	5	5000000	0.7000000000000001	5.579271108925127
1	2	0	5	5000000	0.9	5.595941572238415
1	2	0	5	5000000	1.1	5.604765756651628
1	2	0	5	5000000	1.3000000000000003	5.607883481359351
1	2	0	5	5000000	1.5000000000000002	5.60691680624552
1	2	0	5	5000000	1.7000000000000002	5.603018332138805
1	2	0	5	5000000	1.9000000000000001	5.596974074993096
1	2	0	5	5000000	2.1	5.589309547972377
1	2	0	5	5000000	2.3000000000000003	5.5803736411116205
1	2	0	5	5000000	2.5000000000000004	5.570399922432504
1	2	0	5	5000000	2.7	5.559535274877006
1	2	0	5	5000000	2.9000000000000004	5.547928448218666
1	2	0	5	5000000	3.1	5.535625328285896
1	2	0	5	5000000	3.3000000000000003	5.522696734610598
1	2	0	5	5000000	3.5000000000000004	5.509193849774007
1	2	0	5	5000000	3.7	5.495158283159592
1	2	0	5	5000000	3.9000000000000004	5.48062544378929
1	2	0	5	5000000	4.5	5.4343813168351005
1	2	0	5	5000000	5	5.393253022594895
1	2	0	5	5000000	5.5	5.350177432493712
1	2	0	5	5000000	6	5.305518900883264
1	2	0	5	5000000	6.5	5.259581767918002
1	2	0	5	5000000	7	5.212506491825592
1	2	0	5	5000000	7.5	5.164489550067123
1	2	0	5	5000000	8	5.115623385460629
1	2	0	5	5000000	8.5	5.065960764455545
1	2	0	5	5000000	9	5.0155263877818586
1	2	0	5	5000000	9.5	4.964317227172865
1	2	0	5	5000000	10	4.912348383579612
1	2	0	5	5000000	10.5	4.859635862194333
1	2	0	5	5000000	11	4.80617368153975
1	2	0	5	5000000	11.5	4.751986635116959
1	2	0	5	5000000	12	4.697115290797431
1	2	0	5	10000000	0.1	4.834886059445192
1	2	0	5	10000000	0.30000000000000004	4.95335545867165
1	2	0	5	10000000	0.5	5.105879846552023
1	2	0	5	10000000	0.7000000000000001	5.259836637558087
1	2	0	5	10000000	0.9	5.37812427820052
1	2	0	5	10000000	1.1	5.451238211610851
1	2	0	5	10000000	1.3000000000000003	5.490078580216463
1	2	0	5	10000000	1.5000000000000002	5.507542280409314
1	2	0	5	10000000	1.7000000000000002	5.512338688105671
1	2	0	5	10000000	1.9000000000000001	5.509529123078484
1	2	0	5	10000000	2.1	5.5019637983437475
1	2	0	5	10000000	2.3000000000000003	5.491277050856314
1	2	0	5	10000000	2.5000000000000004	5.478439033662891
1	2	0	5	10000000	2.7	5.464051669743997
1	2	0	5	10000000	2.9000000000000004	5.4485053135873125
1	2	0	5	10000000	3.1	5.4320648731923
1	2	0	5	10000000	3.3000000000000003	5.414917204742075
1	2	0	5	10000000	3.5000000000000004	5.397198760373531
1	2	0	5	10000000	3.7	5.379011939909375
1	2	0	5	10000000	3.9000000000000004	5.360434799042179
1	2	0	5	10000000	4.5	5.302901260828592
1	2	0	5	10000000	5	5.253384530971428
1	2	0	5	10000000	5.5	5.202733982813867
1	2	0	5	10000000	6	5.151163701402223
1	2	0	5	10000000	6.5	5.0985331672566785
1	2	0	5	10000000	7	5.044966226314925
1	2	0	5	10000000	7.5	4.990352180702038
1	2	0	5	10000000	8	4.934697589677926
1	2	0	5	10000000	8.5	4.877981733630168
1	2	0	5	10000000	9	4.820223161352093
1	2	0	5	10000000	9.5	4.761492981786001
1	2	0	5	10000000	10	4.701888907628226
1	2	0	5	10000000	10.5	4.641573127836362
1	2	0	5	10000000	11	4.580775644591782
1	2	0	5	10000000	11.5	4.519620117184772
1	2	0	5	10000000	12	4.458365357756078
1	2	0	10	-10000000	0.1	6.134812822131558
1	2	0	10	-10000000	0.30000000000000004	6.20391903736772
1	2	0	10	-10000000	0.5	6.325546244258461
1	2	0	10	-10000000	0.7000000000000001	6.533084541395973
1	2	0	10	-10000000	0.9	6.843310982174427
1	2	0	10	-10000000	1.1	7.180802678316687
1	2	0	10	-10000000	1.3000000000000003	7.42257635763401
1	2	0	10	-10000000	1.5000000000000002	7.55425960787383
1	2	0	10	-10000000	1.7000000000000002	7.622593331450176
1	2	0	10	-10000000	1.9000000000000001	7.661287312907524
1	2	0	10	-10000000	2.1	7.685493153569099
1	2	0	10	-10000000	2.3000000000000003	7.702012738655224
1	2	0	10	-10000000	2.5000000000000004	7.7138385961032405
1	2	0	10	-10000000	2.7	7.722327296984169
1	2	0	10	-10000000	2.9000000000000004	7.728139060667499
1	2	0	10	-10000000	3.1	7.7316192734458165
1	2	0	10	-10000000	3.3000000000000003	7.732953711317007
1	2	0	10	-10000000	3.5000000000000004	7.732249759122235
1	2	0	10	-10000000	3.7	7.729558971994793
1	2	0	10	-10000000	3.9000000000000004	7.724919165765207
1	2	0	10	-10000000	4.5	7.699640239953332
1	2	0	10	-10000000	5	7.66602072508877
1	2	0	10	-10000000	5.5	7.621629541315932
1	2	0	10	-10000000	6	7.567204185821671
1	2	0	10	-10000000	6.5	7.503534486993974
1	2	0	10	-10000000	7	7.431409891138594
1	2	0	10	-10000000	7.5	7.351567830960468
1	2	0	10	-10000000	8	7.26470591115765
1	2	0	10	-10000000	8.5	7.171499354220631
1	2	0	10	-10000000	9	7.072621989665311
1	2	0	10	-10000000	9.5	6.968770531487403
1	2	0	10	-10000000	10	6.860679551639667
1	2	0	10	-10000000	10.5	6.749126226915092
1	2	0	10	-10000000	11	6.634923851548512
1	2	0	10	-10000000	11.5	6.518905628911649
1	2	0	10	-10000000	12	6.401899565488479
1	2	0	10	-5000000	0.1	7.218931570913245
1	2	0	10	-5000000	0.30000000000000004	7.333545336979818
1	2	0	10	-5000000	0.5	7.431986020323202
1	2	0	10	-5000000	0.7000000000000001	7.506449649990801
1	2	0	10	-5000000	0.9	7.557310320552646
1	2	0	10	-5000000	1.1	7.590099229065332
1	2	0	10	-5000000	1.3000000000000003	7.611071174428766
1	2	0	10	-5000000	1.5000000000000002	7.624963415171205
1	2	0	10	-5000000	1.7000000000000002	7.634765429528309
1	2	0	10	-5000000	1.9000000000000001	7.642206846725051
1	2	0	10	-5000000	2.1	7.648154054289661
1	2	0	10	-5000000	2.3000000000000003	7.6530935208986
1	2	0	10	-5000000	2.5000000000000004	7.657255865728506
1	2	0	10	-5000000	2.7	7.660746919536021
1	2	0	10	-5000000	2.9000000000000004	7.663583774451628
1	2	0	10	-5000000	3.1	7.665780993820077
1	2	0	10	-5000000	3.3000000000000003	7.667374949322317
1	2	0	10	-5000000	3.5000000000000004	7.668265694582838
1	2	0	10	-5000000	3.7	7.668416201605776
1	2	0	10	-5000000	3.9000000000000004	7.667830056445519
1	2	0	10	-5000000	4.5	7.661124174747583
1	2	0	10	-5000000	5	7.649205209890942
1	2	0	10	-5000000	5.5	7.630863754598899
1	2	0	10	-5000000	6	7.605630897395876
1	2	0	10	-5000000	6.5	7.573248603605838
1	2	0	10	-5000000	7	7.5336801145165335
1	2	0	10	-5000000	7.5	7.487067745574749
1	2	0	10	-5000000	8	7.433702612744894
1	2	0	10	-5000000	8.5	7.373945944090843
1	2	0	10	-5000000	9	7.308204624014419
1	2	0	10	-5000000	9.5	7.236891200486459
1	2	0	10	-5000000	10	7.160410109975902
1	2	0	10	-5000000	10.5	7.079150873861045
1	2	0	10	-5000000	11	6.993498372137238
1	2	0	10	-5000000	11.5	6.90383951769286
1	2	0	10	-5000000	12	6.810572689608684
1	2	0	10	0	0.1	7.492761747867022
1	2	0	10	0	0.30000000000000004	7.517112873144368
1	2	0	10	0	0.5	7.535295926913329
1	2	0	10	0	0.7000000000000001	7.547698993752526
1	2	0	10	0	0.9	7.555150405152816
1	2	0	10	0	1.1	7.5586778685565745
1	2	0	10	0	1.3000000000000003	7.559275950911784
1	2	0	10	0	1.5000000000000002	7.557764358039979
1	2	0	10	0	1.7000000000000002	7.554749256230389
1	2	0	10	0	1.9000000000000001	7.550642914514241
1	2	0	10	0	2.1	7.545715881515137
1	2	0	10	0	2.3000000000000003	7.540137198779836
1	2	0	10	0	2.5000000000000004	7.534016561871881
1	2	0	10	0	2.7	7.527421576088099
1	2	0	10	0	2.9000000000000004	7.520412077823066
1	2	0	10	0	3.1	7.513015140125025
1	2	0	10	0	3.3000000000000003	7.505264329338132
1	2	0	10	0	3.5000000000000004	7.497185801554317
1	2	0	10	0	3.7	7.488803107084097
1	2	0	10	0	3.9000000000000004	7.480138341126924
1	2	0	10	0	4.5	7.452653731542757
1	2	0	10	0	5	7.42831487931076
1	2	0	10	0	5.5	7.402941066796448
1	2	0	10	0	6	7.376737378641042
1	2	0	10	0	6.5	7.349909035024459
1	2	0	10	0	7	7.322569510845514
1	2	0	10	0	7.5	7.2948694469220765
1	2	0	10	0	8	7.266915745283129
1	2	0	10	0	8.5	7.238758922005663
1	2	0	10	0	9	7.210499149905401
1	2	0	10	0	9.5	7.182198451770082
1	2	0	10	0	10	7.153870058538507
1	2	0	10	0	10.5	7.125614775718121
1	2	0	10	0	11	7.097411324374912
1	2	0	10	0	11.5	7.069304862636874
1	2	0	10	0	12	7.041317998241688
1	2	0	10	5000000	0.1	7.211883226077779
1	2	0	10	5000000	0.30000000000000004	7.298692934822813
1	2	0	10	5000000	0.5	7.361747070590144
1	2	0	10	5000000	0.7000000000000001	7.4037689273745775
1	2	0	10	5000000	0.9	7.428924979521424
1	2	0	10	5000000	1.1	7.441375810503671
1	2	0	10	5000000	1.3000000000000003	7.444614713667419
1	2	0	10	5000000	1.5000000000000002	7.441274738267767
1	2	0	10	5000000	1.7000000000000002	7.433222665652449
1	2	0	10	5000000	1.9000000000000001	7.421731497159884
1	2	0	10	5000000	2.1	7.407641594685435
1	2	0	10	5000000	2.3000000000000003	7.391514082737085
1	2	0	10	5000000	2.5000000000000004	7.373720563095867
1	2	0	10	5000000	2.7	7.35451551978042
1	2	0	10	5000000	2.9000000000000004	7.334077471222081
1	2	0	10	5000000	3.1	7.3125351131161755
1	2	0	10	5000000	3.3000000000000003	7.289989774764753
1	2	0	10	5000000	3.5000000000000004	7.266523162506689
1	2	0	10	5000000	3.7	7.242203737269102
1	2	0	10	5000000	3.9000000000000004	7.217093719347754
1	2	0	10	5000000	4.5	7.137561445481953
1	2	0	10	5000000	5	7.067212191923481
1	2	0	10	5000000	5.5	6.99390522904025
1	2	0	10	5000000	6	6.918241103388939
1	2	0	10	5000000	6.5	6.840711370780611
1	2	0	10	5000000	7	6.761690960357279
1	2	0	10	5000000	7.5	6.681445068264735
1	2	0	10	5000000	8	6.600145375212968
1	2	0	10	5000000	8.5	6.517892741043782
1	2	0	10	5000000	9	6.434739537768404
1	2	0	10	5000000	9.5	6.350710511468945
1	2	0	10	5000000	10	6.265819895333393
1	2	0	10	5000000	10.5	6.180084637681753
1	2	0	10	5000000	11	6.093534667858973
1	2	0	10	5000000	11.5	6.006220344149525
1	2	0	10	5000000	12	5.918217593005489
1	2	0	10	10000000	0.1	6.187790032282193
1	2	0	10	10000000	0.30000000000000004	6.38950968301248
1	2	0	10	10000000	0.5	6.644781971505316
1	2	0	10	10000000	0.7000000000000001	6.895416475963531
1	2	0	10	10000000	0.9	7.082124464474716
1	2	0	10	10000000	1.1	7.194413123831486
1	2	0	10	10000000	1.3000000000000003	7.252237991956056
1	2	0	10	10000000	1.5000000000000002	7.276552656218246
1	2	0	10	10000000	1.7000000000000002	7.2810906008439895
1	2	0	10	10000000	1.9000000000000001	7.273759917334381
1	2	0	10	10000000	2.1	7.258993036429159
1	2	0	10	10000000	2.3000000000000003	7.239338042298751
1	2	0	10	10000000	2.5000000000000004	7.216316226384371
1	2	0	10	10000000	2.7	7.190871775748671
1	2	0	10	10000000	2.9000000000000004	7.1636217122727235
1	2	0	10	10000000	3.1	7.134990170735871
1	2	0	10	10000000	3.3000000000000003	7.1052753142213865
1	2	0	10	10000000	3.5000000000000004	7.074697219247751
1	2	0	10	10000000	3.7	7.043420859806728
1	2	0	10	10000000	3.9000000000000004	7.01157317680685
1	2	0	10	10000000	4.5	6.913485055576446
1	2	0	10	10000000	5	6.829658721684455
1	2	0	10	10000000	5.5	6.7444356623332
1	2	0	10	10000000	6	6.658005376279878
1	2	0	10	10000000	6.5	6.570409484591423
1	2	0	10	10000000	7	6.481620959365178
1	2	0	10	10000000	7.5	6.391594045951754
1	2	0	10	10000000	8	6.300301301891069
1	2	0	10	10000000	8.5	6.207747782281463
1	2	0	10	10000000	9	6.113993225690367
1	2	0	10	10000000	9.5	6.019158531696872
1	2	0	10	10000000	10	5.9234309643462
1	2	0	10	10000000	10.5	5.82705931976617
1	2	0	10	10000000	11	5.730346067824472
1	2	0	10	10000000	11.5	5.633633678981494
1	2	0	10	10000000	12	5.537282881315523
1	2	0	20	-10000000	0.1	7.975503624693113
1	2	0	20	-10000000	0.30000000000000004	12.483086217937505
1	2	0	20	-10000000	0.5	12.199525751628657
1	2	0	20	-10000000	0.7000000000000001	11.671681961688055
1	2	0	20	-10000000	0.9	10.825844773275021
1	2	0	20	-10000000	1.1	9.845409354694201
1	2	0	20	-10000000	1.3000000000000003	9.11085005420899
1	2	0	20	-10000000	1.5000000000000002	10.41666778835707
1	2	0	20	-10000000	1.7000000000000002	10.516052201509499
1	2	0	20	-10000000	1.9000000000000001	10.574339342689283
1	2	0	20	-10000000	2.1	10.612392575949702
1	2	0	20	-10000000	2.3000000000000003	10.639170837195186
1	2	0	20	-10000000	2.5000000000000004	10.658672905201373
1	2	0	20	-10000000	2.7	10.67277215995057
1	2	0	20	-10000000	2.9000000000000004	10.68237788981301
1	2	0	20	-10000000	3.1	10.687949818801862
1	2	0	20	-10000000	3.3000000000000003	10.689728070931437
1	2	0	20	-10000000	3.5000000000000004	10.687843802656527
1	2	0	20	-10000000	3.7	10.682375041113414
1	2	0	20	-10000000	3.9000000000000004	10.673376049905304
1	2	0	20	-10000000	4.5	10.625675180287296
1	2	0	20	-10000000	5	10.563067735580725
1	2	0	20	-10000000	5.5	10.480972596538987
1	2	0	20	-10000000	6	10.380883856459246
1	2	0	20	-10000000	6.5	10.264408568861747
1	2	0	20	-10000000	7	10.133136547774264
1	2	0	20	-10000000	7.5	9.988575584893798
1	2	0	20	-10000000	8	9.832146997588394
1	2	0	20	-10000000	8.5	9.665217149047788
1	2	0	20	-10000000	9	9.489140992940293
1	2	0	20	-10000000	9.5	9.305300903381191
1	2	0	20	-10000000	10	9.115131049784553
1	2	0	20	-10000000	10.5	8.920122684057874
1	2	0	20	-10000000	11	8.721809209237781
1	2	0	20	-10000000	11.5	8.521733191270311
1	2	0	20	-10000000	12	8.321400345957311
1	2	0	20	-5000000	0.1	9.834493572755541
1	2	0	20	-5000000	0.30000000000000004	10.026914383219879
1	2	0	20	-5000000	0.5	10.188462694568345
1	2	0	20	-5000000	0.7000000000000001	10.308443664967308
1	2	0	20	-5000000	0.9	10.389397482812312
1	2	0	20	-5000000	1.1	10.441116411517736
1	2	0	20	-5000000	1.3000000000000003	10.47407644238496
1	2	0	20	-5000000	1.5000000000000002	10.495983534591458
1	2	0	20	-5000000	1.7000000000000002	10.511559800987564
1	2	0	20	-5000000	1.9000000000000001	10.523478034292857
1	2	0	20	-5000000	2.1	10.53315201788855
1	2	0	20	-5000000	2.3000000000000003	10.54128368389506
1	2	0	20	-5000000	2.5000000000000004	10.548197954898926
1	2	0	20	-5000000	2.7	10.554023047420474
1	2	0	20	-5000000	2.9000000000000004	10.558786096362574
1	2	0	20	-5000000	3.1	10.56246287010085
1	2	0	20	-5000000	3.3000000000000003	10.565002107543968
1	2	0	20	-5000000	3.5000000000000004	10.566337938902102
1	2	0	20	-5000000	3.7	10.566395952675862
1	2	0	20	-5000000	3.9000000000000004	10.565096590865846
1	2	0	20	-5000000	4.5	10.55222362298998
1	2	0	20	-5000000	5	10.529989954791665
1	2	0	20	-5000000	5.5	10.496079090984194
1	2	0	20	-5000000	6	10.449667664745535
1	2	0	20	-5000000	6.5	10.390342322441006
1	2	0	20	-5000000	7	10.318115244639536
1	2	0	20	-5000000	7.5	10.2333616669404
1	2	0	20	-5000000	8	10.13671408318317
1	2	0	20	-5000000	8.5	10.02895242675004
1	2	0	20	-5000000	9	9.910916659139385
1	2	0	20	-5000000	9.5	9.783451317682815
1	2	0	20	-5000000	10	9.64737991797916
1	2	0	20	-5000000	10.5	9.503500270345857
1	2	0	20	-5000000	11	9.352592592543308
1	2	0	20	-5000000	11.5	9.195432514517448
1	2	0	20	-5000000	12	9.032804376121957
1	2	0	20	0	0.1	10.274250971287271
1	2	0	20	0	0.30000000000000004	10.314508092705594
1	2	0	20	0	0.5	10.343653104417953
1	2	0	20	0	0.7000000000000001	10.362490133460765
1	2	0	20	0	0.9	10.372600006246177
1	2	0	20	0	1.1	10.375985612594066
1	2	0	20	0	1.3000000000000003	10.37447389871857
1	2	0	20	0	1.5000000000000002	10.369534532368151
1	2	0	20	0	1.7000000000000002	10.362223735514238
1	2	0	20	0	1.9000000000000001	10.353242432129944
1	2	0	20	0	2.1	10.343028663872785
1	2	0	20	0	2.3000000000000003	10.33184404644647
1	2	0	20	0	2.5000000000000004	10.319846759902733
1	2	0	20	0	2.7	10.30713518222774
1	2	0	20	0	2.9000000000000004	10.293775350714295
1	2	0	20	0	3.1	10.279816202645632
1	2	0	20	0	3.3000000000000003	10.265297617842453
1	2	0	20	0	3.5000000000000004	10.250256004256418
1	2	0	20	0	3.7	10.234725912109552
1	2	0	20	0	3.9000000000000004	10.21874083849833
1	2	0	20	0	4.5	10.168378403690534
1	2	0	20	0	5	10.124103601788685
1	2	0	20	0	5.5	10.078190252863067
1	2	0	20	0	6	10.03100824121933
1	2	0	20	0	6.5	9.982870720855194
1	2	0	20	0	7	9.934039996032217
1	2	0	20	0	7.5	9.884732773855605
1	2	0	20	0	8	9.835127653731675
1	2	0	20	0	8.5	9.785370872343616
1	2	0	20	0	9	9.735582516840589
1	2	0	20	0	9.5	9.685861522004824
1	2	0	20	0	10	9.63628648980247
1	2	0	20	0	10.5	9.586924968764508
1	2	0	20	0	11	9.537826716694132
1	2	0	20	0	11.5	9.489037057742364
1	2	0	20	0	12	9.440589548929422
1	2	0	20	5000000	0.1	9.818440233749627
1	2	0	20	5000000	0.30000000000000004	9.957944737102874
1	2	0	20	5000000	0.5	10.05682140844636
1	2	0	20	5000000	0.7000000000000001	10.120556191077952
1	2	0	20	5000000	0.9	10.156504028532728
1	2	0	20	5000000	1.1	10.171632339964656
1	2	0	20	5000000	1.3000000000000003	10.171756636881513
1	2	0	20	5000000	1.5000000000000002	10.16129306833026
1	2	0	20	5000000	1.7000000000000002	10.143262055644032
1	2	0	20	5000000	1.9000000000000001	10.11971915631366
1	2	0	20	5000000	2.1	10.092029335685217
1	2	0	20	5000000	2.3000000000000003	10.061081364248874
1	2	0	20	5000000	2.5000000000000004	10.027463024661538
1	2	0	20	5000000	2.7	9.991568566841961
1	2	0	20	5000000	2.9000000000000004	9.953677089744717
1	2	0	20	5000000	3.1	9.913994539184687
1	2	0	20	5000000	3.3000000000000003	9.872680616467488
1	2	0	20	5000000	3.5000000000000004	9.829867353572244
1	2	0	20	5000000	3.7	9.785669800808233
1	2	0	20	5000000	3.9000000000000004	9.740192400607532
1	2	0	20	5000000	4.5	9.597036404406193
1	2	0	20	5000000	5	9.471355604134542
1	2	0	20	5000000	5.5	9.341213976479203
1	2	0	20	5000000	6	9.207704317395475
1	2	0	20	5000000	6.5	9.071723171720313
1	2	0	20	5000000	7	8.93395189962098
1	2	0	20	5000000	7.5	8.794872686807722
1	2	0	20	5000000	8	8.654801993580682
1	2	0	20	5000000	8.5	8.513929633681954
1	2	0	20	5000000	9	8.37235987876804
1	2	0	20	5000000	9.5	8.230147580368849
1	2	0	20	5000000	10	8.087333493826753
1	2	0	20	5000000	10.5	7.9439680449734995
1	2	0	20	5000000	11	7.80010979680694
1	2	0	20	5000000	11.5	7.655866675679962
1	2	0	20	5000000	12	7.511373978971772
1	2	0	20	10000000	0.1	8.069310188272352
1	2	0	20	10000000	0.30000000000000004	8.441722745196204
1	2	0	20	10000000	0.5	8.893509309980319
1	2	0	20	10000000	0.7000000000000001	9.31175697796704
1	2	0	20	10000000	0.9	9.60455885560132
1	2	0	20	10000000	1.1	9.771356769731735
1	2	0	20	10000000	1.3000000000000003	9.851727506685297
1	2	0	20	10000000	1.5000000000000002	9.880359789490209
1	2	0	20	10000000	1.7000000000000002	9.87871286002185
1	2	0	20	10000000	1.9000000000000001	9.858858748804803
1	2	0	20	10000000	2.1	9.827634166222879
1	2	0	20	10000000	2.3000000000000003	9.788875858420935
1	2	0	20	10000000	2.5000000000000004	9.74493939911126
1	2	0	20	10000000	2.7	9.697286812747409
1	2	0	20	10000000	2.9000000000000004	9.64688312436905
1	2	0	20	10000000	3.1	9.594397324725618
1	2	0	20	10000000	3.3000000000000003	9.54030615469651
1	2	0	20	10000000	3.5000000000000004	9.484959272032757
1	2	0	20	10000000	3.7	9.428622969444229
1	2	0	20	10000000	3.9000000000000004	9.371503942754632
1	2	0	20	10000000	4.5	9.196906500478168
1	2	0	20	10000000	5	9.049057843668582
1	2	0	20	10000000	5.5	8.899901070490131
1	2	0	20	10000000	6	8.749735551473556
1	2	0	20	10000000	6.5	8.598613618524482
1	2	0	20	10000000	7	8.4464904601727
1	2	0	20	10000000	7.5	8.29330245811392
1	2	0	20	10000000	8	8.139002124724913
1	2	0	20	10000000	8.5	7.983617961832
1	2	0	20	10000000	9	7.827283045659807
1	2	0	20	10000000	9.5	7.670205502797849
1	2	0	20	10000000	10	7.512730138678618
1	2	0	20	10000000	10.5	7.355276201529498
1	2	0	20	10000000	11	7.198383557107269
1	2	0	20	10000000	11.5	7.042577561913147
1	2	0	20	10000000	12	6.888470242435745
1	2	0	30	-10000000	0.1	14.732377428856362
1	2	0	30	-10000000	0.30000000000000004	14.529706676802121
1	2	0	30	-10000000	0.5	14.131142564201559
1	2	0	30	-10000000	0.7000000000000001	13.398736796068572
1	2	0	30	-10000000	0.9	12.254712739548975
1	2	0	30	-10000000	1.1	10.983315909702327
1	2	0	30	-10000000	1.3000000000000003	10.068093969806974
1	2	0	30	-10000000	1.5000000000000002	9.572978535171261
1	2	0	30	-10000000	1.7000000000000002	9.316452575573699
1	2	0	30	-10000000	1.9000000000000001	12.707912262282413
1	2	0	30	-10000000	2.1	12.755317366426675
1	2	0	30	-10000000	2.3000000000000003	12.789550899540593
1	2	0	30	-10000000	2.5000000000000004	12.814893931080324
1	2	0	30	-10000000	2.7	12.833356452365164
1	2	0	30	-10000000	2.9000000000000004	12.845906035071529
1	2	0	30	-10000000	3.1	12.853020967681058
1	2	0	30	-10000000	3.3000000000000003	12.854943243932679
1	2	0	30	-10000000	3.5000000000000004	12.851800620266916
1	2	0	30	-10000000	3.7	12.843668418352165
1	2	0	30	-10000000	3.9000000000000004	12.830602267265132
1	2	0	30	-10000000	4.5	12.762385118716994
1	2	0	30	-10000000	5	12.673505477684477
1	2	0	30	-10000000	5.5	12.557417847116891
1	2	0	30	-10000000	6	12.416363793510664
1	2	0	30	-10000000	6.5	12.252757179293877
1	2	0	30	-10000000	7	12.06898437891085
1	2	0	30	-10000000	7.5	11.867306259099232
1	2	0	30	-10000000	8	11.649849719369096
1	2	0	30	-10000000	8.5	11.418651312088455
1	2	0	30	-10000000	9	11.175717491534755
1	2	0	30	-10000000	9.5	10.923077451547341
1	2	0	30	-10000000	10	10.662815056498987
1	2	0	30	-10000000	10.5	10.397073675023863
1	2	0	30	-10000000	11	10.128032917829138
1	2	0	30	-10000000	11.5	9.857860748783597
1	2	0	30	-10000000	12	9.588648478118193
1	2	0	30	-5000000	0.1	11.657546692246969
1	2	0	30	-5000000	0.30000000000000004	11.258690947807573
1	2	0	30	-5000000	0.5	10.933716501250782
1	2	0	30	-5000000	0.7000000000000001	10.714062144404274
1	2	0	30	-5000000	0.9	12.453774602846437
1	2	0	30	-5000000	1.1	12.517509634829713
1	2	0	30	-5000000	1.3000000000000003	12.558118147046686
1	2	0	30	-5000000	1.5000000000000002	12.585086736399468
1	2	0	30	-5000000	1.7000000000000002	12.604421767440144
1	2	0	30	-5000000	1.9000000000000001	12.6194207775421
1	2	0	30	-5000000	2.1	12.631780091649958
1	2	0	30	-5000000	2.3000000000000003	12.64231423432343
1	2	0	30	-5000000	2.5000000000000004	12.651372155181567
1	2	0	30	-5000000	2.7	12.659065367518226
1	2	0	30	-5000000	2.9000000000000004	12.665386868630138
1	2	0	30	-5000000	3.1	12.670271261012022
1	2	0	30	-5000000	3.3000000000000003	12.673624341654854
1	2	0	30	-5000000	3.5000000000000004	12.675336967403435
1	2	0	30	-5000000	3.7	12.675292549974067
1	2	0	30	-5000000	3.9000000000000004	12.673369842335669
1	2	0	30	-5000000	4.5	12.655097958212941
1	2	0	30	-5000000	5	12.623767154020921
1	2	0	30	-5000000	5.5	12.576064202250553
1	2	0	30	-5000000	6	12.510855364565474
1	2	0	30	-5000000	6.5	12.427618811386639
1	2	0	30	-5000000	7	12.326456630979173
1	2	0	30	-5000000	7.5	12.207995558361018
1	2	0	30	-5000000	8	12.07322813141385
1	2	0	30	-5000000	8.5	11.923351063127917
1	2	0	30	-5000000	9	11.759638485892191
1	2	0	30	-5000000	9.5	11.583363023955421
1	2	0	30	-5000000	10	11.395759472345373
1	2	0	30	-5000000	10.5	11.198018846409381
1	2	0	30	-5000000	11	10.991299898826094
1	2	0	30	-5000000	11.5	10.776747367328552
1	2	0	30	-5000000	12	10.555508533262246
1	2	0	30	0	0.1	12.295717177528699
1	2	0	30	0	0.30000000000000004	12.347578744965015
1	2	0	30	0	0.5	12.38388059593926
1	2	0	30	0	0.7000000000000001	12.405968408707249
1	2	0	30	0	0.9	12.416263917761345
1	2	0	30	0	1.1	12.417579223183248
1	2	0	30	0	1.3000000000000003	12.412520289749056
1	2	0	30	0	1.5000000000000002	12.403144156426794
1	2	0	30	0	1.7000000000000002	12.39088579985045
1	2	0	30	0	1.9000000000000001	12.376661359808418
1	2	0	30	0	2.1	12.361016358004449
1	2	0	30	0	2.3000000000000003	12.344260958527292
1	2	0	30	0	2.5000000000000004	12.32656879851554
1	2	0	30	0	2.7	12.308039256954789
1	2	0	30	0	2.9000000000000004	12.288734462770119
1	2	0	30	0	3.1	12.268699996682694
1	2	0	30	0	3.3000000000000003	12.247975131672261
1	2	0	30	0	3.5000000000000004	12.226597642479172
1	2	0	30	0	3.7	12.204605969199472
1	2	0	30	0	3.9000000000000004	12.182039261379638
1	2	0	30	0	4.5	12.111287153206018
1	2	0	30	0	5	12.049410370340196
1	2	0	30	0	5.5	11.985485018269353
1	2	0	30	0	6	11.920005881090987
1	2	0	30	0	6.5	11.85339464114661
1	2	0	30	0	7	11.786004017061396
1	2	0	30	0	7.5	11.718125266334244
1	2	0	30	0	8	11.64999793002081
1	2	0	30	0	8.5	11.581816424085535
1	2	0	30	0	9	11.51374047650747
1	2	0	30	0	9.5	11.445897525162179
1	2	0	30	0	10	11.378392974413611
1	2	0	30	0	10.5	11.31130939512778
1	2	0	30	0	11	11.244709869766098
1	2	0	30	0	11.5	11.178661823268616
1	2	0	30	0	12	11.113194569332132
1	2	0	30	5000000	0.1	11.64162130278542
1	2	0	30	5000000	0.30000000000000004	11.242471275419451
1	2	0	30	5000000	0.5	12.013915110750485
1	2	0	30	5000000	0.7000000000000001	12.08910651310192
1	2	0	30	5000000	0.9	12.128403850578025
1	2	0	30	5000000	1.1	12.14120242146849
1	2	0	30	5000000	1.3000000000000003	12.135027601742076
1	2	0	30	5000000	1.5000000000000002	12.115474703551047
1	2	0	30	5000000	1.7000000000000002	12.086456296734717
1	2	0	30	5000000	1.9000000000000001	12.050581174828057
1	2	0	30	5000000	2.1	12.009547798526548
1	2	0	30	5000000	2.3000000000000003	11.964455447926676
1	2	0	30	5000000	2.5000000000000004	11.916021157709851
1	2	0	30	5000000	2.7	11.864725333909144
1	2	0	30	5000000	2.9000000000000004	11.81090376562894
1	2	0	30	5000000	3.1	11.75480500391513
1	2	0	30	5000000	3.3000000000000003	11.696625682213712
1	2	0	30	5000000	3.5000000000000004	11.636531398236436
1	2	0	30	5000000	3.7	11.574669560569419
1	2	0	30	5000000	3.9000000000000004	11.511176845745943
1	2	0	30	5000000	4.5	11.312193376425144
1	2	0	30	5000000	5	11.138427313527124
1	2	0	30	5000000	5.5	10.959295835084635
1	2	0	30	5000000	6	10.776313938580214
1	2	0	30	5000000	6.5	10.59072135609719
1	2	0	30	5000000	7	10.403460945484344
1	2	0	30	5000000	7.5	10.215195191854631
1	2	0	30	5000000	8	10.02636393811237
1	2	0	30	5000000	8.5	9.83722232312092
1	2	0	30	5000000	9	9.647916552789763
1	2	0	30	5000000	9.5	9.458523572224511
1	2	0	30	5000000	10	9.269104641776902
1	2	0	30	5000000	10.5	9.079720432298217
1	2	0	30	5000000	11	8.89046700166192
1	2	0	30	5000000	11.5	8.70148639317802
1	2	0	30	5000000	12	8.512958280303618
1	2	0	30	10000000	0.1	14.438658035035736
1	2	0	30	10000000	0.30000000000000004	13.528917273240875
1	2	0	30	10000000	0.5	12.400270224398035
1	2	0	30	10000000	0.7000000000000001	11.277918595759138
1	2	0	30	10000000	0.9	10.39379478361296
1	2	0	30	10000000	1.1	11.631606085218378
1	2	0	30	10000000	1.3000000000000003	11.71785178200141
1	2	0	30	10000000	1.5000000000000002	11.741457724854108
1	2	0	30	10000000	1.7000000000000002	11.728619399517749
1	2	0	30	10000000	1.9000000000000001	11.693934268326386
1	2	0	30	10000000	2.1	11.645487781647962
1	2	0	30	10000000	2.3000000000000003	11.587986972589553
1	2	0	30	10000000	2.5000000000000004	11.524241937195615
1	2	0	30	10000000	2.7	11.456033980356956
1	2	0	30	10000000	2.9000000000000004	11.384541467850946
1	2	0	30	10000000	3.1	11.310582327612565
1	2	0	30	10000000	3.3000000000000003	11.234747312752775
1	2	0	30	10000000	3.5000000000000004	11.15747811509191
1	2	0	30	10000000	3.7	11.079112646312433
1	2	0	30	10000000	3.9000000000000004	10.999913475309842
1	2	0	30	10000000	4.5	10.75915122692972
1	2	0	30	10000000	5	10.556618102770429
1	2	0	30	10000000	5.5	10.35338933714845
1	2	0	30	10000000	6	10.149821047049354
1	2	0	30	10000000	6.5	9.94596513112829
1	2	0	30	10000000	7	9.74173563195877
1	2	0	30	10000000	7.5	9.537045629338548
1	2	0	30	10000000	8	9.331793906954546
1	2	0	30	10000000	8.5	9.126067452314993
1	2	0	30	10000000	9	8.920015555133155
1	2	0	30	10000000	9.5	8.713939054343859
1	2	0	30	10000000	10	8.508284583134987
1	2	0	30	10000000	10.5	8.303620822131098
1	2	0	30	10000000	11	8.10061268885165
1	2	0	30	10000000	11.5	7.899979735562964
1	2	0	30	10000000	12	7.702485802101952
1	2	1	0	-10000000	0.1	3.76321608394881
1	2	1	0	-10000000	0.30000000000000004	3.7851605206220724
1	2	1	0	-10000000	0.5	3.8220532525992983
1	2	1	0	-10000000	0.7000000000000001	3.8816578291080175
1	2	1	0	-10000000	0.9	3.967812010045022
1	2	1	0	-10000000	1.1	4.065669671749087
1	2	1	0	-10000000	1.3000000000000003	4.139020834048408
1	2	1	0	-10000000	1.5000000000000002	4.176506037491746
1	2	1	0	-10000000	1.7000000000000002	4.192598153313597
1	2	1	0	-10000000	1.9000000000000001	4.199227743901094
1	2	1	0	-10000000	2.1	4.201907344172656
1	2	1	0	-10000000	2.3000000000000003	4.202918742769626
1	2	1	0	-10000000	2.5000000000000004	4.203216263278416
1	2	1	0	-10000000	2.7	4.203205935009772
1	2	1	0	-10000000	2.9000000000000004	4.203055744694167
1	2	1	0	-10000000	3.1	4.202825063144686
1	2	1	0	-10000000	3.3000000000000003	4.202543212332231
1	2	1	0	-10000000	3.5000000000000004	4.202128787638292
1	2	1	0	-10000000	3.7	4.201621264098692
1	2	1	0	-10000000	3.9000000000000004	4.200970630597115
1	2	1	0	-10000000	4.5	4.197859891628504
1	2	1	0	-10000000	5	4.193612434989349
1	2	1	0	-10000000	5.5	4.1876093280273
1	2	1	0	-10000000	6	4.179726980668849
1	2	1	0	-10000000	6.5	4.169921861067221
1	2	1	0	-10000000	7	4.158185835174172
1	2	1	0	-10000000	7.5	4.144537091855341
1	2	1	0	-10000000	8	4.129008946936448
1	2	1	0	-10000000	8.5	4.111645243136839
1	2	1	0	-10000000	9	4.092503671454471
1	2	1	0	-10000000	9.5	4.07165771149655
1	2	1	0	-10000000	10	4.0491992675331705
1	2	1	0	-10000000	10.5	4.025239906374199
1	2	1	0	-10000000	11	3.9999106490388012
1	2	1	0	-10000000	11.5	3.973359569956647
1	2	1	0	-10000000	12	3.9457477280934468
1	2	1	0	-5000000	0.1	4.09998696842201
1	2	1	0	-5000000	0.30000000000000004	4.133191757230439
1	2	1	0	-5000000	0.5	4.160403356688935
1	2	1	0	-5000000	0.7000000000000001	4.179339116101169
1	2	1	0	-5000000	0.9	4.190381729570848
1	2	1	0	-5000000	1.1	4.195557281276032
1	2	1	0	-5000000	1.3000000000000003	4.197061091172156
1	2	1	0	-5000000	1.5000000000000002	4.196560831300975
1	2	1	0	-5000000	1.7000000000000002	4.195121089424024
1	2	1	0	-5000000	1.9000000000000001	4.19336917026789
1	2	1	0	-5000000	2.1	4.191640819697617
1	2	1	0	-5000000	2.3000000000000003	4.19012287126329
1	2	1	0	-5000000	2.5000000000000004	4.188890338970016
1	2	1	0	-5000000	2.7	4.187963652372571
1	2	1	0	-5000000	2.9000000000000004	4.187330274597008
1	2	1	0	-5000000	3.1	4.186959246062069
1	2	1	0	-5000000	3.3000000000000003	4.186813970920101
1	2	1	0	-5000000	3.5000000000000004	4.186843173511392
1	2	1	0	-5000000	3.7	4.187005404112537
1	2	1	0	-5000000	3.9000000000000004	4.187258292397967
1	2	1	0	-5000000	4.5	4.188173839870848
1	2	1	0	-5000000	5	4.18853304999498
1	2	1	0	-5000000	5.5	4.188124635188547
1	2	1	0	-5000000	6	4.186580367548505
1	2	1	0	-5000000	6.5	4.183666290871576
1	2	1	0	-5000000	7	4.179235297170742
1	2	1	0	-5000000	7.5	4.173212744003706
1	2	1	0	-5000000	8	4.165547625843176
1	2	1	0	-5000000	8.5	4.156262081731971
1	2	1	0	-5000000	9	4.145370887425477
1	2	1	0	-5000000	9.5	4.132905472375458
1	2	1	0	-5000000	10	4.118903678473058
1	2	1	0	-5000000	10.5	4.10340528230862
1	2	1	0	-5000000	11	4.086454129053126
1	2	1	0	-5000000	11.5	4.068097373523259
1	2	1	0	-5000000	12	4.048388211541197
1	2	1	0	0	0.1	4.179012892289722
1	2	1	0	0	0.30000000000000004	4.184563884356102
1	2	1	0	0	0.5	4.187761334006136
1	2	1	0	0	0.7000000000000001	4.1887683353131075
1	2	1	0	0	0.9	4.187928269880619
1	2	1	0	0	1.1	4.185686665456032
1	2	1	0	0	1.3000000000000003	4.182503201191107
1	2	1	0	0	1.5000000000000002	4.178783836983463
1	2	1	0	0	1.7000000000000002	4.174858848829949
1	2	1	0	0	1.9000000000000001	4.17094103817035
1	2	1	0	0	2.1	4.167202206176233
1	2	1	0	0	2.3000000000000003	4.163723900513293
1	2	1	0	0	2.5000000000000004	4.160546706338122
1	2	1	0	0	2.7	4.157681226084007
1	2	1	0	0	2.9000000000000004	4.155115360841964
1	2	1	0	0	3.1	4.152825795800457
1	2	1	0	0	3.3000000000000003	4.150783588406687
1	2	1	0	0	3.5000000000000004	4.148957830519992
1	2	1	0	0	3.7	4.147318098257548
1	2	1	0	0	3.9000000000000004	4.145835751904274
1	2	1	0	0	4.5	4.142087349784035
1	2	1	0	0	5	4.139476643797195
1	2	1	0	0	5.5	4.13710223300147
1	2	1	0	0	6	4.1348254493644
1	2	1	0	0	6.5	4.132558067235321
1	2	1	0	0	7	4.130245507437651
1	2	1	0	0	7.5	4.127855677128252
1	2	1	0	0	8	4.1253716287682085
1	2	1	0	0	8.5	4.122784230203593
1	2	1	0	0	9	4.120092483829797
1	2	1	0	0	9.5	4.117297950459247
1	2	1	0	0	10	4.1144044794523715
1	2	1	0	0	10.5	4.111416795401485
1	2	1	0	0	11	4.108345847908653
1	2	1	0	0	11.5	4.105186244841639
1	2	1	0	0	12	4.1019558594422225
1	2	1	0	5000000	0.1	4.0969446829137075
1	2	1	0	5000000	0.30000000000000004	4.121593386639648
1	2	1	0	5000000	0.5	4.13867057809221
1	2	1	0	5000000	0.7000000000000001	4.149032551362279
1	2	1	0	5000000	0.9	4.1540526150669885
1	2	1	0	5000000	1.1	4.1551456709615175
1	2	1	0	5000000	1.3000000000000003	4.153529369528804
1	2	1	0	5000000	1.5000000000000002	4.1501528152007765
1	2	1	0	5000000	1.7000000000000002	4.145699668936934
1	2	1	0	5000000	1.9000000000000001	4.1406480372887255
1	2	1	0	5000000	2.1	4.135304494311152
1	2	1	0	5000000	2.3000000000000003	4.1298596450258405
1	2	1	0	5000000	2.5000000000000004	4.124421765760754
1	2	1	0	5000000	2.7	4.119044416546645
1	2	1	0	5000000	2.9000000000000004	4.113745301660777
1	2	1	0	5000000	3.1	4.10852470249047
1	2	1	0	5000000	3.3000000000000003	4.103366851036547
1	2	1	0	5000000	3.5000000000000004	4.098252278260463
1	2	1	0	5000000	3.7	4.093159695266158
1	2	1	0	5000000	3.9000000000000004	4.088067956380728
1	2	1	0	5000000	4.5	4.072615796777397
1	2	1	0	5000000	5	4.059334522792719
1	2	1	0	5000000	5.5	4.045543489906901
1	2	1	0	5000000	6	4.031176598430153
1	2	1	0	5000000	6.5	4.016204482768335
1	2	1	0	5000000	7	4.00061479408956
1	2	1	0	5000000	7.5	3.984399554156565
1	2	1	0	5000000	8	3.967549666733765
1	2	1	0	5000000	8.5	3.950053029709944
1	2	1	0	5000000	9	3.931895049450781
1	2	1	0	5000000	9.5	3.9130603693589676
1	2	1	0	5000000	10	3.89353386579268
1	2	1	0	5000000	10.5	3.873303988946639
1	2	1	0	5000000	11	3.8523636014188347
1	2	1	0	5000000	11.5	3.830711756212866
1	2	1	0	5000000	12	3.808355986375941
1	2	1	0	10000000	0.1	3.7982358632128324
1	2	1	0	10000000	0.30000000000000004	3.8575420405194554
1	2	1	0	10000000	0.5	3.930969196596258
1	2	1	0	10000000	0.7000000000000001	4.003034789632378
1	2	1	0	10000000	0.9	4.056884815593675
1	2	1	0	10000000	1.1	4.088574597546437
1	2	1	0	10000000	1.3000000000000003	4.103841489531112
1	2	1	0	10000000	1.5000000000000002	4.109214859961346
1	2	1	0	10000000	1.7000000000000002	4.109046858855425
1	2	1	0	10000000	1.9000000000000001	4.10582740344663
1	2	1	0	10000000	2.1	4.100933816598714
1	2	1	0	10000000	2.3000000000000003	4.095129707296933
1	2	1	0	10000000	2.5000000000000004	4.0888422118021275
1	2	1	0	10000000	2.7	4.08231111341286
1	2	1	0	10000000	2.9000000000000004	4.075669276908719
1	2	1	0	10000000	3.1	4.068987957375843
1	2	1	0	10000000	3.3000000000000003	4.062302419406112
1	2	1	0	10000000	3.5000000000000004	4.055627060797132
1	2	1	0	10000000	3.7	4.048964291665169
1	2	1	0	10000000	3.9000000000000004	4.042309745737811
1	2	1	0	10000000	4.5	4.022309637122126
1	2	1	0	10000000	5	4.005447995468504
1	2	1	0	10000000	5.5	3.988243783600636
1	2	1	0	10000000	6	3.9705634954907736
1	2	1	0	10000000	6.5	3.9522903641774945
1	2	1	0	10000000	7	3.933330310603326
1	2	1	0	10000000	7.5	3.9136042948296903
1	2	1	0	10000000	8	3.8930547025484254
1	2	1	0	10000000	8.5	3.871640378278047
1	2	1	0	10000000	9	3.8493390671604377
1	2	1	0	10000000	9.5	3.8261470251508176
1	2	1	0	10000000	10	3.8020854466399356
1	2	1	0	10000000	10.5	3.7771944476278505
1	2	1	0	10000000	11	3.7515329254580023
1	2	1	0	10000000	11.5	3.7251779522421837
1	2	1	0	10000000	12	3.69821955429566
1	2	1	5	-10000000	0.1	3.7093702203204058
1	2	1	5	-10000000	0.30000000000000004	3.7306970855248083
1	2	1	5	-10000000	0.5	3.765124142342558
1	2	1	5	-10000000	0.7000000000000001	3.817382386995735
1	2	1	5	-10000000	0.9	3.8938975465188
1	2	1	5	-10000000	1.1	3.9908349907430716
1	2	1	5	-10000000	1.3000000000000003	4.067031067644091
1	2	1	5	-10000000	1.5000000000000002	4.106323571953767
1	2	1	5	-10000000	1.7000000000000002	4.1242107322713375
1	2	1	5	-10000000	1.9000000000000001	4.132879627963046
1	2	1	5	-10000000	2.1	4.13768691858997
1	2	1	5	-10000000	2.3000000000000003	4.1407963846370945
1	2	1	5	-10000000	2.5000000000000004	4.143081480950448
1	2	1	5	-10000000	2.7	4.144878392362599
1	2	1	5	-10000000	2.9000000000000004	4.146346867428875
1	2	1	5	-10000000	3.1	4.147535162742848
1	2	1	5	-10000000	3.3000000000000003	4.148451280254328
1	2	1	5	-10000000	3.5000000000000004	4.14907672437482
1	2	1	5	-10000000	3.7	4.149395191336006
1	2	1	5	-10000000	3.9000000000000004	4.149390129155942
1	2	1	5	-10000000	4.5	4.147295946570187
1	2	1	5	-10000000	5	4.143079028478816
1	2	1	5	-10000000	5.5	4.136613387473364
1	2	1	5	-10000000	6	4.127970447830177
1	2	1	5	-10000000	6.5	4.11723442218186
1	2	1	5	-10000000	7	4.104481611298672
1	2	1	5	-10000000	7.5	4.0897739698585776
1	2	1	5	-10000000	8	4.073161723553951
1	2	1	5	-10000000	8.5	4.054692074870025
1	2	1	5	-10000000	9	4.034416126826032
1	2	1	5	-10000000	9.5	4.012396302180613
1	2	1	5	-10000000	10	3.9887123285762134
1	2	1	5	-10000000	10.5	3.963463996259527
1	2	1	5	-10000000	11	3.9367717694939013
1	2	1	5	-10000000	11.5	3.9087772586426843
1	2	1	5	-10000000	12	3.8796348281024966
1	2	1	5	-5000000	0.1	4.028925101035315
1	2	1	5	-5000000	0.30000000000000004	4.059613677745725
1	2	1	5	-5000000	0.5	4.0851977654160185
1	2	1	5	-5000000	0.7000000000000001	4.103492793507434
1	2	1	5	-5000000	0.9	4.11476021014632
1	2	1	5	-5000000	1.1	4.120830229848301
1	2	1	5	-5000000	1.3000000000000003	4.123694056694091
1	2	1	5	-5000000	1.5000000000000002	4.124844563322145
1	2	1	5	-5000000	1.7000000000000002	4.125213109453296
1	2	1	5	-5000000	1.9000000000000001	4.125329669817699
1	2	1	5	-5000000	2.1	4.125470894623987
1	2	1	5	-5000000	2.3000000000000003	4.125767611806674
1	2	1	5	-5000000	2.5000000000000004	4.126262401717634
1	2	1	5	-5000000	2.7	4.126950831323187
1	2	1	5	-5000000	2.9000000000000004	4.127808726051857
1	2	1	5	-5000000	3.1	4.128833191224837
1	2	1	5	-5000000	3.3000000000000003	4.129888536279166
1	2	1	5	-5000000	3.5000000000000004	4.131004955399877
1	2	1	5	-5000000	3.7	4.132118708200542
1	2	1	5	-5000000	3.9000000000000004	4.133188367161896
1	2	1	5	-5000000	4.5	4.135797402381562
1	2	1	5	-5000000	5	4.13681777646322
1	2	1	5	-5000000	5.5	4.136474204903539
1	2	1	5	-5000000	6	4.134542904172221
1	2	1	5	-5000000	6.5	4.130903397642695
1	2	1	5	-5000000	7	4.125516928483141
1	2	1	5	-5000000	7.5	4.118385131056905
1	2	1	5	-5000000	8	4.109541598466199
1	2	1	5	-5000000	8.5	4.099037110788357
1	2	1	5	-5000000	9	4.086917686825401
1	2	1	5	-5000000	9.5	4.073229455641708
1	2	1	5	-5000000	10	4.058013832713754
1	2	1	5	-5000000	10.5	4.041308900807881
1	2	1	5	-5000000	11	4.023150155763464
1	2	1	5	-5000000	11.5	4.003578522985444
1	2	1	5	-5000000	12	3.9826343198291996
1	2	1	5	0	0.1	4.102856253126358
1	2	1	5	0	0.30000000000000004	4.10796604932539
1	2	1	5	0	0.5	4.111111216912516
1	2	1	5	0	0.7000000000000001	4.112455499770732
1	2	1	5	0	0.9	4.112305752798273
1	2	1	5	0	1.1	4.111047009412498
1	2	1	5	0	1.3000000000000003	4.1090694145666
1	2	1	5	0	1.5000000000000002	4.1066989369059925
1	2	1	5	0	1.7000000000000002	4.104192395662188
1	2	1	5	0	1.9000000000000001	4.1017249963710745
1	2	1	5	0	2.1	4.099404690545243
1	2	1	5	0	2.3000000000000003	4.097288603010007
1	2	1	5	0	2.5000000000000004	4.095396639532486
1	2	1	5	0	2.7	4.093724974553528
1	2	1	5	0	2.9000000000000004	4.092255250805587
1	2	1	5	0	3.1	4.09096250283791
1	2	1	5	0	3.3000000000000003	4.089818693075461
1	2	1	5	0	3.5000000000000004	4.088795574897145
1	2	1	5	0	3.7	4.087866772283349
1	2	1	5	0	3.9000000000000004	4.087008789257928
1	2	1	5	0	4.5	4.08466590303219
1	2	1	5	0	5	4.082767036109055
1	2	1	5	0	5.5	4.080759524944954
1	2	1	5	0	6	4.078565025260372
1	2	1	5	0	6.5	4.0761443388245375
1	2	1	5	0	7	4.073476326638829
1	2	1	5	0	7.5	4.070564243466345
1	2	1	5	0	8	4.067414986575524
1	2	1	5	0	8.5	4.064041394286628
1	2	1	5	0	9	4.060458984979601
1	2	1	5	0	9.5	4.056683967921533
1	2	1	5	0	10	4.05273268758627
1	2	1	5	0	10.5	4.048620729206861
1	2	1	5	0	11	4.044365483931746
1	2	1	5	0	11.5	4.039973080017972
1	2	1	5	0	12	4.035464179220997
1	2	1	5	5000000	0.1	4.024002382827661
1	2	1	5	5000000	0.30000000000000004	4.047682075709246
1	2	1	5	5000000	0.5	4.064194620301519
1	2	1	5	5000000	0.7000000000000001	4.074440382487141
1	2	1	5	5000000	0.9	4.0797572412008325
1	2	1	5	5000000	1.1	4.081475179924449
1	2	1	5	5000000	1.3000000000000003	4.080722793316188
1	2	1	5	5000000	1.5000000000000002	4.078358143411497
1	2	1	5	5000000	1.7000000000000002	4.0749935312401355
1	2	1	5	5000000	1.9000000000000001	4.071042767817929
1	2	1	5	5000000	2.1	4.066771348395446
1	2	1	5	5000000	2.3000000000000003	4.062339655150203
1	2	1	5	5000000	2.5000000000000004	4.057837460419875
1	2	1	5	5000000	2.7	4.0533084944925175
1	2	1	5	5000000	2.9000000000000004	4.048768117451737
1	2	1	5	5000000	3.1	4.04421485475955
1	2	1	5	5000000	3.3000000000000003	4.0396384096675595
1	2	1	5	5000000	3.5000000000000004	4.035024791411999
1	2	1	5	5000000	3.7	4.030358169437289
1	2	1	5	5000000	3.9000000000000004	4.025625623611284
1	2	1	5	5000000	4.5	4.010912549502211
1	2	1	5	5000000	5	3.997946474448285
1	2	1	5	5000000	5.5	3.984276734320564
1	2	1	5	5000000	6	3.9698902126987936
1	2	1	5	5000000	6.5	3.954794579888532
1	2	1	5	5000000	7	3.9390008694428773
1	2	1	5	5000000	7.5	3.9225148953095483
1	2	1	5	5000000	8	3.9053346255940333
1	2	1	5	5000000	8.5	3.8874503047194935
1	2	1	5	5000000	9	3.868846587630075
1	2	1	5	5000000	9.5	3.8495047266749545
1	2	1	5	5000000	10	3.8294059853095606
1	2	1	5	5000000	10.5	3.808533653520384
1	2	1	5	5000000	11	3.7868758801863427
1	2	1	5	5000000	11.5	3.7644267227515797
1	2	1	5	5000000	12	3.7411886661260794
1	2	1	5	10000000	0.1	3.7330741721824476
1	2	1	5	10000000	0.30000000000000004	3.7907459539084267
1	2	1	5	10000000	0.5	3.8620825976666593
1	2	1	5	10000000	0.7000000000000001	3.9326241973278715
1	2	1	5	10000000	0.9	3.9855965479801947
1	2	1	5	10000000	1.1	4.0169476214610125
1	2	1	5	10000000	1.3000000000000003	4.032391659068806
1	2	1	5	10000000	1.5000000000000002	4.038317379627043
1	2	1	5	10000000	1.7000000000000002	4.0389137278533935
1	2	1	5	10000000	1.9000000000000001	4.036548216567691
1	2	1	5	10000000	2.1	4.03252313267916
1	2	1	5	10000000	2.3000000000000003	4.027553779546851
1	2	1	5	10000000	2.5000000000000004	4.022043118466441
1	2	1	5	10000000	2.7	4.016216228612452
1	2	1	5	10000000	2.9000000000000004	4.010203860192491
1	2	1	5	10000000	3.1	4.004077272029717
1	2	1	5	10000000	3.3000000000000003	3.9978769507989003
1	2	1	5	10000000	3.5000000000000004	3.9916182462720045
1	2	1	5	10000000	3.7	3.985311436252293
1	2	1	5	10000000	3.9000000000000004	3.9789568942404374
1	2	1	5	10000000	4.5	3.959585632932127
1	2	1	5	10000000	5	3.9429998689480703
1	2	1	5	10000000	5.5	3.9258997494132846
1	2	1	5	10000000	6	3.9081821949073987
1	2	1	5	10000000	6.5	3.8897518784431973
1	2	1	5	10000000	7	3.8705234440558165
1	2	1	5	10000000	7.5	3.850423137361333
1	2	1	5	10000000	8	3.8293916844848472
1	2	1	5	10000000	8.5	3.807384834356588
1	2	1	5	10000000	9	3.7843763351347244
1	2	1	5	10000000	9.5	3.760360476003923
1	2	1	5	10000000	10	3.735353145523666
1	2	1	5	10000000	10.5	3.7093924830873917
1	2	1	5	10000000	11	3.6825387042766327
1	2	1	5	10000000	11.5	3.654870819415141
1	2	1	5	10000000	12	3.6264833097186426
1	2	1	10	-10000000	0.1	4.4805115736613095
1	2	1	10	-10000000	0.30000000000000004	4.517572836466821
1	2	1	10	-10000000	0.5	4.5619285373931096
1	2	1	10	-10000000	0.7000000000000001	4.598532264558704
1	2	1	10	-10000000	0.9	4.687818327808057
1	2	1	10	-10000000	1.1	4.913734637373123
1	2	1	10	-10000000	1.3000000000000003	5.1122084089343005
1	2	1	10	-10000000	1.5000000000000002	5.206291665543773
1	2	1	10	-10000000	1.7000000000000002	5.251326639230914
1	2	1	10	-10000000	1.9000000000000001	5.277367095073442
1	2	1	10	-10000000	2.1	5.295171000528766
1	2	1	10	-10000000	2.3000000000000003	5.308735067800201
1	2	1	10	-10000000	2.5000000000000004	5.319676783467974
1	2	1	10	-10000000	2.7	5.328699255462138
1	2	1	10	-10000000	2.9000000000000004	5.336129893798905
1	2	1	10	-10000000	3.1	5.3421279935190675
1	2	1	10	-10000000	3.3000000000000003	5.346780206320837
1	2	1	10	-10000000	3.5000000000000004	5.350143789936989
1	2	1	10	-10000000	3.7	5.352261607567845
1	2	1	10	-10000000	3.9000000000000004	5.353173844040866
1	2	1	10	-10000000	4.5	5.349117845316025
1	2	1	10	-10000000	5	5.338667348329908
1	2	1	10	-10000000	5.5	5.322617783304789
1	2	1	10	-10000000	6	5.301685648799384
1	2	1	10	-10000000	6.5	5.276465140039469
1	2	1	10	-10000000	7	5.247414691851156
1	2	1	10	-10000000	7.5	5.214876447380355
1	2	1	10	-10000000	8	5.179110643804074
1	2	1	10	-10000000	8.5	5.140331465720241
1	2	1	10	-10000000	9	5.098737458340525
1	2	1	10	-10000000	9.5	5.054534547070321
1	2	1	10	-10000000	10	5.0079514955229305
1	2	1	10	-10000000	10.5	4.9592482731818235
1	2	1	10	-10000000	11	4.90871743047812
1	2	1	10	-10000000	11.5	4.856678505445468
1	2	1	10	-10000000	12	4.80347329474649
1	2	1	10	-5000000	0.1	5.013460367642856
1	2	1	10	-5000000	0.30000000000000004	5.073990196205982
1	2	1	10	-5000000	0.5	5.12779569733682
1	2	1	10	-5000000	0.7000000000000001	5.169936101034963
1	2	1	10	-5000000	0.9	5.2002177078716905
1	2	1	10	-5000000	1.1	5.221440560411043
1	2	1	10	-5000000	1.3000000000000003	5.236788243521671
1	2	1	10	-5000000	1.5000000000000002	5.2486290777284905
1	2	1	10	-5000000	1.7000000000000002	5.258426811060772
1	2	1	10	-5000000	1.9000000000000001	5.2670020734615
1	2	1	10	-5000000	2.1	5.274786881776436
1	2	1	10	-5000000	2.3000000000000003	5.28199479599096
1	2	1	10	-5000000	2.5000000000000004	5.288721521358152
1	2	1	10	-5000000	2.7	5.2949963941144675
1	2	1	10	-5000000	2.9000000000000004	5.300820915749457
1	2	1	10	-5000000	3.1	5.306177111972731
1	2	1	10	-5000000	3.3000000000000003	5.311040643812166
1	2	1	10	-5000000	3.5000000000000004	5.315384925203185
1	2	1	10	-5000000	3.7	5.319183783775408
1	2	1	10	-5000000	3.9000000000000004	5.32241290519698
1	2	1	10	-5000000	4.5	5.3284807159054575
1	2	1	10	-5000000	5	5.329181867527303
1	2	1	10	-5000000	5.5	5.325820873593754
1	2	1	10	-5000000	6	5.318438927513504
1	2	1	10	-5000000	6.5	5.307189061000291
1	2	1	10	-5000000	7	5.292296643926507
1	2	1	10	-5000000	7.5	5.2740286767111275
1	2	1	10	-5000000	8	5.2526530932117055
1	2	1	10	-5000000	8.5	5.2284147893554564
1	2	1	10	-5000000	9	5.201524982970088
1	2	1	10	-5000000	9.5	5.172159390481586
1	2	1	10	-5000000	10	5.140463488955759
1	2	1	10	-5000000	10.5	5.106560535650046
1	2	1	10	-5000000	11	5.070560662483801
1	2	1	10	-5000000	11.5	5.032572707171258
1	2	1	10	-5000000	12	4.992709709533287
1	2	1	10	0	0.1	5.157896029265534
1	2	1	10	0	0.30000000000000004	5.173192877984486
1	2	1	10	0	0.5	5.185907262632583
1	2	1	10	0	0.7000000000000001	5.196132887087106
1	2	1	10	0	0.9	5.204162773869094
1	2	1	10	0	1.1	5.210395030577315
1	2	1	10	0	1.3000000000000003	5.215235843896569
1	2	1	10	0	1.5000000000000002	5.219034750657721
1	2	1	10	0	1.7000000000000002	5.22206078078745
1	2	1	10	0	1.9000000000000001	5.224504803439661
1	2	1	10	0	2.1	5.226494817487501
1	2	1	10	0	2.3000000000000003	5.228112831009408
1	2	1	10	0	2.5000000000000004	5.2294096007745345
1	2	1	10	0	2.7	5.2304159774718695
1	2	1	10	0	2.9000000000000004	5.231150564569878
1	2	1	10	0	3.1	5.231625013239752
1	2	1	10	0	3.3000000000000003	5.231847276965181
1	2	1	10	0	3.5000000000000004	5.231823786672073
1	2	1	10	0	3.7	5.23156050861884
1	2	1	10	0	3.9000000000000004	5.231063631105328
1	2	1	10	0	4.5	5.2282410808783
1	2	1	10	0	5	5.224480704322183
1	2	1	10	0	5.5	5.219583460479421
1	2	1	10	0	6	5.213686168453742
1	2	1	10	0	6.5	5.20691967222584
1	2	1	10	0	7	5.199404184024835
1	2	1	10	0	7.5	5.191249454433925
1	2	1	10	0	8	5.182550116419634
1	2	1	10	0	8.5	5.173390263244129
1	2	1	10	0	9	5.163844815540508
1	2	1	10	0	9.5	5.153975135128606
1	2	1	10	0	10	5.143837750059468
1	2	1	10	0	10.5	5.133479410440755
1	2	1	10	0	11	5.1229415047644435
1	2	1	10	0	11.5	5.112259511213091
1	2	1	10	0	12	5.101464185455749
1	2	1	10	5000000	0.1	5.025495816083316
1	2	1	10	5000000	0.30000000000000004	5.072735857261204
1	2	1	10	5000000	0.5	5.1078910257518375
1	2	1	10	5000000	0.7000000000000001	5.132665520305587
1	2	1	10	5000000	0.9	5.149252401113558
1	2	1	10	5000000	1.1	5.159712094621795
1	2	1	10	5000000	1.3000000000000003	5.165723282106534
1	2	1	10	5000000	1.5000000000000002	5.168543678703725
1	2	1	10	5000000	1.7000000000000002	5.16906620068811
1	2	1	10	5000000	1.9000000000000001	5.167903556768169
1	2	1	10	5000000	2.1	5.165468154844736
1	2	1	10	5000000	2.3000000000000003	5.162035420459503
1	2	1	10	5000000	2.5000000000000004	5.157789727358716
1	2	1	10	5000000	2.7	5.152856053595396
1	2	1	10	5000000	2.9000000000000004	5.147320902953056
1	2	1	10	5000000	3.1	5.141247367814111
1	2	1	10	5000000	3.3000000000000003	5.1346820185287685
1	2	1	10	5000000	3.5000000000000004	5.127662428142964
1	2	1	10	5000000	3.7	5.120220267619454
1	2	1	10	5000000	3.9000000000000004	5.112383525500418
1	2	1	10	5000000	4.5	5.0867549030956285
1	2	1	10	5000000	5	5.0633066346843645
1	2	1	10	5000000	5.5	5.038293276347757
1	2	1	10	5000000	6	5.0119791104991345
1	2	1	10	5000000	6.5	4.984571516063565
1	2	1	10	5000000	7	4.956218812978279
1	2	1	10	5000000	7.5	4.927014917266236
1	2	1	10	5000000	8	4.897008187480518
1	2	1	10	5000000	8.5	4.866213443906221
1	2	1	10	5000000	9	4.834622324271168
1	2	1	10	5000000	9.5	4.8022134217621515
1	2	1	10	5000000	10	4.768960574407937
1	2	1	10	5000000	10.5	4.734839576368426
1	2	1	10	5000000	11	4.699833732237487
1	2	1	10	5000000	11.5	4.6639384624207745
1	2	1	10	5000000	12	4.627164948167736
1	2	1	10	10000000	0.1	4.52711422972099
1	2	1	10	10000000	0.30000000000000004	4.6235899634294615
1	2	1	10	10000000	0.5	4.747280076897135
1	2	1	10	10000000	0.7000000000000001	4.878538113165762
1	2	1	10	10000000	0.9	4.98098179676773
1	2	1	10	10000000	1.1	5.044051757450828
1	2	1	10	10000000	1.3000000000000003	5.078383050484209
1	2	1	10	10000000	1.5000000000000002	5.095498023245731
1	2	1	10	10000000	1.7000000000000002	5.1026685974790436
1	2	1	10	10000000	1.9000000000000001	5.1039529554927725
1	2	1	10	10000000	2.1	5.101591359377493
1	2	1	10	10000000	2.3000000000000003	5.096854701955086
1	2	1	10	10000000	2.5000000000000004	5.090493283433137
1	2	1	10	10000000	2.7	5.082969729733645
1	2	1	10	10000000	2.9000000000000004	5.074581774570634
1	2	1	10	10000000	3.1	5.065528973301842
1	2	1	10	10000000	3.3000000000000003	5.055949922407762
1	2	1	10	10000000	3.5000000000000004	5.045943982104773
1	2	1	10	10000000	3.7	5.035584085829616
1	2	1	10	10000000	3.9000000000000004	5.024924647185002
1	2	1	10	10000000	4.5	4.991510183766997
1	2	1	10	10000000	5	4.962336317305764
1	2	1	10	10000000	5.5	4.93212107908814
1	2	1	10	10000000	6	4.90089743396443
1	2	1	10	10000000	6.5	4.868635385553686
1	2	1	10	10000000	7	4.835274133267788
1	2	1	10	10000000	7.5	4.800743983103043
1	2	1	10	10000000	8	4.764982706085946
1	2	1	10	10000000	8.5	4.727944518866931
1	2	1	10	10000000	9	4.689611894038747
1	2	1	10	10000000	9.5	4.650000911241339
1	2	1	10	10000000	10	4.609166425557383
1	2	1	10	10000000	10.5	4.567203136417826
1	2	1	10	10000000	11	4.524243361089481
1	2	1	10	10000000	11.5	4.480450922526204
1	2	1	10	10000000	12	4.436011999315924
1	2	1	20	-10000000	0.1	6.873757506795086
1	2	1	20	-10000000	0.30000000000000004	6.822191916033742
1	2	1	20	-10000000	0.5	6.6854349325111615
1	2	1	20	-10000000	0.7000000000000001	6.491457728831858
1	2	1	20	-10000000	0.9	6.3132794153160665
1	2	1	20	-10000000	1.1	6.254328785727461
1	2	1	20	-10000000	1.3000000000000003	6.748975995878813
1	2	1	20	-10000000	1.5000000000000002	7.7653562154693665
1	2	1	20	-10000000	1.7000000000000002	7.955953177097193
1	2	1	20	-10000000	1.9000000000000001	8.021070884180196
1	2	1	20	-10000000	2.1	8.059214787390516
1	2	1	20	-10000000	2.3000000000000003	8.086472871201575
1	2	1	20	-10000000	2.5000000000000004	8.107449353335019
1	2	1	20	-10000000	2.7	8.123904478297206
1	2	1	20	-10000000	2.9000000000000004	8.136640881489765
1	2	1	20	-10000000	3.1	8.146078844916055
1	2	1	20	-10000000	3.3000000000000003	8.152468996143881
1	2	1	20	-10000000	3.5000000000000004	8.155984070372705
1	2	1	20	-10000000	3.7	8.156760760715043
1	2	1	20	-10000000	3.9000000000000004	8.15491857868598
1	2	1	20	-10000000	4.5	8.134800090926948
1	2	1	20	-10000000	5	8.102965950159483
1	2	1	20	-10000000	5.5	8.059238967738636
1	2	1	20	-10000000	6	8.005199015233138
1	2	1	20	-10000000	6.5	7.942187199390852
1	2	1	20	-10000000	7	7.871327558877725
1	2	1	20	-10000000	7.5	7.793527105916178
1	2	1	20	-10000000	8	7.709540857456808
1	2	1	20	-10000000	8.5	7.620030661460561
1	2	1	20	-10000000	9	7.525626504754533
1	2	1	20	-10000000	9.5	7.426968632676301
1	2	1	20	-10000000	10	7.324736963756912
1	2	1	20	-10000000	10.5	7.219663799273643
1	2	1	20	-10000000	11	7.112529934879855
1	2	1	20	-10000000	11.5	7.004145038640739
1	2	1	20	-10000000	12	6.895315065685192
1	2	1	20	-5000000	0.1	7.159368472954162
1	2	1	20	-5000000	0.30000000000000004	7.425206765715786
1	2	1	20	-5000000	0.5	7.645564224044659
1	2	1	20	-5000000	0.7000000000000001	7.781144206168233
1	2	1	20	-5000000	0.9	7.861427182726297
1	2	1	20	-5000000	1.1	7.912123655912373
1	2	1	20	-5000000	1.3000000000000003	7.947095579782895
1	2	1	20	-5000000	1.5000000000000002	7.973394190023216
1	2	1	20	-5000000	1.7000000000000002	7.994608521984707
1	2	1	20	-5000000	1.9000000000000001	8.01256237897081
1	2	1	20	-5000000	2.1	8.028184185875627
1	2	1	20	-5000000	2.3000000000000003	8.04195061296206
1	2	1	20	-5000000	2.5000000000000004	8.05411106347935
1	2	1	20	-5000000	2.7	8.064800039725469
1	2	1	20	-5000000	2.9000000000000004	8.07409355728284
1	2	1	20	-5000000	3.1	8.0820338917136
1	2	1	20	-5000000	3.3000000000000003	8.08864900345573
1	2	1	20	-5000000	3.5000000000000004	8.093953721333124
1	2	1	20	-5000000	3.7	8.097956227745652
1	2	1	20	-5000000	3.9000000000000004	8.100659720870164
1	2	1	20	-5000000	4.5	8.10096422419586
1	2	1	20	-5000000	5	8.092232914349283
1	2	1	20	-5000000	5.5	8.075338980046919
1	2	1	20	-5000000	6	8.050421371406557
1	2	1	20	-5000000	6.5	8.017784446989955
1	2	1	20	-5000000	7	7.977880662688606
1	2	1	20	-5000000	7.5	7.931257638749364
1	2	1	20	-5000000	8	7.8784978922528754
1	2	1	20	-5000000	8.5	7.820164089929883
1	2	1	20	-5000000	9	7.756769915297747
1	2	1	20	-5000000	9.5	7.6887692234152745
1	2	1	20	-5000000	10	7.616560854189972
1	2	1	20	-5000000	10.5	7.540503170135565
1	2	1	20	-5000000	11	7.46093298401636
1	2	1	20	-5000000	11.5	7.378185345547922
1	2	1	20	-5000000	12	7.2926136875089425
1	2	1	20	0	0.1	7.775361843704073
1	2	1	20	0	0.30000000000000004	7.810375848780087
1	2	1	20	0	0.5	7.839524954778686
1	2	1	20	0	0.7000000000000001	7.863243043904046
1	2	1	20	0	0.9	7.882208850283976
1	2	1	20	0	1.1	7.897235819253483
1	2	1	20	0	1.3000000000000003	7.909083803977421
1	2	1	20	0	1.5000000000000002	7.9183768665674075
1	2	1	20	0	1.7000000000000002	7.925574630226385
1	2	1	20	0	1.9000000000000001	7.93100281313668
1	2	1	20	0	2.1	7.934891993807769
1	2	1	20	0	2.3000000000000003	7.937411785136614
1	2	1	20	0	2.5000000000000004	7.938695328094094
1	2	1	20	0	2.7	7.9388539661431405
1	2	1	20	0	2.9000000000000004	7.937985247112287
1	2	1	20	0	3.1	7.9361771571709765
1	2	1	20	0	3.3000000000000003	7.933510349173452
1	2	1	20	0	3.5000000000000004	7.930058809129923
1	2	1	20	0	3.7	7.925890951826936
1	2	1	20	0	3.9000000000000004	7.921069721371726
1	2	1	20	0	4.5	7.903240942800252
1	2	1	20	0	5	7.8852322503190555
1	2	1	20	0	5.5	7.865005652794829
1	2	1	20	0	6	7.843040316629767
1	2	1	20	0	6.5	7.819719323167333
1	2	1	20	0	7	7.795349666935801
1	2	1	20	0	7.5	7.770177144907105
1	2	1	20	0	8	7.7443998703337655
1	2	1	20	0	8.5	7.718177217979228
1	2	1	20	0	9	7.691637287142447
1	2	1	20	0	9.5	7.664883281082978
1	2	1	20	0	10	7.637999139719603
1	2	1	20	0	10.5	7.6110500944667745
1	2	1	20	0	11	7.584089435255175
1	2	1	20	0	11.5	7.5571594682586385
1	2	1	20	0	12	7.530292143008305
1	2	1	20	5000000	0.1	7.395141905501337
1	2	1	20	5000000	0.30000000000000004	7.5834210109035824
1	2	1	20	5000000	0.5	7.675911104963714
1	2	1	20	5000000	0.7000000000000001	7.733379450030733
1	2	1	20	5000000	0.9	7.770582748114276
1	2	1	20	5000000	1.1	7.794202697804105
1	2	1	20	5000000	1.3000000000000003	7.808260318010035
1	2	1	20	5000000	1.5000000000000002	7.8154095797160705
1	2	1	20	5000000	1.7000000000000002	7.817420415901748
1	2	1	20	5000000	1.9000000000000001	7.815481491067693
1	2	1	20	5000000	2.1	7.810399770312466
1	2	1	20	5000000	2.3000000000000003	7.80273616964377
1	2	1	20	5000000	2.5000000000000004	7.792893145604744
1	2	1	20	5000000	2.7	7.7811720671377795
1	2	1	20	5000000	2.9000000000000004	7.767808032146774
1	2	1	20	5000000	3.1	7.7529917780379884
1	2	1	20	5000000	3.3000000000000003	7.736882007688394
1	2	1	20	5000000	3.5000000000000004	7.719616334506932
1	2	1	20	5000000	3.7	7.701315454835663
1	2	1	20	5000000	3.9000000000000004	7.682087082717908
1	2	1	20	5000000	4.5	7.619767245573908
1	2	1	20	5000000	5	7.563693141604559
1	2	1	20	5000000	5.5	7.504921401571911
1	2	1	20	5000000	6	7.444214073888299
1	2	1	20	5000000	6.5	7.382128846537824
1	2	1	20	5000000	7	7.319037486848789
1	2	1	20	5000000	7.5	7.2551585973664805
1	2	1	20	5000000	8	7.19058893958207
1	2	1	20	5000000	8.5	7.125333587657486
1	2	1	20	5000000	9	7.059336219264842
1	2	1	20	5000000	9.5	6.992505184145895
1	2	1	20	5000000	10	6.924719890645001
1	2	1	20	5000000	10.5	6.855877198450828
1	2	1	20	5000000	11	6.785872701903284
1	2	1	20	5000000	11.5	6.714635386800458
1	2	1	20	5000000	12	6.642134911918406
1	2	1	20	10000000	0.1	6.743638107184119
1	2	1	20	10000000	0.30000000000000004	6.611984071771564
1	2	1	20	10000000	0.5	6.529305453280054
1	2	1	20	10000000	0.7000000000000001	6.8661336708657315
1	2	1	20	10000000	0.9	7.346619605189293
1	2	1	20	10000000	1.1	7.5427494192275715
1	2	1	20	10000000	1.3000000000000003	7.6259806620981925
1	2	1	20	10000000	1.5000000000000002	7.6638945208876
1	2	1	20	10000000	1.7000000000000002	7.679373500979009
1	2	1	20	10000000	1.9000000000000001	7.682140520479398
1	2	1	20	10000000	2.1	7.677007652256485
1	2	1	20	10000000	2.3000000000000003	7.666593739304018
1	2	1	20	10000000	2.5000000000000004	7.652447288910914
1	2	1	20	10000000	2.7	7.635546542058504
1	2	1	20	10000000	2.9000000000000004	7.616550256593696
1	2	1	20	10000000	3.1	7.595918931200857
1	2	1	20	10000000	3.3000000000000003	7.573995931317996
1	2	1	20	10000000	3.5000000000000004	7.551040930262767
1	2	1	20	10000000	3.7	7.527254180771503
1	2	1	20	10000000	3.9000000000000004	7.502792500792969
1	2	1	20	10000000	4.5	7.426462864129424
1	2	1	20	10000000	5	7.360528827460552
1	2	1	20	10000000	5.5	7.293113468941334
1	2	1	20	10000000	6	7.224438475920981
1	2	1	20	10000000	6.5	7.154517459631172
1	2	1	20	10000000	7	7.083257622299214
1	2	1	20	10000000	7.5	7.010516899292101
1	2	1	20	10000000	8	6.936146780383532
1	2	1	20	10000000	8.5	6.860022343955875
1	2	1	20	10000000	9	6.782064391224927
1	2	1	20	10000000	9.5	6.7022550681469
1	2	1	20	10000000	10	6.620650092504026
1	2	1	20	10000000	10.5	6.537361310345616
1	2	1	20	10000000	11	6.452591373056531
1	2	1	20	10000000	11.5	6.366567722267017
1	2	1	20	10000000	12	6.2795538086401494
1	2	1	30	-10000000	0.1	8.790175255007886
1	2	1	30	-10000000	0.30000000000000004	8.58311710430996
1	2	1	30	-10000000	0.5	8.277476965878554
1	2	1	30	-10000000	0.7000000000000001	7.91098473085702
1	2	1	30	-10000000	0.9	7.595313837631787
1	2	1	30	-10000000	1.1	7.404188095803559
1	2	1	30	-10000000	1.3000000000000003	7.335363383873497
1	2	1	30	-10000000	1.5000000000000002	7.592099952660239
1	2	1	30	-10000000	1.7000000000000002	9.675193688181775
1	2	1	30	-10000000	1.9000000000000001	10.015668742578784
1	2	1	30	-10000000	2.1	10.086609259113693
1	2	1	30	-10000000	2.3000000000000003	10.125133224430567
1	2	1	30	-10000000	2.5000000000000004	10.152176615943427
1	2	1	30	-10000000	2.7	10.172369466440964
1	2	1	30	-10000000	2.9000000000000004	10.187285824547827
1	2	1	30	-10000000	3.1	10.197644851740094
1	2	1	30	-10000000	3.3000000000000003	10.203803538442072
1	2	1	30	-10000000	3.5000000000000004	10.206010264895152
1	2	1	30	-10000000	3.7	10.204447651995737
1	2	1	30	-10000000	3.9000000000000004	10.199272657456683
1	2	1	30	-10000000	4.5	10.163538228488445
1	2	1	30	-10000000	5	10.112790477866472
1	2	1	30	-10000000	5.5	10.045447414208349
1	2	1	30	-10000000	6	9.963716597792727
1	2	1	30	-10000000	6.5	9.869566133661065
1	2	1	30	-10000000	7	9.764666941208093
1	2	1	30	-10000000	7.5	9.650413285356565
1	2	1	30	-10000000	8	9.52799172705869
1	2	1	30	-10000000	8.5	9.398467267165646
1	2	1	30	-10000000	9	9.262866272850168
1	2	1	30	-10000000	9.5	9.122245852028977
1	2	1	30	-10000000	10	8.977744429913244
1	2	1	30	-10000000	10.5	8.83060928898621
1	2	1	30	-10000000	11	8.682196059401347
1	2	1	30	-10000000	11.5	8.533935038603214
1	2	1	30	-10000000	12	8.387261461976102
1	2	1	30	-5000000	0.1	7.993194692799754
1	2	1	30	-5000000	0.30000000000000004	7.985908664334798
1	2	1	30	-5000000	0.5	8.179353721178613
1	2	1	30	-5000000	0.7000000000000001	9.149316625057985
1	2	1	30	-5000000	0.9	9.750786488252356
1	2	1	30	-5000000	1.1	9.88774380155758
1	2	1	30	-5000000	1.3000000000000003	9.945532925787454
1	2	1	30	-5000000	1.5000000000000002	9.98147244485568
1	2	1	30	-5000000	1.7000000000000002	10.008250287549787
1	2	1	30	-5000000	1.9000000000000001	10.03003862051831
1	2	1	30	-5000000	2.1	10.048532813964943
1	2	1	30	-5000000	2.3000000000000003	10.064493623452181
1	2	1	30	-5000000	2.5000000000000004	10.078290977305224
1	2	1	30	-5000000	2.7	10.090118353662652
1	2	1	30	-5000000	2.9000000000000004	10.10007998867874
1	2	1	30	-5000000	3.1	10.108234164397983
1	2	1	30	-5000000	3.3000000000000003	10.114659900272091
1	2	1	30	-5000000	3.5000000000000004	10.11932146425164
1	2	1	30	-5000000	3.7	10.122273471639769
1	2	1	30	-5000000	3.9000000000000004	10.123510485764978
1	2	1	30	-5000000	4.5	10.116890622896255
1	2	1	30	-5000000	5	10.099394772902917
1	2	1	30	-5000000	5.5	10.070879709095928
1	2	1	30	-5000000	6	10.031402817546448
1	2	1	30	-5000000	6.5	9.981278717402708
1	2	1	30	-5000000	7	9.921075136241594
1	2	1	30	-5000000	7.5	9.851543214730668
1	2	1	30	-5000000	8	9.773521522919665
1	2	1	30	-5000000	8.5	9.687849632703243
1	2	1	30	-5000000	9	9.595312899723902
1	2	1	30	-5000000	9.5	9.496616903917078
1	2	1	30	-5000000	10	9.392395018373506
1	2	1	30	-5000000	10.5	9.283234016779014
1	2	1	30	-5000000	11	9.16972097076265
1	2	1	30	-5000000	11.5	9.052515897816022
1	2	1	30	-5000000	12	8.93246908712231
1	2	1	30	0	0.1	9.685548191296919
1	2	1	30	0	0.30000000000000004	9.76577581448
1	2	1	30	0	0.5	9.810617034317088
1	2	1	30	0	0.7000000000000001	9.842410580991707
1	2	1	30	0	0.9	9.865917106282648
1	2	1	30	0	1.1	9.883365494957246
1	2	1	30	0	1.3000000000000003	9.896227886178323
1	2	1	30	0	1.5000000000000002	9.905539848734467
1	2	1	30	0	1.7000000000000002	9.912001539983082
1	2	1	30	0	1.9000000000000001	9.916076174154977
1	2	1	30	0	2.1	9.918075881511118
1	2	1	30	0	2.3000000000000003	9.918224417079525
1	2	1	30	0	2.5000000000000004	9.916697040205065
1	2	1	30	0	2.7	9.913642551063685
1	2	1	30	0	2.9000000000000004	9.909194420672183
1	2	1	30	0	3.1	9.903475567092544
1	2	1	30	0	3.3000000000000003	9.896600306836369
1	2	1	30	0	3.5000000000000004	9.888674887001807
1	2	1	30	0	3.7	9.879797667266454
1	2	1	30	0	3.9000000000000004	9.870059248437151
1	2	1	30	0	4.5	9.836469275975197
1	2	1	30	0	5	9.804460296512
1	2	1	30	0	5.5	9.769708358103447
1	2	1	30	0	6	9.732833073007647
1	2	1	30	0	6.5	9.694346770663131
1	2	1	30	0	7	9.65462607829151
1	2	1	30	0	7.5	9.61396626954431
1	2	1	30	0	8	9.572589788555009
1	2	1	30	0	8.5	9.53066499219779
1	2	1	30	0	9	9.488311586596538
1	2	1	30	0	9.5	9.445614337648546
1	2	1	30	0	10	9.402626862450868
1	2	1	30	0	10.5	9.359377303375844
1	2	1	30	0	11	9.315872840693444
1	2	1	30	0	11.5	9.272104675161016
1	2	1	30	0	12	9.228055569776702
1	2	1	30	5000000	0.1	8.043775080250397
1	2	1	30	5000000	0.30000000000000004	8.054276052220425
1	2	1	30	5000000	0.5	9.446225537696586
1	2	1	30	5000000	0.7000000000000001	9.644513005958277
1	2	1	30	5000000	0.9	9.70706985450117
1	2	1	30	5000000	1.1	9.739197344048202
1	2	1	30	5000000	1.3000000000000003	9.75565525070151
1	2	1	30	5000000	1.5000000000000002	9.761972801926346
1	2	1	30	5000000	1.7000000000000002	9.76109120376128
1	2	1	30	5000000	1.9000000000000001	9.754794607524587
1	2	1	30	5000000	2.1	9.744234706300363
1	2	1	30	5000000	2.3000000000000003	9.730190758993277
1	2	1	30	5000000	2.5000000000000004	9.71321690190785
1	2	1	30	5000000	2.7	9.693727664238201
1	2	1	30	5000000	2.9000000000000004	9.67204730629273
1	2	1	30	5000000	3.1	9.648444133999275
1	2	1	30	5000000	3.3000000000000003	9.62314093846353
1	2	1	30	5000000	3.5000000000000004	9.596332732069854
1	2	1	30	5000000	3.7	9.568191134709789
1	2	1	30	5000000	3.9000000000000004	9.538869290026053
1	2	1	30	5000000	4.5	9.445135283909037
1	2	1	30	5000000	5	9.362032767564965
1	2	1	30	5000000	5.5	9.275808590597235
1	2	1	30	5000000	6	9.187394382234224
1	2	1	30	5000000	6.5	9.097378294153545
1	2	1	30	5000000	7	9.006046869627106
1	2	1	30	5000000	7.5	8.913439662313678
1	2	1	30	5000000	8	8.819411781079328
1	2	1	30	5000000	8.5	8.723698258098464
1	2	1	30	5000000	9	8.625976165183491
1	2	1	30	5000000	9.5	8.52592254324344
1	2	1	30	5000000	10	8.423269955123825
1	2	1	30	5000000	10.5	8.31786042280106
1	2	1	30	5000000	11	8.209702792733689
1	2	1	30	5000000	11.5	8.09904311808306
1	2	1	30	5000000	12	7.986465775990964
1	2	1	30	10000000	0.1	8.678956282352752
1	2	1	30	10000000	0.30000000000000004	8.297080085369867
1	2	1	30	10000000	0.5	7.929699538243594
1	2	1	30	10000000	0.7000000000000001	7.659010352525175
1	2	1	30	10000000	0.9	7.693167305906142
1	2	1	30	10000000	1.1	9.108265243333662
1	2	1	30	10000000	1.3000000000000003	9.473595519632907
1	2	1	30	10000000	1.5000000000000002	9.547652186897992
1	2	1	30	10000000	1.7000000000000002	9.569308017155858
1	2	1	30	10000000	1.9000000000000001	9.570060106710566
1	2	1	30	10000000	2.1	9.559394481685453
1	2	1	30	10000000	2.3000000000000003	9.541503199565417
1	2	1	30	10000000	2.5000000000000004	9.518646129631662
1	2	1	30	10000000	2.7	9.492187879881504
1	2	1	30	10000000	2.9000000000000004	9.463025273997607
1	2	1	30	10000000	3.1	9.431789342076778
1	2	1	30	10000000	3.3000000000000003	9.398942100102913
1	2	1	30	10000000	3.5000000000000004	9.364828994076072
1	2	1	30	10000000	3.7	9.329715873895925
1	2	1	30	10000000	3.9000000000000004	9.293807285741076
1	2	1	30	10000000	4.5	9.182695118154614
1	2	1	30	10000000	5	9.087422512936234
1	2	1	30	10000000	5.5	8.990270038470133
1	2	1	30	10000000	6	8.89121178038084
1	2	1	30	10000000	6.5	8.7899314968935
1	2	1	30	10000000	7	8.685972440256148
1	2	1	30	10000000	7.5	8.578845588540764
1	2	1	30	10000000	8	8.468112795644418
1	2	1	30	10000000	8.5	8.353452665368328
1	2	1	30	10000000	9	8.234713678566045
1	2	1	30	10000000	9.5	8.111951230262633
1	2	1	30	10000000	10	7.985447449934463
1	2	1	30	10000000	10.5	7.855710085655401
1	2	1	30	10000000	11	7.7234473569321045
1	2	1	30	10000000	11.5	7.589519008602104
1	2	1	30	10000000	12	7.454866308207862