lambh	lambe	m	B0	E0	h1	Integration 1 (meV)
2	1	-1	0	-10000000	0.1	4.3068483417780525
2	1	-1	0	-10000000	0.30000000000000004	4.304458615177813
2	1	-1	0	-10000000	0.5	4.30293528218451
2	1	-1	0	-10000000	0.7000000000000001	4.301946861549486
2	1	-1	0	-10000000	0.9	4.299061966822017
2	1	-1	0	-10000000	1.1	4.289141387405657
2	1	-1	0	-10000000	1.3000000000000003	4.270909383232444
2	1	-1	0	-10000000	1.5000000000000002	4.249956283254027
2	1	-1	0	-10000000	1.7000000000000002	4.230494634035973
2	1	-1	0	-10000000	1.9000000000000001	4.213554029569294
2	1	-1	0	-10000000	2.1	4.199027538016218
2	1	-1	0	-10000000	2.3000000000000003	4.186608036268524
2	1	-1	0	-10000000	2.5000000000000004	4.175995169708072
2	1	-1	0	-10000000	2.7	4.166923655565977
2	1	-1	0	-10000000	2.9000000000000004	4.159159896044623
2	1	-1	0	-10000000	3.1	4.1524966816681825
2	1	-1	0	-10000000	3.3000000000000003	4.14674950297032
2	1	-1	0	-10000000	3.5000000000000004	4.141753562623951
2	1	-1	0	-10000000	3.7	4.137361500842372
2	1	-1	0	-10000000	3.9000000000000004	4.13344156946321
2	1	-1	0	-10000000	4.5	4.123400647549647
2	1	-1	0	-10000000	5	4.115663134631019
2	1	-1	0	-10000000	5.5	4.1073588263250915
2	1	-1	0	-10000000	6	4.097752213998426
2	1	-1	0	-10000000	6.5	4.086396693710288
2	1	-1	0	-10000000	7	4.073150786302613
2	1	-1	0	-10000000	7.5	4.058215023356263
2	1	-1	0	-10000000	8	4.0421100965220464
2	1	-1	0	-10000000	8.5	4.025515669345107
2	1	-1	0	-10000000	9	4.009009813636934
2	1	-1	0	-10000000	9.5	3.9928889344441982
2	1	-1	0	-10000000	10	3.9771505329310366
2	1	-1	0	-10000000	10.5	3.961602816520774
2	1	-1	0	-10000000	11	3.9459847448555507
2	1	-1	0	-10000000	11.5	3.9300437505096624
2	1	-1	0	-10000000	12	3.9135705899900337
2	1	-1	0	-5000000	0.1	4.373535589716053
2	1	-1	0	-5000000	0.30000000000000004	4.358356125910206
2	1	-1	0	-5000000	0.5	4.339244859038385
2	1	-1	0	-5000000	0.7000000000000001	4.31749045940794
2	1	-1	0	-5000000	0.9	4.294684070378107
2	1	-1	0	-5000000	1.1	4.272164292548801
2	1	-1	0	-5000000	1.3000000000000003	4.250788623370508
2	1	-1	0	-5000000	1.5000000000000002	4.231021341300412
2	1	-1	0	-5000000	1.7000000000000002	4.213080045776746
2	1	-1	0	-5000000	1.9000000000000001	4.197027672121355
2	1	-1	0	-5000000	2.1	4.182831182772155
2	1	-1	0	-5000000	2.3000000000000003	4.17039646980582
2	1	-1	0	-5000000	2.5000000000000004	4.159593154436097
2	1	-1	0	-5000000	2.7	4.150271488625226
2	1	-1	0	-5000000	2.9000000000000004	4.142276717832353
2	1	-1	0	-5000000	3.1	4.1354569937310846
2	1	-1	0	-5000000	3.3000000000000003	4.129668675943519
2	1	-1	0	-5000000	3.5000000000000004	4.1247789617415265
2	1	-1	0	-5000000	3.7	4.120666061246319
2	1	-1	0	-5000000	3.9000000000000004	4.117218682886591
2	1	-1	0	-5000000	4.5	4.109891992253505
2	1	-1	0	-5000000	5	4.105968031818273
2	1	-1	0	-5000000	5.5	4.102759385009783
2	1	-1	0	-5000000	6	4.0991821711545855
2	1	-1	0	-5000000	6.5	4.094251040501695
2	1	-1	0	-5000000	7	4.087164682649655
2	1	-1	0	-5000000	7.5	4.0774748835903845
2	1	-1	0	-5000000	8	4.065277684991362
2	1	-1	0	-5000000	8.5	4.051258559173544
2	1	-1	0	-5000000	9	4.036433725502313
2	1	-1	0	-5000000	9.5	4.021705947031538
2	1	-1	0	-5000000	10	4.007572614028904
2	1	-1	0	-5000000	10.5	3.994130577559951
2	1	-1	0	-5000000	11	3.9812346208665357
2	1	-1	0	-5000000	11.5	3.9686481194974226
2	1	-1	0	-5000000	12	3.9561284091666873
2	1	-1	0	0	0.1	4.3583640007182725
2	1	-1	0	0	0.30000000000000004	4.340980209791927
2	1	-1	0	0	0.5	4.321709580708645
2	1	-1	0	0	0.7000000000000001	4.301130671491189
2	1	-1	0	0	0.9	4.279803953030261
2	1	-1	0	0	1.1	4.258337291503803
2	1	-1	0	0	1.3000000000000003	4.237289145779425
2	1	-1	0	0	1.5000000000000002	4.217131121147837
2	1	-1	0	0	1.7000000000000002	4.1981838188169665
2	1	-1	0	0	1.9000000000000001	4.180653085815859
2	1	-1	0	0	2.1	4.164611647508195
2	1	-1	0	0	2.3000000000000003	4.150059284530238
2	1	-1	0	0	2.5000000000000004	4.136926895876521
2	1	-1	0	0	2.7	4.125114151623033
2	1	-1	0	0	2.9000000000000004	4.114503576937679
2	1	-1	0	0	3.1	4.104971069347756
2	1	-1	0	0	3.3000000000000003	4.096396110464112
2	1	-1	0	0	3.5000000000000004	4.0886670484193965
2	1	-1	0	0	3.7	4.0816823155143735
2	1	-1	0	0	3.9000000000000004	4.07535121622673
2	1	-1	0	0	4.5	4.05953258381623
2	1	-1	0	0	5	4.049124816732193
2	1	-1	0	0	5.5	4.040540037381663
2	1	-1	0	0	6	4.033334843419656
2	1	-1	0	0	6.5	4.0272017550742865
2	1	-1	0	0	7	4.021926705143882
2	1	-1	0	0	7.5	4.01735980817024
2	1	-1	0	0	8	4.013396152686212
2	1	-1	0	0	8.5	4.009959865259041
2	1	-1	0	0	9	4.006996050542576
2	1	-1	0	0	9.5	4.004460125332369
2	1	-1	0	0	10	4.002314216434157
2	1	-1	0	0	10.5	4.000519713248135
2	1	-1	0	0	11	3.999033735612146
2	1	-1	0	0	11.5	3.9978060821041272
2	1	-1	0	0	12	3.996778772695006
2	1	-1	0	5000000	0.1	4.307141566913924
2	1	-1	0	5000000	0.30000000000000004	4.305539157553752
2	1	-1	0	5000000	0.5	4.297597026634849
2	1	-1	0	5000000	0.7000000000000001	4.284549718541418
2	1	-1	0	5000000	0.9	4.267823148289716
2	1	-1	0	5000000	1.1	4.248794692801654
2	1	-1	0	5000000	1.3000000000000003	4.228621213905501
2	1	-1	0	5000000	1.5000000000000002	4.208171932429709
2	1	-1	0	5000000	1.7000000000000002	4.188189777425223
2	1	-1	0	5000000	1.9000000000000001	4.168977933099287
2	1	-1	0	5000000	2.1	4.150823389806049
2	1	-1	0	5000000	2.3000000000000003	4.133848434636608
2	1	-1	0	5000000	2.5000000000000004	4.118086398187911
2	1	-1	0	5000000	2.7	4.103515483662351
2	1	-1	0	5000000	2.9000000000000004	4.090087077299039
2	1	-1	0	5000000	3.1	4.077730825097115
2	1	-1	0	5000000	3.3000000000000003	4.066366553288491
2	1	-1	0	5000000	3.5000000000000004	4.055904168276028
2	1	-1	0	5000000	3.7	4.046261387993308
2	1	-1	0	5000000	3.9000000000000004	4.03735703144776
2	1	-1	0	5000000	4.5	4.01430272902714
2	1	-1	0	5000000	5	3.998278879277107
2	1	-1	0	5000000	5.5	3.984225176605404
2	1	-1	0	5000000	6	3.9714706559475865
2	1	-1	0	5000000	6.5	3.9595015266424913
2	1	-1	0	5000000	7	3.9479255551340056
2	1	-1	0	5000000	7.5	3.9364410219718717
2	1	-1	0	5000000	8	3.9248121215099196
2	1	-1	0	5000000	8.5	3.912849428536298
2	1	-1	0	5000000	9	3.9003963993806927
2	1	-1	0	5000000	9.5	3.8873201698693185
2	1	-1	0	5000000	10	3.873505960756061
2	1	-1	0	5000000	10.5	3.8588543362864494
2	1	-1	0	5000000	11	3.843280549748697
2	1	-1	0	5000000	11.5	3.8267157694191005
2	1	-1	0	5000000	12	3.80910805790366
2	1	-1	0	10000000	0.1	4.146858131364481
2	1	-1	0	10000000	0.30000000000000004	4.172709770613917
2	1	-1	0	10000000	0.5	4.2022679728750445
2	1	-1	0	10000000	0.7000000000000001	4.226144724679974
2	1	-1	0	10000000	0.9	4.236369504371142
2	1	-1	0	10000000	1.1	4.2332817796700395
2	1	-1	0	10000000	1.3000000000000003	4.221681120840142
2	1	-1	0	10000000	1.5000000000000002	4.205792442457377
2	1	-1	0	10000000	1.7000000000000002	4.188185597207325
2	1	-1	0	10000000	1.9000000000000001	4.170262057800851
2	1	-1	0	10000000	2.1	4.152765329440238
2	1	-1	0	10000000	2.3000000000000003	4.136083205705455
2	1	-1	0	10000000	2.5000000000000004	4.120408128185095
2	1	-1	0	10000000	2.7	4.105822095635444
2	1	-1	0	10000000	2.9000000000000004	4.092341373996663
2	1	-1	0	10000000	3.1	4.079943931367965
2	1	-1	0	10000000	3.3000000000000003	4.068582705264654
2	1	-1	0	10000000	3.5000000000000004	4.0581956525807215
2	1	-1	0	10000000	3.7	4.048713594834193
2	1	-1	0	10000000	3.9000000000000004	4.040064219231793
2	1	-1	0	10000000	4.5	4.018426668421184
2	1	-1	0	10000000	5	4.004485536914512
2	1	-1	0	10000000	5.5	3.9936102547627366
2	1	-1	0	10000000	6	3.9854872743693726
2	1	-1	0	10000000	6.5	3.9799197071059873
2	1	-1	0	10000000	7	3.976451214470275
2	1	-1	0	10000000	7.5	3.9736793077182226
2	1	-1	0	10000000	8	3.968230065080878
2	1	-1	0	10000000	8.5	3.954546330565283
2	1	-1	0	10000000	9	3.9302953503037164
2	1	-1	0	10000000	9.5	3.9004161170438683
2	1	-1	0	10000000	10	3.8688410339083306
2	1	-1	0	10000000	10.5	3.836400793574888
2	1	-1	0	10000000	11	3.803107288138795
2	1	-1	0	10000000	11.5	3.7689433418254383
2	1	-1	0	10000000	12	3.7339636718819937
2	1	-1	5	-10000000	0.1	6.121523265442393
2	1	-1	5	-10000000	0.30000000000000004	6.130942766761666
2	1	-1	5	-10000000	0.5	6.146223531917236
2	1	-1	5	-10000000	0.7000000000000001	6.167381397826263
2	1	-1	5	-10000000	0.9	6.185529092774848
2	1	-1	5	-10000000	1.1	6.176121825962771
2	1	-1	5	-10000000	1.3000000000000003	6.130137963675294
2	1	-1	5	-10000000	1.5000000000000002	6.07217491018075
2	1	-1	5	-10000000	1.7000000000000002	6.019398025608072
2	1	-1	5	-10000000	1.9000000000000001	5.9747779811893
2	1	-1	5	-10000000	2.1	5.937319662693865
2	1	-1	5	-10000000	2.3000000000000003	5.905717090510029
2	1	-1	5	-10000000	2.5000000000000004	5.87890774655535
2	1	-1	5	-10000000	2.7	5.856051833547683
2	1	-1	5	-10000000	2.9000000000000004	5.836465355875959
2	1	-1	5	-10000000	3.1	5.819574981416806
2	1	-1	5	-10000000	3.3000000000000003	5.804891033188974
2	1	-1	5	-10000000	3.5000000000000004	5.791990645511374
2	1	-1	5	-10000000	3.7	5.7805063006504565
2	1	-1	5	-10000000	3.9000000000000004	5.770117752221911
2	1	-1	5	-10000000	4.5	5.742911632877242
2	1	-1	5	-10000000	5	5.721772268842355
2	1	-1	5	-10000000	5.5	5.6996317501928155
2	1	-1	5	-10000000	6	5.675094256094224
2	1	-1	5	-10000000	6.5	5.647429789951257
2	1	-1	5	-10000000	7	5.616523942250402
2	1	-1	5	-10000000	7.5	5.58286616221694
2	1	-1	5	-10000000	8	5.547442968667505
2	1	-1	5	-10000000	8.5	5.511417246630296
2	1	-1	5	-10000000	9	5.475697963502049
2	1	-1	5	-10000000	9.5	5.440659184256655
2	1	-1	5	-10000000	10	5.406170209700376
2	1	-1	5	-10000000	10.5	5.3718091155248056
2	1	-1	5	-10000000	11	5.337075537611409
2	1	-1	5	-10000000	11.5	5.301519496625254
2	1	-1	5	-10000000	12	5.264793856574622
2	1	-1	5	-5000000	0.1	6.351497802037476
2	1	-1	5	-5000000	0.30000000000000004	6.321202680989215
2	1	-1	5	-5000000	0.5	6.2772436109037315
2	1	-1	5	-5000000	0.7000000000000001	6.223759868881716
2	1	-1	5	-5000000	0.9	6.166367339327958
2	1	-1	5	-5000000	1.1	6.1095546919266
2	1	-1	5	-5000000	1.3000000000000003	6.055950148266376
2	1	-1	5	-5000000	1.5000000000000002	6.0067957991071514
2	1	-1	5	-5000000	1.7000000000000002	5.9625441457296
2	1	-1	5	-5000000	1.9000000000000001	5.92322837782645
2	1	-1	5	-5000000	2.1	5.888648820462276
2	1	-1	5	-5000000	2.3000000000000003	5.858480240929015
2	1	-1	5	-5000000	2.5000000000000004	5.83233244427445
2	1	-1	5	-5000000	2.7	5.809791308087325
2	1	-1	5	-5000000	2.9000000000000004	5.790446029650149
2	1	-1	5	-5000000	3.1	5.7739052746042345
2	1	-1	5	-5000000	3.3000000000000003	5.759806139197852
2	1	-1	5	-5000000	3.5000000000000004	5.747817563089619
2	1	-1	5	-5000000	3.7	5.73764008918343
2	1	-1	5	-5000000	3.9000000000000004	5.729003585057719
2	1	-1	5	-5000000	4.5	5.710007581453963
2	1	-1	5	-5000000	5	5.699142597755675
2	1	-1	5	-5000000	5.5	5.68996363957449
2	1	-1	5	-5000000	6	5.680184521335827
2	1	-1	5	-5000000	6.5	5.6678361870822735
2	1	-1	5	-5000000	7	5.651392566339743
2	1	-1	5	-5000000	7.5	5.630034357568122
2	1	-1	5	-5000000	8	5.603948205489929
2	1	-1	5	-5000000	8.5	5.574376494055745
2	1	-1	5	-5000000	9	5.5431453520733385
2	1	-1	5	-5000000	9.5	5.511874803837003
2	1	-1	5	-5000000	10	5.481461505666881
2	1	-1	5	-5000000	10.5	5.452084981584774
2	1	-1	5	-5000000	11	5.423491065180731
2	1	-1	5	-5000000	11.5	5.395260836856136
2	1	-1	5	-5000000	12	5.366965013768859
2	1	-1	5	0	0.1	6.285663328885195
2	1	-1	5	0	0.30000000000000004	6.2460549433524015
2	1	-1	5	0	0.5	6.201580337667089
2	1	-1	5	0	0.7000000000000001	6.153562519337929
2	1	-1	5	0	0.9	6.103543697791111
2	1	-1	5	0	1.1	6.053105782816393
2	1	-1	5	0	1.3000000000000003	6.003675364973947
2	1	-1	5	0	1.5000000000000002	5.956385280299088
2	1	-1	5	0	1.7000000000000002	5.912018855680994
2	1	-1	5	0	1.9000000000000001	5.871027615099163
2	1	-1	5	0	2.1	5.833586857955696
2	1	-1	5	0	2.3000000000000003	5.79966421455048
2	1	-1	5	0	2.5000000000000004	5.769091458630118
2	1	-1	5	0	2.7	5.74162064798925
2	1	-1	5	0	2.9000000000000004	5.7169665831673715
2	1	-1	5	0	3.1	5.694835876251204
2	1	-1	5	0	3.3000000000000003	5.674945221239779
2	1	-1	5	0	3.5000000000000004	5.657031540261993
2	1	-1	5	0	3.7	5.640856873727069
2	1	-1	5	0	3.9000000000000004	5.6262096871984015
2	1	-1	5	0	4.5	5.589692619883562
2	1	-1	5	0	5	5.565771692231902
2	1	-1	5	0	5.5	5.546158527092064
2	1	-1	5	0	6	5.529835775843213
2	1	-1	5	0	6.5	5.5161017930865075
2	1	-1	5	0	7	5.504470142672814
2	1	-1	5	0	7.5	5.494602107704778
2	1	-1	5	0	8	5.486259801501159
2	1	-1	5	0	8.5	5.479274056879833
2	1	-1	5	0	9	5.473522015978941
2	1	-1	5	0	9.5	5.468904614825053
2	1	-1	5	0	10	5.465338051172654
2	1	-1	5	0	10.5	5.462736292815565
2	1	-1	5	0	11	5.461001422313309
2	1	-1	5	0	11.5	5.460016815295063
2	1	-1	5	0	12	5.459643571414878
2	1	-1	5	5000000	0.1	6.1249047540153665
2	1	-1	5	5000000	0.30000000000000004	6.125214962661871
2	1	-1	5	5000000	0.5	6.109925150791139
2	1	-1	5	5000000	0.7000000000000001	6.082070484868227
2	1	-1	5	5000000	0.9	6.045261540007375
2	1	-1	5	5000000	1.1	6.002897594046897
2	1	-1	5	5000000	1.3000000000000003	5.957789285091718
2	1	-1	5	5000000	1.5000000000000002	5.912061398095555
2	1	-1	5	5000000	1.7000000000000002	5.867201518141001
2	1	-1	5	5000000	1.9000000000000001	5.824168031736606
2	1	-1	5	5000000	2.1	5.783512240271562
2	1	-1	5	5000000	2.3000000000000003	5.745496595752726
2	1	-1	5	5000000	2.5000000000000004	5.710188194510744
2	1	-1	5	5000000	2.7	5.677530918339856
2	1	-1	5	5000000	2.9000000000000004	5.647395794365955
2	1	-1	5	5000000	3.1	5.6196143281609245
2	1	-1	5	5000000	3.3000000000000003	5.593999593240183
2	1	-1	5	5000000	3.5000000000000004	5.570359107921914
2	1	-1	5	5000000	3.7	5.548502597985238
2	1	-1	5	5000000	3.9000000000000004	5.528246168177243
2	1	-1	5	5000000	4.5	5.475389142899382
2	1	-1	5	5000000	5	5.438215412201612
2	1	-1	5	5000000	5.5	5.405277665185874
2	1	-1	5	5000000	6	5.375126366066299
2	1	-1	5	5000000	6.5	5.346653650850265
2	1	-1	5	5000000	7	5.319017173751857
2	1	-1	5	5000000	7.5	5.291572981431807
2	1	-1	5	5000000	8	5.263822247451664
2	1	-1	5	5000000	8.5	5.235371231501679
2	1	-1	5	5000000	9	5.205902918308045
2	1	-1	5	5000000	9.5	5.1751582897860695
2	1	-1	5	5000000	10	5.142925387549246
2	1	-1	5	5000000	10.5	5.1090343983070206
2	1	-1	5	5000000	11	5.073357375953281
2	1	-1	5	5000000	11.5	5.035808552201006
2	1	-1	5	5000000	12	4.996350465741301
2	1	-1	5	10000000	0.1	5.722235668866367
2	1	-1	5	10000000	0.30000000000000004	5.786415472356852
2	1	-1	5	10000000	0.5	5.859039845681131
2	1	-1	5	10000000	0.7000000000000001	5.916747351616281
2	1	-1	5	10000000	0.9	5.940955967126462
2	1	-1	5	10000000	1.1	5.9338072581569214
2	1	-1	5	10000000	1.3000000000000003	5.907344292445769
2	1	-1	5	10000000	1.5000000000000002	5.871501223578704
2	1	-1	5	10000000	1.7000000000000002	5.832106165675591
2	1	-1	5	10000000	1.9000000000000001	5.792252406420064
2	1	-1	5	10000000	2.1	5.75354528079465
2	1	-1	5	10000000	2.3000000000000003	5.716792894317922
2	1	-1	5	10000000	2.5000000000000004	5.682370594713326
2	1	-1	5	10000000	2.7	5.650409538778322
2	1	-1	5	10000000	2.9000000000000004	5.62090746085083
2	1	-1	5	10000000	3.1	5.593772811173046
2	1	-1	5	10000000	3.3000000000000003	5.568876328462894
2	1	-1	5	10000000	3.5000000000000004	5.546062010852422
2	1	-1	5	10000000	3.7	5.525165224751175
2	1	-1	5	10000000	3.9000000000000004	5.50602241806052
2	1	-1	5	10000000	4.5	5.45763352384434
2	1	-1	5	10000000	5	5.425894188931287
2	1	-1	5	10000000	5.5	5.400595873847054
2	1	-1	5	10000000	6	5.380909391326402
2	1	-1	5	10000000	6.5	5.365730631999673
2	1	-1	5	10000000	7	5.352151090819156
2	1	-1	5	10000000	7.5	5.332572456319388
2	1	-1	5	10000000	8	5.290734287095609
2	1	-1	5	10000000	8.5	5.20542191714733
2	1	-1	5	10000000	9	5.08511404094351
2	1	-1	5	10000000	9.5	4.971991851605747
2	1	-1	5	10000000	10	4.879743336879627
2	1	-1	5	10000000	10.5	4.800787450254249
2	1	-1	5	10000000	11	4.7284956299786645
2	1	-1	5	10000000	11.5	4.65957697607439
2	1	-1	5	10000000	12	4.592568444524371
2	1	-1	10	-10000000	0.1	8.101464471981311
2	1	-1	10	-10000000	0.30000000000000004	8.16825859106609
2	1	-1	10	-10000000	0.5	8.27573099934068
2	1	-1	10	-10000000	0.7000000000000001	8.451627183766023
2	1	-1	10	-10000000	0.9	8.723711432720956
2	1	-1	10	-10000000	1.1	9.044347110424763
2	1	-1	10	-10000000	1.3000000000000003	9.256175269329816
2	1	-1	10	-10000000	1.5000000000000002	9.315801198807517
2	1	-1	10	-10000000	1.7000000000000002	9.300876676483258
2	1	-1	10	-10000000	1.9000000000000001	9.263834330955437
2	1	-1	10	-10000000	2.1	9.223580584811158
2	1	-1	10	-10000000	2.3000000000000003	9.185821304940152
2	1	-1	10	-10000000	2.5000000000000004	9.151950022263291
2	1	-1	10	-10000000	2.7	9.1219534470908
2	1	-1	10	-10000000	2.9000000000000004	9.095360689512267
2	1	-1	10	-10000000	3.1	9.07157331406747
2	1	-1	10	-10000000	3.3000000000000003	9.04998738471353
2	1	-1	10	-10000000	3.5000000000000004	9.030039618960041
2	1	-1	10	-10000000	3.7	9.011223740914895
2	1	-1	10	-10000000	3.9000000000000004	8.99309466843038
2	1	-1	10	-10000000	4.5	8.939266185199486
2	1	-1	10	-10000000	5	8.891238521428347
2	1	-1	10	-10000000	5.5	8.837777901911563
2	1	-1	10	-10000000	6	8.777972605374561
2	1	-1	10	-10000000	6.5	8.711920931305578
2	1	-1	10	-10000000	7	8.640402777186207
2	1	-1	10	-10000000	7.5	8.56457270460002
2	1	-1	10	-10000000	8	8.485625219002232
2	1	-1	10	-10000000	8.5	8.404414556690044
2	1	-1	10	-10000000	9	8.321196368839042
2	1	-1	10	-10000000	9.5	8.235636279952454
2	1	-1	10	-10000000	10	8.147054393804966
2	1	-1	10	-10000000	10.5	8.054715845874803
2	1	-1	10	-10000000	11	7.958030280225321
2	1	-1	10	-10000000	11.5	7.856640086230505
2	1	-1	10	-10000000	12	7.750438028672793
2	1	-1	10	-5000000	0.1	9.319647106960886
2	1	-1	10	-5000000	0.30000000000000004	9.410074345012486
2	1	-1	10	-5000000	0.5	9.462780909592809
2	1	-1	10	-5000000	0.7000000000000001	9.47140169527186
2	1	-1	10	-5000000	0.9	9.44435013750055
2	1	-1	10	-5000000	1.1	9.39585878165783
2	1	-1	10	-5000000	1.3000000000000003	9.338060274056694
2	1	-1	10	-5000000	1.5000000000000002	9.278689693352339
2	1	-1	10	-5000000	1.7000000000000002	9.221959453282647
2	1	-1	10	-5000000	1.9000000000000001	9.169883825311691
2	1	-1	10	-5000000	2.1	9.12323258478814
2	1	-1	10	-5000000	2.3000000000000003	9.082097759487228
2	1	-1	10	-5000000	2.5000000000000004	9.046214325713393
2	1	-1	10	-5000000	2.7	9.015141575474356
2	1	-1	10	-5000000	2.9000000000000004	8.988366140689518
2	1	-1	10	-5000000	3.1	8.965359785766742
2	1	-1	10	-5000000	3.3000000000000003	8.945610502387849
2	1	-1	10	-5000000	3.5000000000000004	8.92863760715692
2	1	-1	10	-5000000	3.7	8.913997457639205
2	1	-1	10	-5000000	3.9000000000000004	8.90128383228921
2	1	-1	10	-5000000	4.5	8.871142725198228
2	1	-1	10	-5000000	5	8.850656158878326
2	1	-1	10	-5000000	5.5	8.830116122864432
2	1	-1	10	-5000000	6	8.80627093184085
2	1	-1	10	-5000000	6.5	8.77657539170921
2	1	-1	10	-5000000	7	8.739277825790136
2	1	-1	10	-5000000	7.5	8.693567621309398
2	1	-1	10	-5000000	8	8.639727611534212
2	1	-1	10	-5000000	8.5	8.579082988934731
2	1	-1	10	-5000000	9	8.513552005136559
2	1	-1	10	-5000000	9.5	8.444882067474323
2	1	-1	10	-5000000	10	8.374123992507371
2	1	-1	10	-5000000	10.5	8.301594405392901
2	1	-1	10	-5000000	11	8.227133540166339
2	1	-1	10	-5000000	11.5	8.150373929163433
2	1	-1	10	-5000000	12	8.07091205499516
2	1	-1	10	0	0.1	9.465225630926662
2	1	-1	10	0	0.30000000000000004	9.447868457025812
2	1	-1	10	0	0.5	9.417305963701034
2	1	-1	10	0	0.7000000000000001	9.374848185524737
2	1	-1	10	0	0.9	9.323256613882338
2	1	-1	10	0	1.1	9.26570611784765
2	1	-1	10	0	1.3000000000000003	9.205256527643064
2	1	-1	10	0	1.5000000000000002	9.144484734596539
2	1	-1	10	0	1.7000000000000002	9.085302093897795
2	1	-1	10	0	1.9000000000000001	9.028980978713776
2	1	-1	10	0	2.1	8.976245002482422
2	1	-1	10	0	2.3000000000000003	8.92740487021406
2	1	-1	10	0	2.5000000000000004	8.882486274710663
2	1	-1	10	0	2.7	8.841334468384833
2	1	-1	10	0	2.9000000000000004	8.80369261811958
2	1	-1	10	0	3.1	8.769258335313692
2	1	-1	10	0	3.3000000000000003	8.737714657369175
2	1	-1	10	0	3.5000000000000004	8.708755352962369
2	1	-1	10	0	3.7	8.682095383255897
2	1	-1	10	0	3.9000000000000004	8.657476582621914
2	1	-1	10	0	4.5	8.593708821420991
2	1	-1	10	0	5	8.549627565116406
2	1	-1	10	0	5.5	8.511759194890681
2	1	-1	10	0	6	8.47883334545278
2	1	-1	10	0	6.5	8.449987961791125
2	1	-1	10	0	7	8.42463912058525
2	1	-1	10	0	7.5	8.402393671411259
2	1	-1	10	0	8	8.38298897721742
2	1	-1	10	0	8.5	8.366249985710146
2	1	-1	10	0	9	8.35205304267153
2	1	-1	10	0	9.5	8.340307623745941
2	1	-1	10	0	10	8.330920522736495
2	1	-1	10	0	10.5	8.323775987601962
2	1	-1	10	0	11	8.318711554753905
2	1	-1	10	0	11.5	8.315498262212893
2	1	-1	10	0	12	8.313830485725937
2	1	-1	10	5000000	0.1	8.996779951220883
2	1	-1	10	5000000	0.30000000000000004	9.077413194901812
2	1	-1	10	5000000	0.5	9.119608440820972
2	1	-1	10	5000000	0.7000000000000001	9.128444143428064
2	1	-1	10	5000000	0.9	9.111797649073491
2	1	-1	10	5000000	1.1	9.07736607954344
2	1	-1	10	5000000	1.3000000000000003	9.03155031885549
2	1	-1	10	5000000	1.5000000000000002	8.979195491535068
2	1	-1	10	5000000	1.7000000000000002	8.923733849378262
2	1	-1	10	5000000	1.9000000000000001	8.86746694718659
2	1	-1	10	5000000	2.1	8.811858191194679
2	1	-1	10	5000000	2.3000000000000003	8.75778305841818
2	1	-1	10	5000000	2.5000000000000004	8.705722387676715
2	1	-1	10	5000000	2.7	8.655901548559223
2	1	-1	10	5000000	2.9000000000000004	8.608385132461354
2	1	-1	10	5000000	3.1	8.563138881778654
2	1	-1	10	5000000	3.3000000000000003	8.520068473885209
2	1	-1	10	5000000	3.5000000000000004	8.479043437533718
2	1	-1	10	5000000	3.7	8.439911999658426
2	1	-1	10	5000000	3.9000000000000004	8.402510596815668
2	1	-1	10	5000000	4.5	8.298998627102968
2	1	-1	10	5000000	5	8.220262832417701
2	1	-1	10	5000000	5.5	8.145910299409172
2	1	-1	10	5000000	6	8.074021528429244
2	1	-1	10	5000000	6.5	8.003048862137373
2	1	-1	10	5000000	7	7.931771142742823
2	1	-1	10	5000000	7.5	7.8592328753072
2	1	-1	10	5000000	8	7.784685831986543
2	1	-1	10	5000000	8.5	7.707541130228097
2	1	-1	10	5000000	9	7.627334677616209
2	1	-1	10	5000000	9.5	7.5437054882124475
2	1	-1	10	5000000	10	7.4563864388048895
2	1	-1	10	5000000	10.5	7.365203746086951
2	1	-1	10	5000000	11	7.270082996591621
2	1	-1	10	5000000	11.5	7.171057494430556
2	1	-1	10	5000000	12	7.068275003262622
2	1	-1	10	10000000	0.1	7.737390365870174
2	1	-1	10	10000000	0.30000000000000004	7.947787100298988
2	1	-1	10	10000000	0.5	8.216804765328003
2	1	-1	10	10000000	0.7000000000000001	8.481201434592515
2	1	-1	10	10000000	0.9	8.665824160938689
2	1	-1	10	10000000	1.1	8.754670429331787
2	1	-1	10	10000000	1.3000000000000003	8.776113289649512
2	1	-1	10	10000000	1.5000000000000002	8.759945510342908
2	1	-1	10	10000000	1.7000000000000002	8.724850273110773
2	1	-1	10	10000000	1.9000000000000001	8.681003174064777
2	1	-1	10	10000000	2.1	8.633791823711144
2	1	-1	10	10000000	2.3000000000000003	8.58607371569522
2	1	-1	10	10000000	2.5000000000000004	8.539360416934949
2	1	-1	10	10000000	2.7	8.49442971904364
2	1	-1	10	10000000	2.9000000000000004	8.45165040714481
2	1	-1	10	10000000	3.1	8.411160840024305
2	1	-1	10	10000000	3.3000000000000003	8.37297080026494
2	1	-1	10	10000000	3.5000000000000004	8.337021576794537
2	1	-1	10	10000000	3.7	8.303222750606798
2	1	-1	10	10000000	3.9000000000000004	8.271475274119167
2	1	-1	10	10000000	4.5	8.187691628900819
2	1	-1	10	10000000	5	8.130279401238957
2	1	-1	10	10000000	5.5	8.08404578908309
2	1	-1	10	10000000	6	8.049031387450405
2	1	-1	10	10000000	6.5	8.0232863953858
2	1	-1	10	10000000	7	7.998318811645423
2	1	-1	10	10000000	7.5	7.950690818851791
2	1	-1	10	10000000	8	7.830015210214766
2	1	-1	10	10000000	8.5	7.5604008023771145
2	1	-1	10	10000000	9	7.138555408382882
2	1	-1	10	10000000	9.5	6.7363402274922475
2	1	-1	10	10000000	10	6.4538131298068055
2	1	-1	10	10000000	10.5	6.254332053830463
2	1	-1	10	10000000	11	6.096100138366091
2	1	-1	10	10000000	11.5	5.958311246607883
2	1	-1	10	10000000	12	5.831768709004026
2	1	-1	20	-10000000	0.1	9.61884546536045
2	1	-1	20	-10000000	0.30000000000000004	9.740229475802723
2	1	-1	20	-10000000	0.5	9.937720897587223
2	1	-1	20	-10000000	0.7000000000000001	10.274736414557026
2	1	-1	20	-10000000	0.9	10.858446033984444
2	1	-1	20	-10000000	1.1	11.736833101212206
2	1	-1	20	-10000000	1.3000000000000003	12.60247863038267
2	1	-1	20	-10000000	1.5000000000000002	13.092076504358605
2	1	-1	20	-10000000	1.7000000000000002	13.283865498502434
2	1	-1	20	-10000000	1.9000000000000001	13.344612341552908
2	1	-1	20	-10000000	2.1	13.355022089955758
2	1	-1	20	-10000000	2.3000000000000003	13.345852450931746
2	1	-1	20	-10000000	2.5000000000000004	13.32872928023079
2	1	-1	20	-10000000	2.7	13.308141235163044
2	1	-1	20	-10000000	2.9000000000000004	13.285769892812347
2	1	-1	20	-10000000	3.1	13.262135107598018
2	1	-1	20	-10000000	3.3000000000000003	13.237269014998912
2	1	-1	20	-10000000	3.5000000000000004	13.211012359445526
2	1	-1	20	-10000000	3.7	13.183152239102093
2	1	-1	20	-10000000	3.9000000000000004	13.153488331678238
2	1	-1	20	-10000000	4.5	13.052417520774167
2	1	-1	20	-10000000	5	12.95420038321524
2	1	-1	20	-10000000	5.5	12.845202258359132
2	1	-1	20	-10000000	6	12.728785235144798
2	1	-1	20	-10000000	6.5	12.60859494361887
2	1	-1	20	-10000000	7	12.487140705263341
2	1	-1	20	-10000000	7.5	12.364412924338716
2	1	-1	20	-10000000	8	12.237316750003117
2	1	-1	20	-10000000	8.5	12.100656676192669
2	1	-1	20	-10000000	9	11.949241290353402
2	1	-1	20	-10000000	9.5	11.77961099261906
2	1	-1	20	-10000000	10	11.590489439395293
2	1	-1	20	-10000000	10.5	11.3823236710362
2	1	-1	20	-10000000	11	11.156641138726563
2	1	-1	20	-10000000	11.5	10.915586894204985
2	1	-1	20	-10000000	12	10.661662312833771
2	1	-1	20	-5000000	0.1	12.16227847276228
2	1	-1	20	-5000000	0.30000000000000004	12.528253708330912
2	1	-1	20	-5000000	0.5	12.85538472452134
2	1	-1	20	-5000000	0.7000000000000001	13.096146952956534
2	1	-1	20	-5000000	0.9	13.239938854629534
2	1	-1	20	-5000000	1.1	13.306576821963398
2	1	-1	20	-5000000	1.3000000000000003	13.323675940839463
2	1	-1	20	-5000000	1.5000000000000002	13.313077428225743
2	1	-1	20	-5000000	1.7000000000000002	13.288690501428327
2	1	-1	20	-5000000	1.9000000000000001	13.25853989604697
2	1	-1	20	-5000000	2.1	13.227002474224486
2	1	-1	20	-5000000	2.3000000000000003	13.196332607712437
2	1	-1	20	-5000000	2.5000000000000004	13.167574982135987
2	1	-1	20	-5000000	2.7	13.14109223258316
2	1	-1	20	-5000000	2.9000000000000004	13.116868775859695
2	1	-1	20	-5000000	3.1	13.094686899534565
2	1	-1	20	-5000000	3.3000000000000003	13.074229133433036
2	1	-1	20	-5000000	3.5000000000000004	13.055137468532234
2	1	-1	20	-5000000	3.7	13.037047253011892
2	1	-1	20	-5000000	3.9000000000000004	13.019606245404686
2	1	-1	20	-5000000	4.5	12.96803288059083
2	1	-1	20	-5000000	5	12.922119835931744
2	1	-1	20	-5000000	5.5	12.870680765087249
2	1	-1	20	-5000000	6	12.8127218919828
2	1	-1	20	-5000000	6.5	12.748820584448149
2	1	-1	20	-5000000	7	12.680487996297217
2	1	-1	20	-5000000	7.5	12.608703117006753
2	1	-1	20	-5000000	8	12.532250218455497
2	1	-1	20	-5000000	8.5	12.447375530344802
2	1	-1	20	-5000000	9	12.3495459630689
2	1	-1	20	-5000000	9.5	12.235698313182828
2	1	-1	20	-5000000	10	12.105007253109413
2	1	-1	20	-5000000	10.5	11.958230129215373
2	1	-1	20	-5000000	11	11.796773337297852
2	1	-1	20	-5000000	11.5	11.62210861330186
2	1	-1	20	-5000000	12	11.435552999885578
2	1	-1	20	0	0.1	12.902924459943815
2	1	-1	20	0	0.30000000000000004	12.992075748262119
2	1	-1	20	0	0.5	13.058795796751257
2	1	-1	20	0	0.7000000000000001	13.100474869762914
2	1	-1	20	0	0.9	13.118803611561768
2	1	-1	20	0	1.1	13.117279958924858
2	1	-1	20	0	1.3000000000000003	13.100344544872282
2	1	-1	20	0	1.5000000000000002	13.07242431697879
2	1	-1	20	0	1.7000000000000002	13.037365684218116
2	1	-1	20	0	1.9000000000000001	12.99817933043717
2	1	-1	20	0	2.1	12.957046804710764
2	1	-1	20	0	2.3000000000000003	12.915448080425158
2	1	-1	20	0	2.5000000000000004	12.874324667277111
2	1	-1	20	0	2.7	12.834231210171355
2	1	-1	20	0	2.9000000000000004	12.795458871391135
2	1	-1	20	0	3.1	12.758127842944212
2	1	-1	20	0	3.3000000000000003	12.722252731529352
2	1	-1	20	0	3.5000000000000004	12.687787361468784
2	1	-1	20	0	3.7	12.654653875870434
2	1	-1	20	0	3.9000000000000004	12.6227613455704
2	1	-1	20	0	4.5	12.533625930841678
2	1	-1	20	0	5	12.465697061116146
2	1	-1	20	0	5.5	12.402595964022096
2	1	-1	20	0	6	12.343761024439848
2	1	-1	20	0	6.5	12.288858104709297
2	1	-1	20	0	7	12.237710350889493
2	1	-1	20	0	7.5	12.190247066924062
2	1	-1	20	0	8	12.146466769926379
2	1	-1	20	0	8.5	12.106417397468638
2	1	-1	20	0	9	12.070168883542436
2	1	-1	20	0	9.5	12.037798587640776
2	1	-1	20	0	10	12.009363059674499
2	1	-1	20	0	10.5	11.984864008139951
2	1	-1	20	0	11	11.964209053851285
2	1	-1	20	0	11.5	11.947161702591085
2	1	-1	20	0	12	11.933300827515483
2	1	-1	20	5000000	0.1	11.963911512232961
2	1	-1	20	5000000	0.30000000000000004	12.230315374927756
2	1	-1	20	5000000	0.5	12.428778753787252
2	1	-1	20	5000000	0.7000000000000001	12.563161449055713
2	1	-1	20	5000000	0.9	12.645320465514265
2	1	-1	20	5000000	1.1	12.687951540821341
2	1	-1	20	5000000	1.3000000000000003	12.701970185132891
2	1	-1	20	5000000	1.5000000000000002	12.695799701176073
2	1	-1	20	5000000	1.7000000000000002	12.675558253207134
2	1	-1	20	5000000	1.9000000000000001	12.645522156872024
2	1	-1	20	5000000	2.1	12.608612980426576
2	1	-1	20	5000000	2.3000000000000003	12.566808234897291
2	1	-1	20	5000000	2.5000000000000004	12.521448671623299
2	1	-1	20	5000000	2.7	12.473457598097403
2	1	-1	20	5000000	2.9000000000000004	12.423485528281383
2	1	-1	20	5000000	3.1	12.372003642190403
2	1	-1	20	5000000	3.3000000000000003	12.319360913458546
2	1	-1	20	5000000	3.5000000000000004	12.265818695167537
2	1	-1	20	5000000	3.7	12.211570705951614
2	1	-1	20	5000000	3.9000000000000004	12.156756768425842
2	1	-1	20	5000000	4.5	11.989694040307418
2	1	-1	20	5000000	5	11.847795437383123
2	1	-1	20	5000000	5.5	11.703130409147867
2	1	-1	20	5000000	6	11.555030399409237
2	1	-1	20	5000000	6.5	11.402751013526858
2	1	-1	20	5000000	7	11.245636983635173
2	1	-1	20	5000000	7.5	11.083102134230593
2	1	-1	20	5000000	8	10.91471311335944
2	1	-1	20	5000000	8.5	10.740138906049769
2	1	-1	20	5000000	9	10.559170794976446
2	1	-1	20	5000000	9.5	10.371694216672084
2	1	-1	20	5000000	10	10.177716403745025
2	1	-1	20	5000000	10.5	9.977385602045295
2	1	-1	20	5000000	11	9.77101927136972
2	1	-1	20	5000000	11.5	9.559117782945501
2	1	-1	20	5000000	12	9.342383938080923
2	1	-1	20	10000000	0.1	9.399124320324727
2	1	-1	20	10000000	0.30000000000000004	9.798307288772877
2	1	-1	20	10000000	0.5	10.361155935247494
2	1	-1	20	10000000	0.7000000000000001	10.996506648171941
2	1	-1	20	10000000	0.9	11.526147841315145
2	1	-1	20	10000000	1.1	11.862025208915648
2	1	-1	20	10000000	1.3000000000000003	12.040232276113862
2	1	-1	20	10000000	1.5000000000000002	12.123270302848713
2	1	-1	20	10000000	1.7000000000000002	12.154308278160935
2	1	-1	20	10000000	1.9000000000000001	12.157468113414543
2	1	-1	20	10000000	2.1	12.14549933382163
2	1	-1	20	10000000	2.3000000000000003	12.12511079468489
2	1	-1	20	10000000	2.5000000000000004	12.099883959075227
2	1	-1	20	10000000	2.7	12.071751705595087
2	1	-1	20	10000000	2.9000000000000004	12.041793996754295
2	1	-1	20	10000000	3.1	12.010671831818344
2	1	-1	20	10000000	3.3000000000000003	11.97885214335587
2	1	-1	20	10000000	3.5000000000000004	11.94672700642346
2	1	-1	20	10000000	3.7	11.914669265999969
2	1	-1	20	10000000	3.9000000000000004	11.88306655634467
2	1	-1	20	10000000	4.5	11.795165241918767
2	1	-1	20	10000000	5	11.736701359499984
2	1	-1	20	10000000	5.5	11.70004875765325
2	1	-1	20	10000000	6	11.692730658874652
2	1	-1	20	10000000	6.5	11.718634746850046
2	1	-1	20	10000000	7	11.770729573080855
2	1	-1	20	10000000	7.5	11.819417901791924
2	1	-1	20	10000000	8	11.798621058158602
2	1	-1	20	10000000	8.5	11.587290404841465
2	1	-1	20	10000000	9	10.988727479166988
2	1	-1	20	10000000	9.5	9.889938517213553
2	1	-1	20	10000000	10	8.75102033196976
2	1	-1	20	10000000	10.5	8.029624714664465
2	1	-1	20	10000000	11	7.61167129072231
2	1	-1	20	10000000	11.5	7.329665874047196
2	1	-1	20	10000000	12	7.1069454456136425
2	1	-1	30	-10000000	0.1	10.331969896813677
2	1	-1	30	-10000000	0.30000000000000004	10.471112298498882
2	1	-1	30	-10000000	0.5	10.699676606416087
2	1	-1	30	-10000000	0.7000000000000001	11.094571104881984
2	1	-1	30	-10000000	0.9	11.802440380344649
2	1	-1	30	-10000000	1.1	12.968361428012495
2	1	-1	30	-10000000	1.3000000000000003	14.30970968416551
2	1	-1	30	-10000000	1.5000000000000002	15.197968913971717
2	1	-1	30	-10000000	1.7000000000000002	15.600918427925523
2	1	-1	30	-10000000	1.9000000000000001	15.765451394842044
2	1	-1	30	-10000000	2.1	15.831487332349226
2	1	-1	30	-10000000	2.3000000000000003	15.854966781275964
2	1	-1	30	-10000000	2.5000000000000004	15.857891996201309
2	1	-1	30	-10000000	2.7	15.84939032830668
2	1	-1	30	-10000000	2.9000000000000004	15.833443906193347
2	1	-1	30	-10000000	3.1	15.811843561160835
2	1	-1	30	-10000000	3.3000000000000003	15.785407983112655
2	1	-1	30	-10000000	3.5000000000000004	15.754526874953228
2	1	-1	30	-10000000	3.7	15.71941898109838
2	1	-1	30	-10000000	3.9000000000000004	15.68026031323556
2	1	-1	30	-10000000	4.5	15.540742204279809
2	1	-1	30	-10000000	5	15.404334942717096
2	1	-1	30	-10000000	5.5	15.257490648470274
2	1	-1	30	-10000000	6	15.10858351092789
2	1	-1	30	-10000000	6.5	14.964498666818933
2	1	-1	30	-10000000	7	14.82758322844478
2	1	-1	30	-10000000	7.5	14.693157627161696
2	1	-1	30	-10000000	8	14.549923476928775
2	1	-1	30	-10000000	8.5	14.38426840004128
2	1	-1	30	-10000000	9	14.185685236948526
2	1	-1	30	-10000000	9.5	13.94946156827626
2	1	-1	30	-10000000	10	13.676032390948839
2	1	-1	30	-10000000	10.5	13.369001824940845
2	1	-1	30	-10000000	11	13.033480931010716
2	1	-1	30	-10000000	11.5	12.675141851203561
2	1	-1	30	-10000000	12	12.29977075175572
2	1	-1	30	-5000000	0.1	13.589765159377674
2	1	-1	30	-5000000	0.30000000000000004	14.138990824567466
2	1	-1	30	-5000000	0.5	14.671970254258664
2	1	-1	30	-5000000	0.7000000000000001	15.107073373649863
2	1	-1	30	-5000000	0.9	15.407555795009658
2	1	-1	30	-5000000	1.1	15.588243346034716
2	1	-1	30	-5000000	1.3000000000000003	15.6850019003852
2	1	-1	30	-5000000	1.5000000000000002	15.729975798866802
2	1	-1	30	-5000000	1.7000000000000002	15.744963780690698
2	1	-1	30	-5000000	1.9000000000000001	15.743192366033163
2	1	-1	30	-5000000	2.1	15.732329899403885
2	1	-1	30	-5000000	2.3000000000000003	15.716716363066466
2	1	-1	30	-5000000	2.5000000000000004	15.698741244260736
2	1	-1	30	-5000000	2.7	15.679653523140036
2	1	-1	30	-5000000	2.9000000000000004	15.660035297407667
2	1	-1	30	-5000000	3.1	15.640081370915553
2	1	-1	30	-5000000	3.3000000000000003	15.619766364080323
2	1	-1	30	-5000000	3.5000000000000004	15.598945748217727
2	1	-1	30	-5000000	3.7	15.577417634372457
2	1	-1	30	-5000000	3.9000000000000004	15.554961188354708
2	1	-1	30	-5000000	4.5	15.479995608999578
2	1	-1	30	-5000000	5	15.406790808179062
2	1	-1	30	-5000000	5.5	15.32365309714387
2	1	-1	30	-5000000	6	15.23346342649194
2	1	-1	30	-5000000	6.5	15.14206292184844
2	1	-1	30	-5000000	7	15.056271970712986
2	1	-1	30	-5000000	7.5	14.979129683444313
2	1	-1	30	-5000000	8	14.90496205673097
2	1	-1	30	-5000000	8.5	14.82014691944237
2	1	-1	30	-5000000	9	14.71053027750157
2	1	-1	30	-5000000	9.5	14.568079598988852
2	1	-1	30	-5000000	10	14.391531451181152
2	1	-1	30	-5000000	10.5	14.183750173156275
2	1	-1	30	-5000000	11	13.948882644107758
2	1	-1	30	-5000000	11.5	13.691029589862532
2	1	-1	30	-5000000	12	13.41377059373476
2	1	-1	30	0	0.1	14.818485555605765
2	1	-1	30	0	0.30000000000000004	14.995659927873165
2	1	-1	30	0	0.5	15.148171603979156
2	1	-1	30	0	0.7000000000000001	15.269277700459988
2	1	-1	30	0	0.9	15.358177393948077
2	1	-1	30	0	1.1	15.417107552765529
2	1	-1	30	0	1.3000000000000003	15.450378234659349
2	1	-1	30	0	1.5000000000000002	15.463140758124387
2	1	-1	30	0	1.7000000000000002	15.460384489032853
2	1	-1	30	0	1.9000000000000001	15.446379702411143
2	1	-1	30	0	2.1	15.424499884878019
2	1	-1	30	0	2.3000000000000003	15.397268404485482
2	1	-1	30	0	2.5000000000000004	15.366501499444757
2	1	-1	30	0	2.7	15.333470549508686
2	1	-1	30	0	2.9000000000000004	15.299047426370024
2	1	-1	30	0	3.1	15.263820990874255
2	1	-1	30	0	3.3000000000000003	15.228184640172941
2	1	-1	30	0	3.5000000000000004	15.192399432061269
2	1	-1	30	0	3.7	15.156638297074176
2	1	-1	30	0	3.9000000000000004	15.121016347532766
2	1	-1	30	0	4.5	15.015652710211558
2	1	-1	30	0	5	14.93012954748793
2	1	-1	30	0	5.5	14.847068566318596
2	1	-1	30	0	6	14.766751726045513
2	1	-1	30	0	6.5	14.689440339924067
2	1	-1	30	0	7	14.615383917498976
2	1	-1	30	0	7.5	14.544820376426337
2	1	-1	30	0	8	14.477976987245935
2	1	-1	30	0	8.5	14.415073889613142
2	1	-1	30	0	9	14.35632652614086
2	1	-1	30	0	9.5	14.301945693526033
2	1	-1	30	0	10	14.25212870592688
2	1	-1	30	0	10.5	14.207036884400818
2	1	-1	30	0	11	14.166753896836807
2	1	-1	30	0	11.5	14.131222811040596
2	1	-1	30	0	12	14.100173392601429
2	1	-1	30	5000000	0.1	13.582666314508717
2	1	-1	30	5000000	0.30000000000000004	13.993725390556635
2	1	-1	30	5000000	0.5	14.32037726514161
2	1	-1	30	5000000	0.7000000000000001	14.564016473745852
2	1	-1	30	5000000	0.9	14.738140661534452
2	1	-1	30	5000000	1.1	14.857952912264036
2	1	-1	30	5000000	1.3000000000000003	14.936606405409163
2	1	-1	30	5000000	1.5000000000000002	14.984258442496223
2	1	-1	30	5000000	1.7000000000000002	15.008324815201258
2	1	-1	30	5000000	1.9000000000000001	15.014090319397523
2	1	-1	30	5000000	2.1	15.005315300787288
2	1	-1	30	5000000	2.3000000000000003	14.984721274966416
2	1	-1	30	5000000	2.5000000000000004	14.954340858927694
2	1	-1	30	5000000	2.7	14.915752456826747
2	1	-1	30	5000000	2.9000000000000004	14.870228200102291
2	1	-1	30	5000000	3.1	14.818822095784014
2	1	-1	30	5000000	3.3000000000000003	14.762420379580714
2	1	-1	30	5000000	3.5000000000000004	14.701775109137467
2	1	-1	30	5000000	3.7	14.63749493254542
2	1	-1	30	5000000	3.9000000000000004	14.570112512318307
2	1	-1	30	5000000	4.5	14.353193841982302
2	1	-1	30	5000000	5	14.15921086068321
2	1	-1	30	5000000	5.5	13.95553323215607
2	1	-1	30	5000000	6	13.743122998368563
2	1	-1	30	5000000	6.5	13.522369137020936
2	1	-1	30	5000000	7	13.293408776307
2	1	-1	30	5000000	7.5	13.056294600315507
2	1	-1	30	5000000	8	12.811073163131534
2	1	-1	30	5000000	8.5	12.557820093208274
2	1	-1	30	5000000	9	12.296657525077514
2	1	-1	30	5000000	9.5	12.027781782920071
2	1	-1	30	5000000	10	11.751492613852365
2	1	-1	30	5000000	10.5	11.468228379094175
2	1	-1	30	5000000	11	11.178620112955638
2	1	-1	30	5000000	11.5	10.883527296222239
2	1	-1	30	5000000	12	10.584063580425797
2	1	-1	30	10000000	0.1	10.197551179202346
2	1	-1	30	10000000	0.30000000000000004	10.694008845315837
2	1	-1	30	10000000	0.5	11.43000170356645
2	1	-1	30	10000000	0.7000000000000001	12.323063421905509
2	1	-1	30	10000000	0.9	13.129862953537808
2	1	-1	30	10000000	1.1	13.685509220475922
2	1	-1	30	10000000	1.3000000000000003	14.015385826194121
2	1	-1	30	10000000	1.5000000000000002	14.204099341422445
2	1	-1	30	10000000	1.7000000000000002	14.314070570625724
2	1	-1	30	10000000	1.9000000000000001	14.380203527955711
2	1	-1	30	10000000	2.1	14.42059658905123
2	1	-1	30	10000000	2.3000000000000003	14.44451998384778
2	1	-1	30	10000000	2.5000000000000004	14.456802166934843
2	1	-1	30	10000000	2.7	14.460106674968523
2	1	-1	30	10000000	2.9000000000000004	14.456101088211385
2	1	-1	30	10000000	3.1	14.446044124072834
2	1	-1	30	10000000	3.3000000000000003	14.431057945149034
2	1	-1	30	10000000	3.5000000000000004	14.41223797780713
2	1	-1	30	10000000	3.7	14.39068394986513
2	1	-1	30	10000000	3.9000000000000004	14.36749944794211
2	1	-1	30	10000000	4.5	14.299104175687324
2	1	-1	30	10000000	5	14.25946209616156
2	1	-1	30	10000000	5.5	14.253301618666775
2	1	-1	30	10000000	6	14.296508500002243
2	1	-1	30	10000000	6.5	14.401276295618397
2	1	-1	30	10000000	7	14.568649804531965
2	1	-1	30	10000000	7.5	14.777284608591458
2	1	-1	30	10000000	8	14.975329508959113
2	1	-1	30	10000000	8.5	15.082674775583044
2	1	-1	30	10000000	9	14.989450308741283
2	1	-1	30	10000000	9.5	14.504070317020998
2	1	-1	30	10000000	10	13.238657640208535
2	1	-1	30	10000000	10.5	11.065801261335432
2	1	-1	30	10000000	11	9.294580772092171
2	1	-1	30	10000000	11.5	8.425433949786479
2	1	-1	30	10000000	12	7.968912213647197
2	1	0	0	-10000000	0.1	4.453401684486199
2	1	0	0	-10000000	0.30000000000000004	4.4802776845491055
2	1	0	0	-10000000	0.5	4.5282703834368885
2	1	0	0	-10000000	0.7000000000000001	4.612328083474546
2	1	0	0	-10000000	0.9	4.74571612243827
2	1	0	0	-10000000	1.1	4.908540287085662
2	1	0	0	-10000000	1.3000000000000003	5.0391478215374255
2	1	0	0	-10000000	1.5000000000000002	5.113661854182282
2	1	0	0	-10000000	1.7000000000000002	5.152142845979228
2	1	0	0	-10000000	1.9000000000000001	5.173212403607095
2	1	0	0	-10000000	2.1	5.186053302208764
2	1	0	0	-10000000	2.3000000000000003	5.19472750094057
2	1	0	0	-10000000	2.5000000000000004	5.200839784406968
2	1	0	0	-10000000	2.7	5.2053912547296655
2	1	0	0	-10000000	2.9000000000000004	5.208700125927656
2	1	0	0	-10000000	3.1	5.210939845433242
2	1	0	0	-10000000	3.3000000000000003	5.212235405598804
2	1	0	0	-10000000	3.5000000000000004	5.212568489583735
2	1	0	0	-10000000	3.7	5.212109265324815
2	1	0	0	-10000000	3.9000000000000004	5.210828554917014
2	1	0	0	-10000000	4.5	5.202120246026848
2	1	0	0	-10000000	5	5.189350347076374
2	1	0	0	-10000000	5.5	5.172186911774364
2	1	0	0	-10000000	6	5.1504233997752955
2	1	0	0	-10000000	6.5	5.124535160420779
2	1	0	0	-10000000	7	5.094950949975047
2	1	0	0	-10000000	7.5	5.06177285452989
2	1	0	0	-10000000	8	5.025294820367204
2	1	0	0	-10000000	8.5	4.985755406163603
2	1	0	0	-10000000	9	4.943397671805864
2	1	0	0	-10000000	9.5	4.898427127961152
2	1	0	0	-10000000	10	4.851190235726852
2	1	0	0	-10000000	10.5	4.802044991454382
2	1	0	0	-10000000	11	4.751150640569364
2	1	0	0	-10000000	11.5	4.699004887718286
2	1	0	0	-10000000	12	4.6458148348752255
2	1	0	0	-5000000	0.1	4.959852468140366
2	1	0	0	-5000000	0.30000000000000004	5.014452391573474
2	1	0	0	-5000000	0.5	5.062419478389938
2	1	0	0	-5000000	0.7000000000000001	5.099337490971722
2	1	0	0	-5000000	0.9	5.125107427537749
2	1	0	0	-5000000	1.1	5.142002756030535
2	1	0	0	-5000000	1.3000000000000003	5.1529971453409775
2	1	0	0	-5000000	1.5000000000000002	5.1604278055041695
2	1	0	0	-5000000	1.7000000000000002	5.165776327172583
2	1	0	0	-5000000	1.9000000000000001	5.169891468506842
2	1	0	0	-5000000	2.1	5.173252109300073
2	1	0	0	-5000000	2.3000000000000003	5.17610909126274
2	1	0	0	-5000000	2.5000000000000004	5.178593085313113
2	1	0	0	-5000000	2.7	5.180722299432889
2	1	0	0	-5000000	2.9000000000000004	5.182570515298983
2	1	0	0	-5000000	3.1	5.184145538342431
2	1	0	0	-5000000	3.3000000000000003	5.185416694709065
2	1	0	0	-5000000	3.5000000000000004	5.186366647954858
2	1	0	0	-5000000	3.7	5.187065154058951
2	1	0	0	-5000000	3.9000000000000004	5.1873733350447635
2	1	0	0	-5000000	4.5	5.18634054414593
2	1	0	0	-5000000	5	5.1827671104349315
2	1	0	0	-5000000	5.5	5.176394539427695
2	1	0	0	-5000000	6	5.167084734592563
2	1	0	0	-5000000	6.5	5.15466935473565
2	1	0	0	-5000000	7	5.139103093294008
2	1	0	0	-5000000	7.5	5.120415280714601
2	1	0	0	-5000000	8	5.098696625474255
2	1	0	0	-5000000	8.5	5.074076800540973
2	1	0	0	-5000000	9	5.046675515956012
2	1	0	0	-5000000	9.5	5.016665671119293
2	1	0	0	-5000000	10	4.9841660101746745
2	1	0	0	-5000000	10.5	4.9493282157406835
2	1	0	0	-5000000	11	4.912263972513343
2	1	0	0	-5000000	11.5	4.873129845426391
2	1	0	0	-5000000	12	4.8320756436660455
2	1	0	0	0	0.1	5.094988817539667
2	1	0	0	0	0.30000000000000004	5.10709091073958
2	1	0	0	0	0.5	5.116505457862776
2	1	0	0	0	0.7000000000000001	5.1233633067162625
2	1	0	0	0	0.9	5.127990051039901
2	1	0	0	0	1.1	5.130826707301918
2	1	0	0	0	1.3000000000000003	5.13228742527929
2	1	0	0	0	1.5000000000000002	5.132921969439508
2	1	0	0	0	1.7000000000000002	5.132415000602942
2	1	0	0	0	1.9000000000000001	5.1315625075371845
2	1	0	0	0	2.1	5.130272208957496
2	1	0	0	0	2.3000000000000003	5.128653501149032
2	1	0	0	0	2.5000000000000004	5.126745552188186
2	1	0	0	0	2.7	5.12449307501734
2	1	0	0	0	2.9000000000000004	5.122253705414709
2	1	0	0	0	3.1	5.119701844002756
2	1	0	0	0	3.3000000000000003	5.1169776046374045
2	1	0	0	0	3.5000000000000004	5.114093028707558
2	1	0	0	0	3.7	5.111067832651055
2	1	0	0	0	3.9000000000000004	5.107897956268084
2	1	0	0	0	4.5	5.0976842292890305
2	1	0	0	0	5	5.088472502302732
2	1	0	0	0	5.5	5.078749753603896
2	1	0	0	0	6	5.068615472808026
2	1	0	0	0	6.5	5.058161866750211
2	1	0	0	0	7	5.04742932493959
2	1	0	0	0	7.5	5.0365066779967105
2	1	0	0	0	8	5.025357500523637
2	1	0	0	0	8.5	5.014126480822158
2	1	0	0	0	9	5.002784644902291
2	1	0	0	0	9.5	4.99139030540919
2	1	0	0	0	10	4.9799423341672
2	1	0	0	0	10.5	4.968449572389702
2	1	0	0	0	11	4.9569632645814306
2	1	0	0	0	11.5	4.945475237943392
2	1	0	0	0	12	4.934018559973705
2	1	0	0	5000000	0.1	4.957770723524138
2	1	0	0	5000000	0.30000000000000004	5.001004348783465
2	1	0	0	5000000	0.5	5.033327572754811
2	1	0	0	5000000	0.7000000000000001	5.055603473383575
2	1	0	0	5000000	0.9	5.069770731760948
2	1	0	0	5000000	1.1	5.077769928584432
2	1	0	0	5000000	1.3000000000000003	5.081230238031786
2	1	0	0	5000000	1.5000000000000002	5.081622604865068
2	1	0	0	5000000	1.7000000000000002	5.079570432059063
2	1	0	0	5000000	1.9000000000000001	5.075886608529366
2	1	0	0	5000000	2.1	5.070913677263662
2	1	0	0	5000000	2.3000000000000003	5.064913525120779
2	1	0	0	5000000	2.5000000000000004	5.058118650183697
2	1	0	0	5000000	2.7	5.050637919149172
2	1	0	0	5000000	2.9000000000000004	5.042525056513013
2	1	0	0	5000000	3.1	5.03389735250636
2	1	0	0	5000000	3.3000000000000003	5.024791335472612
2	1	0	0	5000000	3.5000000000000004	5.015216413760371
2	1	0	0	5000000	3.7	5.005239550887635
2	1	0	0	5000000	3.9000000000000004	4.9948884260195126
2	1	0	0	5000000	4.5	4.961608782222619
2	1	0	0	5000000	5	4.931992078401072
2	1	0	0	5000000	5.5	4.900638801071226
2	1	0	0	5000000	6	4.868069806566327
2	1	0	0	5000000	6.5	4.834473661418769
2	1	0	0	5000000	7	4.799822371403442
2	1	0	0	5000000	7.5	4.7643317101036695
2	1	0	0	5000000	8	4.72809729136537
2	1	0	0	5000000	8.5	4.691168065586804
2	1	0	0	5000000	9	4.653524051918338
2	1	0	0	5000000	9.5	4.615151021860754
2	1	0	0	5000000	10	4.576037201789129
2	1	0	0	5000000	10.5	4.536207662331042
2	1	0	0	5000000	11	4.495672269103799
2	1	0	0	5000000	11.5	4.454434490678386
2	1	0	0	5000000	12	4.412536323178579
2	1	0	0	10000000	0.1	4.477581450501544
2	1	0	0	10000000	0.30000000000000004	4.566070850572763
2	1	0	0	10000000	0.5	4.6816407093712105
2	1	0	0	10000000	0.7000000000000001	4.801342925772657
2	1	0	0	10000000	0.9	4.8960254609685885
2	1	0	0	10000000	1.1	4.956209809479085
2	1	0	0	10000000	1.3000000000000003	4.989252948596391
2	1	0	0	10000000	1.5000000000000002	5.004954255188727
2	1	0	0	10000000	1.7000000000000002	5.010435724461211
2	1	0	0	10000000	1.9000000000000001	5.0097522541974735
2	1	0	0	10000000	2.1	5.005220908057637
2	1	0	0	10000000	2.3000000000000003	4.998169610566638
2	1	0	0	10000000	2.5000000000000004	4.9893851953217885
2	1	0	0	10000000	2.7	4.979349325977477
2	1	0	0	10000000	2.9000000000000004	4.9683809896557065
2	1	0	0	10000000	3.1	4.956689430285514
2	1	0	0	10000000	3.3000000000000003	4.9444230803245715
2	1	0	0	10000000	3.5000000000000004	4.931612518699251
2	1	0	0	10000000	3.7	4.918513013203476
2	1	0	0	10000000	3.9000000000000004	4.905075040957234
2	1	0	0	10000000	4.5	4.863241717520043
2	1	0	0	10000000	5	4.827022331987967
2	1	0	0	10000000	5.5	4.789770425753246
2	1	0	0	10000000	6	4.751580655241547
2	1	0	0	10000000	6.5	4.712549769469373
2	1	0	0	10000000	7	4.672567192517004
2	1	0	0	10000000	7.5	4.631640438629157
2	1	0	0	10000000	8	4.589733225654641
2	1	0	0	10000000	8.5	4.546866038819718
2	1	0	0	10000000	9	4.503043207621148
2	1	0	0	10000000	9.5	4.458288171390289
2	1	0	0	10000000	10	4.412704242203043
2	1	0	0	10000000	10.5	4.366388660751574
2	1	0	0	10000000	11	4.319482173144901
2	1	0	0	10000000	11.5	4.272163899950092
2	1	0	0	10000000	12	4.224567374043447
2	1	0	5	-10000000	0.1	4.843369279014563
2	1	0	5	-10000000	0.30000000000000004	4.878831430521859
2	1	0	5	-10000000	0.5	4.942286483537737
2	1	0	5	-10000000	0.7000000000000001	5.053177307448528
2	1	0	5	-10000000	0.9	5.2286243919021596
2	1	0	5	-10000000	1.1	5.43949534109485
2	1	0	5	-10000000	1.3000000000000003	5.606898353663819
2	1	0	5	-10000000	1.5000000000000002	5.7019493886149695
2	1	0	5	-10000000	1.7000000000000002	5.7506096269037235
2	1	0	5	-10000000	1.9000000000000001	5.777340363973279
2	1	0	5	-10000000	2.1	5.793615271838976
2	1	0	5	-10000000	2.3000000000000003	5.804412228943969
2	1	0	5	-10000000	2.5000000000000004	5.812154892461717
2	1	0	5	-10000000	2.7	5.817677551797868
2	1	0	5	-10000000	2.9000000000000004	5.821509857313691
2	1	0	5	-10000000	3.1	5.823939596747304
2	1	0	5	-10000000	3.3000000000000003	5.825118440933299
2	1	0	5	-10000000	3.5000000000000004	5.825099486344626
2	1	0	5	-10000000	3.7	5.823566469236574
2	1	0	5	-10000000	3.9000000000000004	5.821641484924537
2	1	0	5	-10000000	4.5	5.807909651216772
2	1	0	5	-10000000	5	5.789294867325129
2	1	0	5	-10000000	5.5	5.764314104017734
2	1	0	5	-10000000	6	5.7333472155625085
2	1	0	5	-10000000	6.5	5.6970148012652775
2	1	0	5	-10000000	7	5.65609932992765
2	1	0	5	-10000000	7.5	5.609889750954412
2	1	0	5	-10000000	8	5.55957219062478
2	1	0	5	-10000000	8.5	5.50534785175511
2	1	0	5	-10000000	9	5.447587687633401
2	1	0	5	-10000000	9.5	5.386658140607354
2	1	0	5	-10000000	10	5.322702314225056
2	1	0	5	-10000000	10.5	5.256526666181451
2	1	0	5	-10000000	11	5.187976432837726
2	1	0	5	-10000000	11.5	5.118868123974673
2	1	0	5	-10000000	12	5.048303909037333
2	1	0	5	-5000000	0.1	5.501348683794431
2	1	0	5	-5000000	0.30000000000000004	5.572285834871086
2	1	0	5	-5000000	0.5	5.634477996702062
2	1	0	5	-5000000	0.7000000000000001	5.682335642263109
2	1	0	5	-5000000	0.9	5.7154617570338395
2	1	0	5	-5000000	1.1	5.736978931956523
2	1	0	5	-5000000	1.3000000000000003	5.750837120213563
2	1	0	5	-5000000	1.5000000000000002	5.760046046583981
2	1	0	5	-5000000	1.7000000000000002	5.766536700136184
2	1	0	5	-5000000	1.9000000000000001	5.771424222601834
2	1	0	5	-5000000	2.1	5.775356856248193
2	1	0	5	-5000000	2.3000000000000003	5.778639490613805
2	1	0	5	-5000000	2.5000000000000004	5.781345144659823
2	1	0	5	-5000000	2.7	5.783684274823812
2	1	0	5	-5000000	2.9000000000000004	5.7856232917551305
2	1	0	5	-5000000	3.1	5.7871742134000375
2	1	0	5	-5000000	3.3000000000000003	5.788308048007546
2	1	0	5	-5000000	3.5000000000000004	5.789067160204235
2	1	0	5	-5000000	3.7	5.789391134074625
2	1	0	5	-5000000	3.9000000000000004	5.78932945093965
2	1	0	5	-5000000	4.5	5.7862947792364965
2	1	0	5	-5000000	5	5.78005574099283
2	1	0	5	-5000000	5.5	5.770286871239498
2	1	0	5	-5000000	6	5.756038977590649
2	1	0	5	-5000000	6.5	5.737904475769791
2	1	0	5	-5000000	7	5.715666885994433
2	1	0	5	-5000000	7.5	5.689000743958078
2	1	0	5	-5000000	8	5.6583388455855745
2	1	0	5	-5000000	8.5	5.623941276273354
2	1	0	5	-5000000	9	5.585901565156672
2	1	0	5	-5000000	9.5	5.54458663274139
2	1	0	5	-5000000	10	5.4998076022522335
2	1	0	5	-5000000	10.5	5.452174370450498
2	1	0	5	-5000000	11	5.401784454882052
2	1	0	5	-5000000	11.5	5.348704310030476
2	1	0	5	-5000000	12	5.293376882388191
2	1	0	5	0	0.1	5.677237324791315
2	1	0	5	0	0.30000000000000004	5.692612797255213
2	1	0	5	0	0.5	5.704397699910522
2	1	0	5	0	0.7000000000000001	5.7127536385770545
2	1	0	5	0	0.9	5.718195953097665
2	1	0	5	0	1.1	5.721183864657799
2	1	0	5	0	1.3000000000000003	5.722351270659823
2	1	0	5	0	1.5000000000000002	5.722199326028053
2	1	0	5	0	1.7000000000000002	5.7210759498653765
2	1	0	5	0	1.9000000000000001	5.719229294683493
2	1	0	5	0	2.1	5.716839242045495
2	1	0	5	0	2.3000000000000003	5.714051934847273
2	1	0	5	0	2.5000000000000004	5.710860200444524
2	1	0	5	0	2.7	5.7073479858658915
2	1	0	5	0	2.9000000000000004	5.703569344164112
2	1	0	5	0	3.1	5.699560269722371
2	1	0	5	0	3.3000000000000003	5.695322985283445
2	1	0	5	0	3.5000000000000004	5.690880024431905
2	1	0	5	0	3.7	5.6862438619565445
2	1	0	5	0	3.9000000000000004	5.681409764262563
2	1	0	5	0	4.5	5.666014038695614
2	1	0	5	0	5	5.652294042648001
2	1	0	5	0	5.5	5.637901970899927
2	1	0	5	0	6	5.623014501687144
2	1	0	5	0	6.5	5.607697648695957
2	1	0	5	0	7	5.592152173703497
2	1	0	5	0	7.5	5.576152759531557
2	1	0	5	0	8	5.560018411179669
2	1	0	5	0	8.5	5.543904028406956
2	1	0	5	0	9	5.527509272360442
2	1	0	5	0	9.5	5.511049501656312
2	1	0	5	0	10	5.49460303624753
2	1	0	5	0	10.5	5.478136605333206
2	1	0	5	0	11	5.461669486259416
2	1	0	5	0	11.5	5.445242924043807
2	1	0	5	0	12	5.428874263367798
2	1	0	5	5000000	0.1	5.49834655592384
2	1	0	5	5000000	0.30000000000000004	5.553896276968965
2	1	0	5	5000000	0.5	5.595095516825062
2	1	0	5	5000000	0.7000000000000001	5.623275655696205
2	1	0	5	5000000	0.9	5.640824339942692
2	1	0	5	5000000	1.1	5.650344052286224
2	1	0	5	5000000	1.3000000000000003	5.653993494842439
2	1	0	5	5000000	1.5000000000000002	5.653453687393839
2	1	0	5	5000000	1.7000000000000002	5.649875413491108
2	1	0	5	5000000	1.9000000000000001	5.644082691343985
2	1	0	5	5000000	2.1	5.636629434395788
2	1	0	5	5000000	2.3000000000000003	5.627876609720373
2	1	0	5	5000000	2.5000000000000004	5.618040235846096
2	1	0	5	5000000	2.7	5.60732533548475
2	1	0	5	5000000	2.9000000000000004	5.595828007829182
2	1	0	5	5000000	3.1	5.583634220582274
2	1	0	5	5000000	3.3000000000000003	5.570808047562406
2	1	0	5	5000000	3.5000000000000004	5.5573961209806155
2	1	0	5	5000000	3.7	5.543457790277322
2	1	0	5	5000000	3.9000000000000004	5.529012541960338
2	1	0	5	5000000	4.5	5.483028850135272
2	1	0	5	5000000	5	5.4421323555608865
2	1	0	5	5000000	5.5	5.399269311598856
2	1	0	5	5000000	6	5.354823187699869
2	1	0	5	5000000	6.5	5.309073586914159
2	1	0	5	5000000	7	5.262228988686784
2	1	0	5	5000000	7.5	5.214413247894914
2	1	0	5	5000000	8	5.165796117073186
2	1	0	5	5000000	8.5	5.116360831006323
2	1	0	5	5000000	9	5.066157406923515
2	1	0	5	5000000	9.5	5.015190098968926
2	1	0	5	5000000	10	4.963461999037046
2	1	0	5	5000000	10.5	4.910990058084887
2	1	0	5	5000000	11	4.857749390525418
2	1	0	5	5000000	11.5	4.803798199718811
2	1	0	5	5000000	12	4.749165849331984
2	1	0	5	10000000	0.1	4.874618047814666
2	1	0	5	10000000	0.30000000000000004	4.989703139153499
2	1	0	5	10000000	0.5	5.139655998097265
2	1	0	5	10000000	0.7000000000000001	5.294055414934277
2	1	0	5	10000000	0.9	5.4155151695258015
2	1	0	5	10000000	1.1	5.491659360833234
2	1	0	5	10000000	1.3000000000000003	5.532894979090324
2	1	0	5	10000000	1.5000000000000002	5.551932682745874
2	1	0	5	10000000	1.7000000000000002	5.557775221956135
2	1	0	5	10000000	1.9000000000000001	5.555669526394619
2	1	0	5	10000000	2.1	5.548585350826825
2	1	0	5	10000000	2.3000000000000003	5.538271883128663
2	1	0	5	10000000	2.5000000000000004	5.525718042739734
2	1	0	5	10000000	2.7	5.511548537655469
2	1	0	5	10000000	2.9000000000000004	5.496200280987644
2	1	0	5	10000000	3.1	5.479929327607479
2	1	0	5	10000000	3.3000000000000003	5.462928030444342
2	1	0	5	10000000	3.5000000000000004	5.445340893468245
2	1	0	5	10000000	3.7	5.427280001258393
2	1	0	5	10000000	3.9000000000000004	5.408819754067044
2	1	0	5	10000000	4.5	5.351609600658282
2	1	0	5	10000000	5	5.302360528674789
2	1	0	5	10000000	5.5	5.251981102517491
2	1	0	5	10000000	6	5.2005764590422885
2	1	0	5	10000000	6.5	5.148238591398628
2	1	0	5	10000000	7	5.09487380438247
2	1	0	5	10000000	7.5	5.0404822074129925
2	1	0	5	10000000	8	4.985033042971963
2	1	0	5	10000000	8.5	4.928524167479458
2	1	0	5	10000000	9	4.870984866878083
2	1	0	5	10000000	9.5	4.812479867560111
2	1	0	5	10000000	10	4.753117017325052
2	1	0	5	10000000	10.5	4.693042604737813
2	1	0	5	10000000	11	4.6324386839813165
2	1	0	5	10000000	11.5	4.5715145808594295
2	1	0	5	10000000	12	4.510515823645976
2	1	0	10	-10000000	0.1	6.112986705532868
2	1	0	10	-10000000	0.30000000000000004	6.173542594879282
2	1	0	10	-10000000	0.5	6.281333159079571
2	1	0	10	-10000000	0.7000000000000001	6.468846152589846
2	1	0	10	-10000000	0.9	6.762514536760486
2	1	0	10	-10000000	1.1	7.10916937511296
2	1	0	10	-10000000	1.3000000000000003	7.37860586647641
2	1	0	10	-10000000	1.5000000000000002	7.5308528625898585
2	1	0	10	-10000000	1.7000000000000002	7.609613627225238
2	1	0	10	-10000000	1.9000000000000001	7.652830865979253
2	1	0	10	-10000000	2.1	7.679371845981422
2	1	0	10	-10000000	2.3000000000000003	7.697215207381573
2	1	0	10	-10000000	2.5000000000000004	7.70974382877561
2	1	0	10	-10000000	2.7	7.718629406578452
2	1	0	10	-10000000	2.9000000000000004	7.724767351043293
2	1	0	10	-10000000	3.1	7.728137500368128
2	1	0	10	-10000000	3.3000000000000003	7.730076319868792
2	1	0	10	-10000000	3.5000000000000004	7.7295392640247425
2	1	0	10	-10000000	3.7	7.7269896088809045
2	1	0	10	-10000000	3.9000000000000004	7.722476171741206
2	1	0	10	-10000000	4.5	7.697459983197459
2	1	0	10	-10000000	5	7.663965901352908
2	1	0	10	-10000000	5.5	7.619633122417665
2	1	0	10	-10000000	6	7.565201866612996
2	1	0	10	-10000000	6.5	7.50139984441234
2	1	0	10	-10000000	7	7.429352533698529
2	1	0	10	-10000000	7.5	7.349543203819931
2	1	0	10	-10000000	8	7.262424154849614
2	1	0	10	-10000000	8.5	7.1691361331301104
2	1	0	10	-10000000	9	7.070175500231478
2	1	0	10	-10000000	9.5	6.9662331254256795
2	1	0	10	-10000000	10	6.858049900860685
2	1	0	10	-10000000	10.5	6.746412183673195
2	1	0	10	-10000000	11	6.632157545633669
2	1	0	10	-10000000	11.5	6.516094942498098
2	1	0	10	-10000000	12	6.399062967518684
2	1	0	10	-5000000	0.1	7.195191062691897
2	1	0	10	-5000000	0.30000000000000004	7.312754396901916
2	1	0	10	-5000000	0.5	7.4154994701702375
2	1	0	10	-5000000	0.7000000000000001	7.494250280213821
2	1	0	10	-5000000	0.9	7.548609544557794
2	1	0	10	-5000000	1.1	7.583773238050868
2	1	0	10	-5000000	1.3000000000000003	7.606240598619714
2	1	0	10	-5000000	1.5000000000000002	7.621074549253371
2	1	0	10	-5000000	1.7000000000000002	7.631451802118447
2	1	0	10	-5000000	1.9000000000000001	7.639233173058618
2	1	0	10	-5000000	2.1	7.645395600210042
2	1	0	10	-5000000	2.3000000000000003	7.650465654220851
2	1	0	10	-5000000	2.5000000000000004	7.6547058433011035
2	1	0	10	-5000000	2.7	7.65823386770566
2	1	0	10	-5000000	2.9000000000000004	7.661071455797516
2	1	0	10	-5000000	3.1	7.663844341967558
2	1	0	10	-5000000	3.3000000000000003	7.665018603654175
2	1	0	10	-5000000	3.5000000000000004	7.665998544552264
2	1	0	10	-5000000	3.7	7.666125892325464
2	1	0	10	-5000000	3.9000000000000004	7.665579797473175
2	1	0	10	-5000000	4.5	7.659225831300353
2	1	0	10	-5000000	5	7.647492800891008
2	1	0	10	-5000000	5.5	7.629332565062918
2	1	0	10	-5000000	6	7.6042329276821325
2	1	0	10	-5000000	6.5	7.571981880102664
2	1	0	10	-5000000	7	7.532487239985862
2	1	0	10	-5000000	7.5	7.48590121007643
2	1	0	10	-5000000	8	7.432515454775609
2	1	0	10	-5000000	8.5	7.372708559035412
2	1	0	10	-5000000	9	7.3069250174247
2	1	0	10	-5000000	9.5	7.235574460263566
2	1	0	10	-5000000	10	7.159100464475302
2	1	0	10	-5000000	10.5	7.077705503505871
2	1	0	10	-5000000	11	6.9919912665719
2	1	0	10	-5000000	11.5	6.902263798179666
2	1	0	10	-5000000	12	6.808887996283091
2	1	0	10	0	0.1	7.484938710975131
2	1	0	10	0	0.30000000000000004	7.510170449864466
2	1	0	10	0	0.5	7.529224396136938
2	1	0	10	0	0.7000000000000001	7.542438438673738
2	1	0	10	0	0.9	7.5506286098928594
2	1	0	10	0	1.1	7.554769525716577
2	1	0	10	0	1.3000000000000003	7.555857028976468
2	1	0	10	0	1.5000000000000002	7.554726177658382
2	1	0	10	0	1.7000000000000002	7.551974926786713
2	1	0	10	0	1.9000000000000001	7.548064919287568
2	1	0	10	0	2.1	7.543223697066016
2	1	0	10	0	2.3000000000000003	7.537734512167011
2	1	0	10	0	2.5000000000000004	7.53163669166449
2	1	0	10	0	2.7	7.525037426547485
2	1	0	10	0	2.9000000000000004	7.517996974114012
2	1	0	10	0	3.1	7.5105556288306135
2	1	0	10	0	3.3000000000000003	7.5027484359828405
2	1	0	10	0	3.5000000000000004	7.494613940386673
2	1	0	10	0	3.7	7.486161504555994
2	1	0	10	0	3.9000000000000004	7.477429484569861
2	1	0	10	0	4.5	7.449742294919626
2	1	0	10	0	5	7.425237403006864
2	1	0	10	0	5.5	7.399675073618123
2	1	0	10	0	6	7.373619421841712
2	1	0	10	0	6.5	7.34639845564732
2	1	0	10	0	7	7.318987224408093
2	1	0	10	0	7.5	7.291203805342087
2	1	0	10	0	8	7.262872059704097
2	1	0	10	0	8.5	7.23495798143789
2	1	0	10	0	9	7.206655644149973
2	1	0	10	0	9.5	7.178317190309081
2	1	0	10	0	10	7.1497477276136205
2	1	0	10	0	10.5	7.121695082011514
2	1	0	10	0	11	7.0934815486135046
2	1	0	10	0	11.5	7.065351873763564
2	1	0	10	0	12	7.037391706980668
2	1	0	10	5000000	0.1	7.189275040596088
2	1	0	10	5000000	0.30000000000000004	7.280113262683773
2	1	0	10	5000000	0.5	7.346963208004034
2	1	0	10	5000000	0.7000000000000001	7.3921752373752385
2	1	0	10	5000000	0.9	7.419834284269029
2	1	0	10	5000000	1.1	7.434174071232344
2	1	0	10	5000000	1.3000000000000003	7.438798160548647
2	1	0	10	5000000	1.5000000000000002	7.436416277229354
2	1	0	10	5000000	1.7000000000000002	7.429165763749184
2	1	0	10	5000000	1.9000000000000001	7.4180696985217125
2	1	0	10	5000000	2.1	7.404483932772524
2	1	0	10	5000000	2.3000000000000003	7.3886203134722805
2	1	0	10	5000000	2.5000000000000004	7.370935023314988
2	1	0	10	5000000	2.7	7.35212429570094
2	1	0	10	5000000	2.9000000000000004	7.3315673679387405
2	1	0	10	5000000	3.1	7.310067051279468
2	1	0	10	5000000	3.3000000000000003	7.287556999987536
2	1	0	10	5000000	3.5000000000000004	7.264064926292584
2	1	0	10	5000000	3.7	7.239735703140624
2	1	0	10	5000000	3.9000000000000004	7.214608827670927
2	1	0	10	5000000	4.5	7.13497676849147
2	1	0	10	5000000	5	7.064537252587845
2	1	0	10	5000000	5.5	6.991217031037338
2	1	0	10	5000000	6	6.91542689228033
2	1	0	10	5000000	6.5	6.8377249136372935
2	1	0	10	5000000	7	6.7586516221100865
2	1	0	10	5000000	7.5	6.678366455471679
2	1	0	10	5000000	8	6.597093506795477
2	1	0	10	5000000	8.5	6.514802468855071
2	1	0	10	5000000	9	6.431614092927765
2	1	0	10	5000000	9.5	6.347552263357111
2	1	0	10	5000000	10	6.262630499278989
2	1	0	10	5000000	10.5	6.176866361342891
2	1	0	10	5000000	11	6.090290015487492
2	1	0	10	5000000	11.5	6.002954197737217
2	1	0	10	5000000	12	5.914935249382725
2	1	0	10	10000000	0.1	6.164106617892633
2	1	0	10	10000000	0.30000000000000004	6.354488581807247
2	1	0	10	10000000	0.5	6.601488282361874
2	1	0	10	10000000	0.7000000000000001	6.853681848547936
2	1	0	10	10000000	0.9	7.049692324435776
2	1	0	10	10000000	1.1	7.171707935870745
2	1	0	10	10000000	1.3000000000000003	7.236562403960824
2	1	0	10	10000000	1.5000000000000002	7.265405334813887
2	1	0	10	10000000	1.7000000000000002	7.2728123926339885
2	1	0	10	10000000	1.9000000000000001	7.2673238333514805
2	1	0	10	10000000	2.1	7.253778452901669
2	1	0	10	10000000	2.3000000000000003	7.234959020220559
2	1	0	10	10000000	2.5000000000000004	7.212444735616013
2	1	0	10	10000000	2.7	7.187462925551985
2	1	0	10	10000000	2.9000000000000004	7.160584327078154
2	1	0	10	10000000	3.1	7.132207776577064
2	1	0	10	10000000	3.3000000000000003	7.102653500088776
2	1	0	10	10000000	3.5000000000000004	7.072182954262713
2	1	0	10	10000000	3.7	7.040988435719392
2	1	0	10	10000000	3.9000000000000004	7.009209950774375
2	1	0	10	10000000	4.5	6.911273442200852
2	1	0	10	10000000	5	6.827519220117074
2	1	0	10	10000000	5.5	6.7423108955937625
2	1	0	10	10000000	6	6.655864212209864
2	1	0	10	10000000	6.5	6.568249654707911
2	1	0	10	10000000	7	6.479419117154198
2	1	0	10	10000000	7.5	6.3893424341445995
2	1	0	10	10000000	8	6.297997314086111
2	1	0	10	10000000	8.5	6.205391272438408
2	1	0	10	10000000	9	6.111585156543532
2	1	0	10	10000000	9.5	6.016700919330861
2	1	0	10	10000000	10	5.920930141783313
2	1	0	10	10000000	10.5	5.824525260642453
2	1	0	10	10000000	11	5.727791231135321
2	1	0	10	10000000	11.5	5.631070471802724
2	1	0	10	10000000	12	5.534725214068347
2	1	0	20	-10000000	0.1	7.89584893647333
2	1	0	20	-10000000	0.30000000000000004	8.008104730259124
2	1	0	20	-10000000	0.5	8.205779385567041
2	1	0	20	-10000000	0.7000000000000001	8.54557787378257
2	1	0	20	-10000000	0.9	9.066097125554572
2	1	0	20	-10000000	1.1	9.657769268637004
2	1	0	20	-10000000	1.3000000000000003	10.100280858862305
2	1	0	20	-10000000	1.5000000000000002	10.346422254768616
2	1	0	20	-10000000	1.7000000000000002	10.474727796260725
2	1	0	20	-10000000	1.9000000000000001	10.546676438347786
2	1	0	20	-10000000	2.1	10.59153874355989
2	1	0	20	-10000000	2.3000000000000003	10.622025746532488
2	1	0	20	-10000000	2.5000000000000004	10.643752855658253
2	1	0	20	-10000000	2.7	10.65931142866042
2	1	0	20	-10000000	2.9000000000000004	10.669984058434697
2	1	0	20	-10000000	3.1	10.6762881748561
2	1	0	20	-10000000	3.3000000000000003	10.678730560438437
2	1	0	20	-10000000	3.5000000000000004	10.677403477258729
2	1	0	20	-10000000	3.7	10.672414745624451
2	1	0	20	-10000000	3.9000000000000004	10.663832441363844
2	1	0	20	-10000000	4.5	10.617041834563947
2	1	0	20	-10000000	5	10.554892049353482
2	1	0	20	-10000000	5.5	10.473026631588704
2	1	0	20	-10000000	6	10.372983977941363
2	1	0	20	-10000000	6.5	10.256421780137593
2	1	0	20	-10000000	7	10.124958034598077
2	1	0	20	-10000000	7.5	9.980132430722675
2	1	0	20	-10000000	8	9.823437226832644
2	1	0	20	-10000000	8.5	9.656220478328043
2	1	0	20	-10000000	9	9.479859694299794
2	1	0	20	-10000000	9.5	9.295728418971356
2	1	0	20	-10000000	10	9.105336139747392
2	1	0	20	-10000000	10.5	8.910133495788973
2	1	0	20	-10000000	11	8.711680969422554
2	1	0	20	-10000000	11.5	8.51153262743621
2	1	0	20	-10000000	12	8.311195895892364
2	1	0	20	-5000000	0.1	9.753571423778219
2	1	0	20	-5000000	0.30000000000000004	9.956832070252208
2	1	0	20	-5000000	0.5	10.133121219121847
2	1	0	20	-5000000	0.7000000000000001	10.267502765534037
2	1	0	20	-5000000	0.9	10.359693813148116
2	1	0	20	-5000000	1.1	10.41915860576203
2	1	0	20	-5000000	1.3000000000000003	10.457065110384626
2	1	0	20	-5000000	1.5000000000000002	10.481964206774864
2	1	0	20	-5000000	1.7000000000000002	10.499347445566105
2	1	0	20	-5000000	1.9000000000000001	10.512351980034246
2	1	0	20	-5000000	2.1	10.522677988455374
2	1	0	20	-5000000	2.3000000000000003	10.531202936744933
2	1	0	20	-5000000	2.5000000000000004	10.538365372382037
2	1	0	20	-5000000	2.7	10.544361208125192
2	1	0	20	-5000000	2.9000000000000004	10.549263450032118
2	1	0	20	-5000000	3.1	10.55307837296804
2	1	0	20	-5000000	3.3000000000000003	10.555767107665647
2	1	0	20	-5000000	3.5000000000000004	10.557277922811565
2	1	0	20	-5000000	3.7	10.557538032017225
2	1	0	20	-5000000	3.9000000000000004	10.556469779339645
2	1	0	20	-5000000	4.5	10.544422372161103
2	1	0	20	-5000000	5	10.522935899964358
2	1	0	20	-5000000	5.5	10.489723143570593
2	1	0	20	-5000000	6	10.443890156844029
2	1	0	20	-5000000	6.5	10.384967378791625
2	1	0	20	-5000000	7	10.312988906900848
2	1	0	20	-5000000	7.5	10.2283415350427
2	1	0	20	-5000000	8	10.131690518976923
2	1	0	20	-5000000	8.5	10.023847038741325
2	1	0	20	-5000000	9	9.905673910646396
2	1	0	20	-5000000	9.5	9.77803744374311
2	1	0	20	-5000000	10	9.64177843089366
2	1	0	20	-5000000	10.5	9.497682468613121
2	1	0	20	-5000000	11	9.346570285943582
2	1	0	20	-5000000	11.5	9.189185216372811
2	1	0	20	-5000000	12	9.026356198652174
2	1	0	20	0	0.1	10.246101100439027
2	1	0	20	0	0.30000000000000004	10.289415811122161
2	1	0	20	0	0.5	10.321607137220841
2	1	0	20	0	0.7000000000000001	10.343342541940022
2	1	0	20	0	0.9	10.35605549106013
2	1	0	20	0	1.1	10.361613826162367
2	1	0	20	0	1.3000000000000003	10.3618198167993
2	1	0	20	0	1.5000000000000002	10.358170754006073
2	1	0	20	0	1.7000000000000002	10.35178368394865
2	1	0	20	0	1.9000000000000001	10.343420192741764
2	1	0	20	0	2.1	10.333581491621954
2	1	0	20	0	2.3000000000000003	10.322585561021954
2	1	0	20	0	2.5000000000000004	10.310638697110372
2	1	0	20	0	2.7	10.297875539691402
2	1	0	20	0	2.9000000000000004	10.284390118621241
2	1	0	20	0	3.1	10.270251654126147
2	1	0	20	0	3.3000000000000003	10.255516552039927
2	1	0	20	0	3.5000000000000004	10.24023425270003
2	1	0	20	0	3.7	10.224448935314754
2	1	0	20	0	3.9000000000000004	10.208200392391115
2	1	0	20	0	4.5	10.157047728297588
2	1	0	20	0	5	10.112156257932766
2	1	0	20	0	5.5	10.065685950297862
2	1	0	20	0	6	10.01801449423507
2	1	0	20	0	6.5	9.969455790850226
2	1	0	20	0	7	9.920267484906482
2	1	0	20	0	7.5	9.870663745598502
2	1	0	20	0	8	9.820817923280764
2	1	0	20	0	8.5	9.770858756717155
2	1	0	20	0	9	9.720915123495653
2	1	0	20	0	9.5	9.671088518783526
2	1	0	20	0	10	9.621442468324677
2	1	0	20	0	10.5	9.572042586504375
2	1	0	20	0	11	9.52291919232611
2	1	0	20	0	11.5	9.474133319050742
2	1	0	20	0	12	9.425711662767064
2	1	0	20	5000000	0.1	9.741130557353253
2	1	0	20	5000000	0.30000000000000004	9.89462474423989
2	1	0	20	5000000	0.5	10.006448503553804
2	1	0	20	5000000	0.7000000000000001	10.080988102091965
2	1	0	20	5000000	0.9	10.125206070555178
2	1	0	20	5000000	1.1	10.14663614601584
2	1	0	20	5000000	1.3000000000000003	10.15147501555042
2	1	0	20	5000000	1.5000000000000002	10.144376412275607
2	1	0	20	5000000	1.7000000000000002	10.128789959075794
2	1	0	20	5000000	1.9000000000000001	10.107009357267675
2	1	0	20	5000000	2.1	10.080541884387992
2	1	0	20	5000000	2.3000000000000003	10.050459175515398
2	1	0	20	5000000	2.5000000000000004	10.017441629617805
2	1	0	20	5000000	2.7	9.981895051708461
2	1	0	20	5000000	2.9000000000000004	9.944247574679887
2	1	0	20	5000000	3.1	9.904686019936847
2	1	0	20	5000000	3.3000000000000003	9.863411594068447
2	1	0	20	5000000	3.5000000000000004	9.82057789365935
2	1	0	20	5000000	3.7	9.77631774126417
2	1	0	20	5000000	3.9000000000000004	9.73074919579141
2	1	0	20	5000000	4.5	9.587234398706311
2	1	0	20	5000000	5	9.461249893124108
2	1	0	20	5000000	5.5	9.330828203154894
2	1	0	20	5000000	6	9.197074470601795
2	1	0	20	5000000	6.5	9.060900313031802
2	1	0	20	5000000	7	8.92294897855212
2	1	0	20	5000000	7.5	8.78377693356926
2	1	0	20	5000000	8	8.64363900688763
2	1	0	20	5000000	8.5	8.502668325062844
2	1	0	20	5000000	9	8.361023502512829
2	1	0	20	5000000	9.5	8.218769974882544
2	1	0	20	5000000	10	8.075916005049256
2	1	0	20	5000000	10.5	7.93251391353567
2	1	0	20	5000000	11	7.788636477202246
2	1	0	20	5000000	11.5	7.644387773488356
2	1	0	20	5000000	12	7.499909269608239
2	1	0	20	10000000	0.1	7.983385486231985
2	1	0	20	10000000	0.30000000000000004	8.316773289921734
2	1	0	20	10000000	0.5	8.744459228264162
2	1	0	20	10000000	0.7000000000000001	9.173078474587646
2	1	0	20	10000000	0.9	9.499192260181339
2	1	0	20	10000000	1.1	9.698011289031069
2	1	0	20	10000000	1.3000000000000003	9.800852495059615
2	1	0	20	10000000	1.5000000000000002	9.8438104582964
2	1	0	20	10000000	1.7000000000000002	9.851207807372997
2	1	0	20	10000000	1.9000000000000001	9.837212711246329
2	1	0	20	10000000	2.1	9.8098528640491
2	1	0	20	10000000	2.3000000000000003	9.773756322598643
2	1	0	20	10000000	2.5000000000000004	9.73169411634112
2	1	0	20	10000000	2.7	9.685395082916397
2	1	0	20	10000000	2.9000000000000004	9.635989066872662
2	1	0	20	10000000	3.1	9.584247282651539
2	1	0	20	10000000	3.3000000000000003	9.530716343084363
2	1	0	20	10000000	3.5000000000000004	9.475797099381323
2	1	0	20	10000000	3.7	9.419792905671864
2	1	0	20	10000000	3.9000000000000004	9.362934619658878
2	1	0	20	10000000	4.5	9.188824796188829
2	1	0	20	10000000	5	9.04117028136881
2	1	0	20	10000000	5.5	8.892084265250556
2	1	0	20	10000000	6	8.741904476350546
2	1	0	20	10000000	6.5	8.59071589577876
2	1	0	20	10000000	7	8.438488594041807
2	1	0	20	10000000	7.5	8.285165900935908
2	1	0	20	10000000	8	8.130721317135956
2	1	0	20	10000000	8.5	7.975196802223449
2	1	0	20	10000000	9	7.818719829929862
2	1	0	20	10000000	9.5	7.661529669133844
2	1	0	20	10000000	10	7.5039664555033125
2	1	0	20	10000000	10.5	7.346467023161349
2	1	0	20	10000000	11	7.189547808617566
2	1	0	20	10000000	11.5	7.033777236472389
2	1	0	20	10000000	12	6.879742308251524
2	1	0	30	-10000000	0.1	9.074329384938604
2	1	0	30	-10000000	0.30000000000000004	9.237289106267838
2	1	0	30	-10000000	0.5	9.521603271821784
2	1	0	30	-10000000	0.7000000000000001	10.004954411779721
2	1	0	30	-10000000	0.9	10.727698091235688
2	1	0	30	-10000000	1.1	11.51675211302897
2	1	0	30	-10000000	1.3000000000000003	12.08569809911998
2	1	0	30	-10000000	1.5000000000000002	12.398296341243713
2	1	0	30	-10000000	1.7000000000000002	12.562451787859274
2	1	0	30	-10000000	1.9000000000000001	12.655914893821672
2	1	0	30	-10000000	2.1	12.715115718271168
2	1	0	30	-10000000	2.3000000000000003	12.755864317385171
2	1	0	30	-10000000	2.5000000000000004	12.785171521072977
2	1	0	30	-10000000	2.7	12.806287899088591
2	1	0	30	-10000000	2.9000000000000004	12.820769815584564
2	1	0	30	-10000000	3.1	12.829407035453096
2	1	0	30	-10000000	3.3000000000000003	12.832594595294363
2	1	0	30	-10000000	3.5000000000000004	12.830537971582405
2	1	0	30	-10000000	3.7	12.82335402344519
2	1	0	30	-10000000	3.9000000000000004	12.811118234141516
2	1	0	30	-10000000	4.5	12.744772084651292
2	1	0	30	-10000000	5	12.6568155148105
2	1	0	30	-10000000	5.5	12.541180748382095
2	1	0	30	-10000000	6	12.4002149692764
2	1	0	30	-10000000	6.5	12.236457163106975
2	1	0	30	-10000000	7	12.052365037672125
2	1	0	30	-10000000	7.5	11.850258900397652
2	1	0	30	-10000000	8	11.632310933347574
2	1	0	30	-10000000	8.5	11.400593313401444
2	1	0	30	-10000000	9	11.157145800762628
2	1	0	30	-10000000	9.5	10.90403148466641
2	1	0	30	-10000000	10	10.643365241137753
2	1	0	30	-10000000	10.5	10.3773179755742
2	1	0	30	-10000000	11	10.108091000942894
2	1	0	30	-10000000	11.5	9.837867158757398
2	1	0	30	-10000000	12	9.56874258388459
2	1	0	30	-5000000	0.1	11.584084833861164
2	1	0	30	-5000000	0.30000000000000004	11.858699083862424
2	1	0	30	-5000000	0.5	12.095004147289865
2	1	0	30	-5000000	0.7000000000000001	12.273988399200437
2	1	0	30	-5000000	0.9	12.39619464721368
2	1	0	30	-5000000	1.1	12.474705192008969
2	1	0	30	-5000000	1.3000000000000003	12.524535768131404
2	1	0	30	-5000000	1.5000000000000002	12.557180166084718
2	1	0	30	-5000000	1.7000000000000002	12.579927245796572
2	1	0	30	-5000000	1.9000000000000001	12.596949509571033
2	1	0	30	-5000000	2.1	12.61049592669688
2	1	0	30	-5000000	2.3000000000000003	12.621724738337747
2	1	0	30	-5000000	2.5000000000000004	12.631201906434777
2	1	0	30	-5000000	2.7	12.639177169845755
2	1	0	30	-5000000	2.9000000000000004	12.645731425840491
2	1	0	30	-5000000	3.1	12.650855518446656
2	1	0	30	-5000000	3.3000000000000003	12.65484532638596
2	1	0	30	-5000000	3.5000000000000004	12.656546294426443
2	1	0	30	-5000000	3.7	12.656687843169433
2	1	0	30	-5000000	3.9000000000000004	12.655447617507866
2	1	0	30	-5000000	4.5	12.638713931324087
2	1	0	30	-5000000	5	12.60904838285142
2	1	0	30	-5000000	5.5	12.563102507542636
2	1	0	30	-5000000	6	12.498935086131496
2	1	0	30	-5000000	6.5	12.416579835887998
2	1	0	30	-5000000	7	12.315962051508416
2	1	0	30	-5000000	7.5	12.197747059323309
2	1	0	30	-5000000	8	12.062999420267456
2	1	0	30	-5000000	8.5	11.912981777050963
2	1	0	30	-5000000	9	11.749021718701146
2	1	0	30	-5000000	9.5	11.572430559501813
2	1	0	30	-5000000	10	11.384469718707612
2	1	0	30	-5000000	10.5	11.186349109851015
2	1	0	30	-5000000	11	10.979241902136657
2	1	0	30	-5000000	11.5	10.76430519144229
2	1	0	30	-5000000	12	10.542699417922266
2	1	0	30	0	0.1	12.238607444565947
2	1	0	30	0	0.30000000000000004	12.296767282219621
2	1	0	30	0	0.5	12.339398067316434
2	1	0	30	0	0.7000000000000001	12.367414862280585
2	1	0	30	0	0.9	12.382963445099907
2	1	0	30	0	1.1	12.388704972600904
2	1	0	30	0	1.3000000000000003	12.387099524152688
2	1	0	30	0	1.5000000000000002	12.38030967876606
2	1	0	30	0	1.7000000000000002	12.369886300858921
2	1	0	30	0	1.9000000000000001	12.356823890601065
2	1	0	30	0	2.1	12.341876611301142
2	1	0	30	0	2.3000000000000003	12.325440638933093
2	1	0	30	0	2.5000000000000004	12.307799068113782
2	1	0	30	0	2.7	12.289103911303993
2	1	0	30	0	2.9000000000000004	12.269481449948067
2	1	0	30	0	3.1	12.249027549977367
2	1	0	30	0	3.3000000000000003	12.22779250372808
2	1	0	30	0	3.5000000000000004	12.2059001646065
2	1	0	30	0	3.7	12.183350279905241
2	1	0	30	0	3.9000000000000004	12.160211414945374
2	1	0	30	0	4.5	12.087779214010315
2	1	0	30	0	5	12.024501840276294
2	1	0	30	0	5.5	11.959438991390886
2	1	0	30	0	6	11.89288551965722
2	1	0	30	0	6.5	11.825383955643753
2	1	0	30	0	7	11.757353882009134
2	1	0	30	0	7.5	11.688746192605612
2	1	0	30	0	8	11.620116939367717
2	1	0	30	0	8.5	11.551538424021988
2	1	0	30	0	9	11.483148905702649
2	1	0	30	0	9.5	11.415049607633835
2	1	0	30	0	10	11.34745114334965
2	1	0	30	0	10.5	11.280287294432128
2	1	0	30	0	11	11.213671476275287
2	1	0	30	0	11.5	11.147641201764898
2	1	0	30	0	12	11.082244423620075
2	1	0	30	5000000	0.1	11.564846917298695
2	1	0	30	5000000	0.30000000000000004	11.768245303758485
2	1	0	30	5000000	0.5	11.914952602321792
2	1	0	30	5000000	0.7000000000000001	12.011290254720093
2	1	0	30	5000000	0.9	12.06706899540411
2	1	0	30	5000000	1.1	12.092237431308803
2	1	0	30	5000000	1.3000000000000003	12.095172457014037
2	1	0	30	5000000	1.5000000000000002	12.082250877539188
2	1	0	30	5000000	1.7000000000000002	12.058002717218827
2	1	0	30	5000000	1.9000000000000001	12.025508106487305
2	1	0	30	5000000	2.1	11.986852024866606
2	1	0	30	5000000	2.3000000000000003	11.943394903059435
2	1	0	30	5000000	2.5000000000000004	11.8960535144118
2	1	0	30	5000000	2.7	11.845453390668062
2	1	0	30	5000000	2.9000000000000004	11.792036329476863
2	1	0	30	5000000	3.1	11.736128859976068
2	1	0	30	5000000	3.3000000000000003	11.677986166649259
2	1	0	30	5000000	3.5000000000000004	11.617817892229999
2	1	0	30	5000000	3.7	11.555804749529829
2	1	0	30	5000000	3.9000000000000004	11.49210904441216
2	1	0	30	5000000	4.5	11.292372495124775
2	1	0	30	5000000	5	11.11797362108268
2	1	0	30	5000000	5.5	10.938291511691798
2	1	0	30	5000000	6	10.754867433974024
2	1	0	30	5000000	6.5	10.568939110977622
2	1	0	30	5000000	7	10.381434235995217
2	1	0	30	5000000	7.5	10.193000802992522
2	1	0	30	5000000	8	10.004049404543506
2	1	0	30	5000000	8.5	9.814830759015981
2	1	0	30	5000000	9	9.62547842674843
2	1	0	30	5000000	9.5	9.43606852575342
2	1	0	30	5000000	10	9.246655527019698
2	1	0	30	5000000	10.5	9.057303820308755
2	1	0	30	5000000	11	8.868109471170879
2	1	0	30	5000000	11.5	8.679213950793075
2	1	0	30	5000000	12	8.490813015584767
2	1	0	30	10000000	0.1	9.193071675794329
2	1	0	30	10000000	0.30000000000000004	9.653807972590155
2	1	0	30	10000000	0.5	10.23758423227404
2	1	0	30	10000000	0.7000000000000001	10.811260494858535
2	1	0	30	10000000	0.9	11.238419012848254
2	1	0	30	10000000	1.1	11.493560629996631
2	1	0	30	10000000	1.3000000000000003	11.622086439231849
2	1	0	30	10000000	1.5000000000000002	11.67239927734832
2	1	0	30	10000000	1.7000000000000002	11.676422206355221
2	1	0	30	10000000	1.9000000000000001	11.65262060045467
2	1	0	30	10000000	2.1	11.611446403928426
2	1	0	30	10000000	2.3000000000000003	11.558938066712894
2	1	0	30	10000000	2.5000000000000004	11.49871687511561
2	1	0	30	10000000	2.7	11.433051740099135
2	1	0	30	10000000	2.9000000000000004	11.363430009832392
2	1	0	30	10000000	3.1	11.290869909064954
2	1	0	30	10000000	3.3000000000000003	11.216096106161771
2	1	0	30	10000000	3.5000000000000004	11.139641241138117
2	1	0	30	10000000	3.7	11.061906499703426
2	1	0	30	10000000	3.9000000000000004	10.983199049492281
2	1	0	30	10000000	4.5	10.743356129635117
2	1	0	30	10000000	5	10.541190207695973
2	1	0	30	10000000	5.5	10.338108128477161
2	1	0	30	10000000	6	10.134543348796198
2	1	0	30	10000000	6.5	9.930587750442863
2	1	0	30	10000000	7	9.726191810384524
2	1	0	30	10000000	7.5	9.521277467734539
2	1	0	30	10000000	8	9.31581306214589
2	1	0	30	10000000	8.5	9.10986113518795
2	1	0	30	10000000	9	8.903607222284528
2	1	0	30	10000000	9.5	8.697373301631062
2	1	0	30	10000000	10	8.491617485032394
2	1	0	30	10000000	10.5	8.286920143423764
2	1	0	30	10000000	11	8.083956864310371
2	1	0	30	10000000	11.5	7.883460575466095
2	1	0	30	10000000	12	7.6861771011828885
2	1	1	0	-10000000	0.1	4.681879248591831
2	1	1	0	-10000000	0.30000000000000004	4.702802716542889
2	1	1	0	-10000000	0.5	4.73608345127075
2	1	1	0	-10000000	0.7000000000000001	4.783456430773554
2	1	1	0	-10000000	0.9	4.83349000647363
2	1	1	0	-10000000	1.1	4.865448296263348
2	1	1	0	-10000000	1.3000000000000003	4.877365144645749
2	1	1	0	-10000000	1.5000000000000002	4.879673413011842
2	1	1	0	-10000000	1.7000000000000002	4.879030547055262
2	1	1	0	-10000000	1.9000000000000001	4.87795356732668
2	1	1	0	-10000000	2.1	4.877221953177695
2	1	1	0	-10000000	2.3000000000000003	4.877009056493623
2	1	1	0	-10000000	2.5000000000000004	4.87728862086181
2	1	1	0	-10000000	2.7	4.877980941197255
2	1	1	0	-10000000	2.9000000000000004	4.878998405679463
2	1	1	0	-10000000	3.1	4.880257770802213
2	1	1	0	-10000000	3.3000000000000003	4.881643219274523
2	1	1	0	-10000000	3.5000000000000004	4.883228996583866
2	1	1	0	-10000000	3.7	4.884829689218368
2	1	1	0	-10000000	3.9000000000000004	4.8864592876719035
2	1	1	0	-10000000	4.5	4.89115890555889
2	1	1	0	-10000000	5	4.89465607018507
2	1	1	0	-10000000	5.5	4.897632528475987
2	1	1	0	-10000000	6	4.899796619137642
2	1	1	0	-10000000	6.5	4.901271256365074
2	1	1	0	-10000000	7	4.901831784445672
2	1	1	0	-10000000	7.5	4.901381958824007
2	1	1	0	-10000000	8	4.899955463701015
2	1	1	0	-10000000	8.5	4.897396838413453
2	1	1	0	-10000000	9	4.893647565176556
2	1	1	0	-10000000	9.5	4.888472210084152
2	1	1	0	-10000000	10	4.882040947735987
2	1	1	0	-10000000	10.5	4.874149141100509
2	1	1	0	-10000000	11	4.864742149924471
2	1	1	0	-10000000	11.5	4.853800564002205
2	1	1	0	-10000000	12	4.841292202147442
2	1	1	0	-5000000	0.1	4.88814702640699
2	1	1	0	-5000000	0.30000000000000004	4.893531174464574
2	1	1	0	-5000000	0.5	4.894550260127323
2	1	1	0	-5000000	0.7000000000000001	4.892217794460168
2	1	1	0	-5000000	0.9	4.887999185278138
2	1	1	0	-5000000	1.1	4.883254220526167
2	1	1	0	-5000000	1.3000000000000003	4.878837460391066
2	1	1	0	-5000000	1.5000000000000002	4.875173064395765
2	1	1	0	-5000000	1.7000000000000002	4.872404705932212
2	1	1	0	-5000000	1.9000000000000001	4.870521656838712
2	1	1	0	-5000000	2.1	4.869442163776983
2	1	1	0	-5000000	2.3000000000000003	4.869057133578
2	1	1	0	-5000000	2.5000000000000004	4.869254090585859
2	1	1	0	-5000000	2.7	4.8699312132887655
2	1	1	0	-5000000	2.9000000000000004	4.8709944376516985
2	1	1	0	-5000000	3.1	4.87236507491367
2	1	1	0	-5000000	3.3000000000000003	4.873951737608909
2	1	1	0	-5000000	3.5000000000000004	4.875765049559196
2	1	1	0	-5000000	3.7	4.87772435733159
2	1	1	0	-5000000	3.9000000000000004	4.879766631682568
2	1	1	0	-5000000	4.5	4.886134630403403
2	1	1	0	-5000000	5	4.89140989413441
2	1	1	0	-5000000	5.5	4.896438074432289
2	1	1	0	-5000000	6	4.901015833754393
2	1	1	0	-5000000	6.5	4.904978615813067
2	1	1	0	-5000000	7	4.908284411634158
2	1	1	0	-5000000	7.5	4.910914650363468
2	1	1	0	-5000000	8	4.912672413930781
2	1	1	0	-5000000	8.5	4.913681388983552
2	1	1	0	-5000000	9	4.913859004702729
2	1	1	0	-5000000	9.5	4.913082815279648
2	1	1	0	-5000000	10	4.911416929864111
2	1	1	0	-5000000	10.5	4.908696622201287
2	1	1	0	-5000000	11	4.905027755181494
2	1	1	0	-5000000	11.5	4.900246784922783
2	1	1	0	-5000000	12	4.894349820117845
2	1	1	0	0	0.1	4.896195796057188
2	1	1	0	0	0.30000000000000004	4.892429839854831
2	1	1	0	0	0.5	4.887799966453299
2	1	1	0	0	0.7000000000000001	4.8827179459897705
2	1	1	0	0	0.9	4.877590105839107
2	1	1	0	0	1.1	4.87277704606506
2	1	1	0	0	1.3000000000000003	4.868518886472692
2	1	1	0	0	1.5000000000000002	4.8649516073135946
2	1	1	0	0	1.7000000000000002	4.862119145379059
2	1	1	0	0	1.9000000000000001	4.859998166984838
2	1	1	0	0	2.1	4.858529781807635
2	1	1	0	0	2.3000000000000003	4.857635182800521
2	1	1	0	0	2.5000000000000004	4.857232582755259
2	1	1	0	0	2.7	4.857242858562077
2	1	1	0	0	2.9000000000000004	4.857590048100385
2	1	1	0	0	3.1	4.858214081371936
2	1	1	0	0	3.3000000000000003	4.859067398584051
2	1	1	0	0	3.5000000000000004	4.860101123497778
2	1	1	0	0	3.7	4.861278904227098
2	1	1	0	0	3.9000000000000004	4.862569515765841
2	1	1	0	0	4.5	4.866891313172127
2	1	1	0	0	5	4.870768360274512
2	1	1	0	0	5.5	4.874720412559936
2	1	1	0	0	6	4.878649690560727
2	1	1	0	0	6.5	4.882492908338725
2	1	1	0	0	7	4.886215008075182
2	1	1	0	0	7.5	4.889792328793346
2	1	1	0	0	8	4.893211716003092
2	1	1	0	0	8.5	4.896475716304864
2	1	1	0	0	9	4.899581041943742
2	1	1	0	0	9.5	4.902535942994627
2	1	1	0	0	10	4.905343518103437
2	1	1	0	0	10.5	4.9080135329385906
2	1	1	0	0	11	4.91052611380927
2	1	1	0	0	11.5	4.91291509243055
2	1	1	0	0	12	4.915162240194192
2	1	1	0	5000000	0.1	4.852423129525626
2	1	1	0	5000000	0.30000000000000004	4.859558384495704
2	1	1	0	5000000	0.5	4.862637531354773
2	1	1	0	5000000	0.7000000000000001	4.862906097373086
2	1	1	0	5000000	0.9	4.861313124459123
2	1	1	0	5000000	1.1	4.8587198416573925
2	1	1	0	5000000	1.3000000000000003	4.85575338206266
2	1	1	0	5000000	1.5000000000000002	4.852818359419689
2	1	1	0	5000000	1.7000000000000002	4.850168258036087
2	1	1	0	5000000	1.9000000000000001	4.847833353632392
2	1	1	0	5000000	2.1	4.845906663827808
2	1	1	0	5000000	2.3000000000000003	4.844344654819503
2	1	1	0	5000000	2.5000000000000004	4.843100823272175
2	1	1	0	5000000	2.7	4.842122432906461
2	1	1	0	5000000	2.9000000000000004	4.841356359192386
2	1	1	0	5000000	3.1	4.840752844538249
2	1	1	0	5000000	3.3000000000000003	4.840267764422052
2	1	1	0	5000000	3.5000000000000004	4.839863568360659
2	1	1	0	5000000	3.7	4.83950735137477
2	1	1	0	5000000	3.9000000000000004	4.8391702764065645
2	1	1	0	5000000	4.5	4.838064957201575
2	1	1	0	5000000	5	4.8368041802705095
2	1	1	0	5000000	5.5	4.835063484181173
2	1	1	0	5000000	6	4.8327470450932575
2	1	1	0	5000000	6.5	4.829783312070682
2	1	1	0	5000000	7	4.826121400927249
2	1	1	0	5000000	7.5	4.821715107018548
2	1	1	0	5000000	8	4.81652189215228
2	1	1	0	5000000	8.5	4.81050201595983
2	1	1	0	5000000	9	4.803614383188675
2	1	1	0	5000000	9.5	4.7958175185845295
2	1	1	0	5000000	10	4.787070869999256
2	1	1	0	5000000	10.5	4.7773355724944215
2	1	1	0	5000000	11	4.766573968124229
2	1	1	0	5000000	11.5	4.7547514219155085
2	1	1	0	5000000	12	4.741834540351678
2	1	1	0	10000000	0.1	4.683112242699381
2	1	1	0	10000000	0.30000000000000004	4.726408629424953
2	1	1	0	10000000	0.5	4.770751427360922
2	1	1	0	10000000	0.7000000000000001	4.804784716735169
2	1	1	0	10000000	0.9	4.824645657526464
2	1	1	0	10000000	1.1	4.833886743853322
2	1	1	0	10000000	1.3000000000000003	4.837106987987788
2	1	1	0	10000000	1.5000000000000002	4.8373414853017875
2	1	1	0	10000000	1.7000000000000002	4.836229547731369
2	1	1	0	10000000	1.9000000000000001	4.834589349846803
2	1	1	0	10000000	2.1	4.832812824530711
2	1	1	0	10000000	2.3000000000000003	4.8310765616760145
2	1	1	0	10000000	2.5000000000000004	4.829446244500296
2	1	1	0	10000000	2.7	4.8279358504933265
2	1	1	0	10000000	2.9000000000000004	4.826534029916387
2	1	1	0	10000000	3.1	4.825218770298547
2	1	1	0	10000000	3.3000000000000003	4.823964690314161
2	1	1	0	10000000	3.5000000000000004	4.822746876588345
2	1	1	0	10000000	3.7	4.821542232354607
2	1	1	0	10000000	3.9000000000000004	4.820330055100244
2	1	1	0	10000000	4.5	4.816474724678638
2	1	1	0	10000000	5	4.812804748063675
2	1	1	0	10000000	5.5	4.808556639361066
2	1	1	0	10000000	6	4.8035442177531085
2	1	1	0	10000000	6.5	4.7976907913959685
2	1	1	0	10000000	7	4.790916239603269
2	1	1	0	10000000	7.5	4.783115540607194
2	1	1	0	10000000	8	4.774178651068434
2	1	1	0	10000000	8.5	4.764030566405913
2	1	1	0	10000000	9	4.752628672916443
2	1	1	0	10000000	9.5	4.739907563144578
2	1	1	0	10000000	10	4.725816199761451
2	1	1	0	10000000	10.5	4.710317715619031
2	1	1	0	10000000	11	4.693386084802803
2	1	1	0	10000000	11.5	4.675010154211422
2	1	1	0	10000000	12	4.655190655509818
2	1	1	5	-10000000	0.1	4.5691432839442365
2	1	1	5	-10000000	0.30000000000000004	4.592571469871769
2	1	1	5	-10000000	0.5	4.6303356274003065
2	1	1	5	-10000000	0.7000000000000001	4.68485102165976
2	1	1	5	-10000000	0.9	4.7440528710324665
2	1	1	5	-10000000	1.1	4.7849650601043825
2	1	1	5	-10000000	1.3000000000000003	4.803362450190407
2	1	1	5	-10000000	1.5000000000000002	4.809627800476099
2	1	1	5	-10000000	1.7000000000000002	4.8113659455584905
2	1	1	5	-10000000	1.9000000000000001	4.811761327158267
2	1	1	5	-10000000	2.1	4.811989522462395
2	1	1	5	-10000000	2.3000000000000003	4.812405335893288
2	1	1	5	-10000000	2.5000000000000004	4.813102784808821
2	1	1	5	-10000000	2.7	4.814045710252177
2	1	1	5	-10000000	2.9000000000000004	4.815148733726701
2	1	1	5	-10000000	3.1	4.81639190100898
2	1	1	5	-10000000	3.3000000000000003	4.817732553243168
2	1	1	5	-10000000	3.5000000000000004	4.819078119671917
2	1	1	5	-10000000	3.7	4.820409257557893
2	1	1	5	-10000000	3.9000000000000004	4.821680142937125
2	1	1	5	-10000000	4.5	4.824966800970101
2	1	1	5	-10000000	5	4.826908064152167
2	1	1	5	-10000000	5.5	4.8279880292121975
2	1	1	5	-10000000	6	4.828148294642552
2	1	1	5	-10000000	6.5	4.827343565791754
2	1	1	5	-10000000	7	4.825490691417464
2	1	1	5	-10000000	7.5	4.822511685799519
2	1	1	5	-10000000	8	4.818441904287805
2	1	1	5	-10000000	8.5	4.81291348879188
2	1	1	5	-10000000	9	4.806076388298869
2	1	1	5	-10000000	9.5	4.797804164548752
2	1	1	5	-10000000	10	4.787991541290928
2	1	1	5	-10000000	10.5	4.776581154290194
2	1	1	5	-10000000	11	4.763513760905073
2	1	1	5	-10000000	11.5	4.7488131869247425
2	1	1	5	-10000000	12	4.732331997775435
2	1	1	5	-5000000	0.1	4.7991565889489465
2	1	1	5	-5000000	0.30000000000000004	4.809505640770398
2	1	1	5	-5000000	0.5	4.815213461207216
2	1	1	5	-5000000	0.7000000000000001	4.81679889593311
2	1	1	5	-5000000	0.9	4.815683259159988
2	1	1	5	-5000000	1.1	4.813247177583878
2	1	1	5	-5000000	1.3000000000000003	4.810488986779252
2	1	1	5	-5000000	1.5000000000000002	4.807993481982894
2	1	1	5	-5000000	1.7000000000000002	4.806072368332066
2	1	1	5	-5000000	1.9000000000000001	4.804800369410926
2	1	1	5	-5000000	2.1	4.804152178065268
2	1	1	5	-5000000	2.3000000000000003	4.804048786560294
2	1	1	5	-5000000	2.5000000000000004	4.804427890142629
2	1	1	5	-5000000	2.7	4.805213173694241
2	1	1	5	-5000000	2.9000000000000004	4.806296233691396
2	1	1	5	-5000000	3.1	4.807627780745264
2	1	1	5	-5000000	3.3000000000000003	4.8091393118724435
2	1	1	5	-5000000	3.5000000000000004	4.810794123753862
2	1	1	5	-5000000	3.7	4.812536994571828
2	1	1	5	-5000000	3.9000000000000004	4.814322979814046
2	1	1	5	-5000000	4.5	4.8197132670328875
2	1	1	5	-5000000	5	4.823850123036271
2	1	1	5	-5000000	5.5	4.827479634721894
2	1	1	5	-5000000	6	4.830354779454075
2	1	1	5	-5000000	6.5	4.832628921309916
2	1	1	5	-5000000	7	4.833994654636422
2	1	1	5	-5000000	7.5	4.834501924572907
2	1	1	5	-5000000	8	4.834125657718843
2	1	1	5	-5000000	8.5	4.832830363538579
2	1	1	5	-5000000	9	4.830598815936987
2	1	1	5	-5000000	9.5	4.827371409330564
2	1	1	5	-5000000	10	4.82308255846249
2	1	1	5	-5000000	10.5	4.817763683569776
2	1	1	5	-5000000	11	4.811324779924649
2	1	1	5	-5000000	11.5	4.803712951067454
2	1	1	5	-5000000	12	4.794899241869298
2	1	1	5	0	0.1	4.8184558798695285
2	1	1	5	0	0.30000000000000004	4.816945196388747
2	1	1	5	0	0.5	4.814380352250225
2	1	1	5	0	0.7000000000000001	4.8111101410590145
2	1	1	5	0	0.9	4.807504249299137
2	1	1	5	0	1.1	4.803907970060127
2	1	1	5	0	1.3000000000000003	4.80057569508693
2	1	1	5	0	1.5000000000000002	4.797681673095682
2	1	1	5	0	1.7000000000000002	4.79530531826438
2	1	1	5	0	1.9000000000000001	4.793470047783576
2	1	1	5	0	2.1	4.792167204442143
2	1	1	5	0	2.3000000000000003	4.791337108007805
2	1	1	5	0	2.5000000000000004	4.790908227540015
2	1	1	5	0	2.7	4.790823989877194
2	1	1	5	0	2.9000000000000004	4.7910311457850465
2	1	1	5	0	3.1	4.7914669651591195
2	1	1	5	0	3.3000000000000003	4.792084375381086
2	1	1	5	0	3.5000000000000004	4.79285560481441
2	1	1	5	0	3.7	4.7937427079710435
2	1	1	5	0	3.9000000000000004	4.794714239983247
2	1	1	5	0	4.5	4.7979459770166155
2	1	1	5	0	5	4.800772347172344
2	1	1	5	0	5.5	4.803561948250674
2	1	1	5	0	6	4.806237003129831
2	1	1	5	0	6.5	4.808710857792363
2	1	1	5	0	7	4.811011196032856
2	1	1	5	0	7.5	4.813096411476497
2	1	1	5	0	8	4.814971036547298
2	1	1	5	0	8.5	4.816637008576331
2	1	1	5	0	9	4.818100166158913
2	1	1	5	0	9.5	4.819369176347645
2	1	1	5	0	10	4.820454083836801
2	1	1	5	0	10.5	4.821361116464395
2	1	1	5	0	11	4.822134688574331
2	1	1	5	0	11.5	4.8226894514781025
2	1	1	5	0	12	4.823131516946543
2	1	1	5	5000000	0.1	4.770293129083912
2	1	1	5	5000000	0.30000000000000004	4.780741761409418
2	1	1	5	5000000	0.5	4.786806486980728
2	1	1	5	5000000	0.7000000000000001	4.7894504316295405
2	1	1	5	5000000	0.9	4.789714454913222
2	1	1	5	5000000	1.1	4.788513555202155
2	1	1	5	5000000	1.3000000000000003	4.786540200289973
2	1	1	5	5000000	1.5000000000000002	4.784271068014665
2	1	1	5	5000000	1.7000000000000002	4.782001132321698
2	1	1	5	5000000	1.9000000000000001	4.779890794009238
2	1	1	5	5000000	2.1	4.778009521134759
2	1	1	5	5000000	2.3000000000000003	4.776371436126943
2	1	1	5	5000000	2.5000000000000004	4.7749588656947966
2	1	1	5	5000000	2.7	4.773738957027676
2	1	1	5	5000000	2.9000000000000004	4.772673205348511
2	1	1	5	5000000	3.1	4.771723148824848
2	1	1	5	5000000	3.3000000000000003	4.770852686655257
2	1	1	5	5000000	3.5000000000000004	4.770029321655151
2	1	1	5	5000000	3.7	4.769260812718199
2	1	1	5	5000000	3.9000000000000004	4.768449060303826
2	1	1	5	5000000	4.5	4.765788101947517
2	1	1	5	5000000	5	4.763126010794971
2	1	1	5	5000000	5.5	4.759920745092887
2	1	1	5	5000000	6	4.756093117637325
2	1	1	5	5000000	6.5	4.751561381104586
2	1	1	5	5000000	7	4.746282685242924
2	1	1	5	5000000	7.5	4.740215174214638
2	1	1	5	5000000	8	4.73331840565819
2	1	1	5	5000000	8.5	4.725549240637516
2	1	1	5	5000000	9	4.716864048255306
2	1	1	5	5000000	9.5	4.707219104896064
2	1	1	5	5000000	10	4.696570674298731
2	1	1	5	5000000	10.5	4.684879986185218
2	1	1	5	5000000	11	4.672095847505543
2	1	1	5	5000000	11.5	4.658186198301815
2	1	1	5	5000000	12	4.64311874952532
2	1	1	5	10000000	0.1	4.575748941654785
2	1	1	5	10000000	0.30000000000000004	4.625971327692885
2	1	1	5	10000000	0.5	4.678462005487391
2	1	1	5	10000000	0.7000000000000001	4.720099574565149
2	1	1	5	10000000	0.9	4.745748436095467
2	1	1	5	10000000	1.1	4.758854347906569
2	1	1	5	10000000	1.3000000000000003	4.764496535439797
2	1	1	5	10000000	1.5000000000000002	4.766193277317371
2	1	1	5	10000000	1.7000000000000002	4.765924219243913
2	1	1	5	10000000	1.9000000000000001	4.764724440215878
2	1	1	5	10000000	2.1	4.763105236760101
2	1	1	5	10000000	2.3000000000000003	4.761341778765592
2	1	1	5	10000000	2.5000000000000004	4.759549855422183
2	1	1	5	10000000	2.7	4.757823437911934
2	1	1	5	10000000	2.9000000000000004	4.756077775650447
2	1	1	5	10000000	3.1	4.7543534086773995
2	1	1	5	10000000	3.3000000000000003	4.75265661684736
2	1	1	5	10000000	3.5000000000000004	4.750971958322746
2	1	1	5	10000000	3.7	4.749271568975606
2	1	1	5	10000000	3.9000000000000004	4.747557978677108
2	1	1	5	10000000	4.5	4.742017181166864
2	1	1	5	10000000	5	4.736822486813725
2	1	1	5	10000000	5.5	4.730949030370033
2	1	1	5	10000000	6	4.724265684293594
2	1	1	5	10000000	6.5	4.716651171666586
2	1	1	5	10000000	7	4.707989766847051
2	1	1	5	10000000	7.5	4.6981882639737895
2	1	1	5	10000000	8	4.687144249401302
2	1	1	5	10000000	8.5	4.674783703131084
2	1	1	5	10000000	9	4.661033031970787
2	1	1	5	10000000	9.5	4.645825206293391
2	1	1	5	10000000	10	4.629109203085417
2	1	1	5	10000000	10.5	4.610851168067065
2	1	1	5	10000000	11	4.59102995515612
2	1	1	5	10000000	11.5	4.5696421555148214
2	1	1	5	10000000	12	4.546700387271634
2	1	1	10	-10000000	0.1	4.503530067930185
2	1	1	10	-10000000	0.30000000000000004	4.544452966893837
2	1	1	10	-10000000	0.5	4.609972379718895
2	1	1	10	-10000000	0.7000000000000001	4.702868160154381
2	1	1	10	-10000000	0.9	4.802255228787674
2	1	1	10	-10000000	1.1	4.87377404084074
2	1	1	10	-10000000	1.3000000000000003	4.911604498753821
2	1	1	10	-10000000	1.5000000000000002	4.929879694431687
2	1	1	10	-10000000	1.7000000000000002	4.939553612240326
2	1	1	10	-10000000	1.9000000000000001	4.945714372579181
2	1	1	10	-10000000	2.1	4.9504185291859475
2	1	1	10	-10000000	2.3000000000000003	4.954462274833928
2	1	1	10	-10000000	2.5000000000000004	4.958133262205843
2	1	1	10	-10000000	2.7	4.961499321895411
2	1	1	10	-10000000	2.9000000000000004	4.964566246451938
2	1	1	10	-10000000	3.1	4.9673140563651454
2	1	1	10	-10000000	3.3000000000000003	4.969709984771132
2	1	1	10	-10000000	3.5000000000000004	4.971721469935752
2	1	1	10	-10000000	3.7	4.973332143420918
2	1	1	10	-10000000	3.9000000000000004	4.97454306621704
2	1	1	10	-10000000	4.5	4.975750355166006
2	1	1	10	-10000000	5	4.974232453508768
2	1	1	10	-10000000	5.5	4.970703608931381
2	1	1	10	-10000000	6	4.9654706843467755
2	1	1	10	-10000000	6.5	4.958676774683069
2	1	1	10	-10000000	7	4.950418338993949
2	1	1	10	-10000000	7.5	4.94069833555115
2	1	1	10	-10000000	8	4.92948907344812
2	1	1	10	-10000000	8.5	4.916652213703426
2	1	1	10	-10000000	9	4.902173323298749
2	1	1	10	-10000000	9.5	4.885941765186453
2	1	1	10	-10000000	10	4.867884717571081
2	1	1	10	-10000000	10.5	4.8479491039954805
2	1	1	10	-10000000	11	4.826105700769389
2	1	1	10	-10000000	11.5	4.80244362232906
2	1	1	10	-10000000	12	4.776719396410453
2	1	1	10	-5000000	0.1	4.868477039768626
2	1	1	10	-5000000	0.30000000000000004	4.89281660763589
2	1	1	10	-5000000	0.5	4.910678136777182
2	1	1	10	-5000000	0.7000000000000001	4.922124799077102
2	1	1	10	-5000000	0.9	4.928672406458184
2	1	1	10	-5000000	1.1	4.932196787876709
2	1	1	10	-5000000	1.3000000000000003	4.934211666970188
2	1	1	10	-5000000	1.5000000000000002	4.9356861947536785
2	1	1	10	-5000000	1.7000000000000002	4.937147675421477
2	1	1	10	-5000000	1.9000000000000001	4.938831219921272
2	1	1	10	-5000000	2.1	4.9408126068273095
2	1	1	10	-5000000	2.3000000000000003	4.943080290953273
2	1	1	10	-5000000	2.5000000000000004	4.945581075266068
2	1	1	10	-5000000	2.7	4.948244318435805
2	1	1	10	-5000000	2.9000000000000004	4.950994427943698
2	1	1	10	-5000000	3.1	4.953763048550643
2	1	1	10	-5000000	3.3000000000000003	4.956491421998052
2	1	1	10	-5000000	3.5000000000000004	4.959125472212029
2	1	1	10	-5000000	3.7	4.961619475479931
2	1	1	10	-5000000	3.9000000000000004	4.9639361878468495
2	1	1	10	-5000000	4.5	4.969549506261843
2	1	1	10	-5000000	5	4.9724425097488005
2	1	1	10	-5000000	5.5	4.973621617759914
2	1	1	10	-5000000	6	4.9731254756347925
2	1	1	10	-5000000	6.5	4.971083694149249
2	1	1	10	-5000000	7	4.967616561601767
2	1	1	10	-5000000	7.5	4.962865835703253
2	1	1	10	-5000000	8	4.95694573235657
2	1	1	10	-5000000	8.5	4.949927439915102
2	1	1	10	-5000000	9	4.941852272684928
2	1	1	10	-5000000	9.5	4.932732378704056
2	1	1	10	-5000000	10	4.922550492784112
2	1	1	10	-5000000	10.5	4.911279845247524
2	1	1	10	-5000000	11	4.8988849178720235
2	1	1	10	-5000000	11.5	4.885325280398417
2	1	1	10	-5000000	12	4.870560867475133
2	1	1	10	0	0.1	4.918496879368368
2	1	1	10	0	0.30000000000000004	4.922125371153914
2	1	1	10	0	0.5	4.924259606585608
2	1	1	10	0	0.7000000000000001	4.92518457326785
2	1	1	10	0	0.9	4.925259827336186
2	1	1	10	0	1.1	4.924852463058664
2	1	1	10	0	1.3000000000000003	4.924284124967184
2	1	1	10	0	1.5000000000000002	4.9237901731662665
2	1	1	10	0	1.7000000000000002	4.923508737345863
2	1	1	10	0	1.9000000000000001	4.923508796500603
2	1	1	10	0	2.1	4.923801820994172
2	1	1	10	0	2.3000000000000003	4.924380867788987
2	1	1	10	0	2.5000000000000004	4.925202007700185
2	1	1	10	0	2.7	4.9262163792046
2	1	1	10	0	2.9000000000000004	4.927382701427778
2	1	1	10	0	3.1	4.928661363515152
2	1	1	10	0	3.3000000000000003	4.930008078158386
2	1	1	10	0	3.5000000000000004	4.931387150919871
2	1	1	10	0	3.7	4.932774436597896
2	1	1	10	0	3.9000000000000004	4.934145902066491
2	1	1	10	0	4.5	4.9380008351376325
2	1	1	10	0	5	4.940753011757299
2	1	1	10	0	5.5	4.942991955326309
2	1	1	10	0	6	4.944696854017219
2	1	1	10	0	6.5	4.945880251219864
2	1	1	10	0	7	4.9465642605044104
2	1	1	10	0	7.5	4.946785119946554
2	1	1	10	0	8	4.946593609547363
2	1	1	10	0	8.5	4.946035236887087
2	1	1	10	0	9	4.945145403361504
2	1	1	10	0	9.5	4.943948354156432
2	1	1	10	0	10	4.942478706273484
2	1	1	10	0	10.5	4.940786127447934
2	1	1	10	0	11	4.938923872842519
2	1	1	10	0	11.5	4.936911613122739
2	1	1	10	0	12	4.9347644539283335
2	1	1	10	5000000	0.1	4.848273333724588
2	1	1	10	5000000	0.30000000000000004	4.869835053659102
2	1	1	10	5000000	0.5	4.884953824913275
2	1	1	10	5000000	0.7000000000000001	4.894774362104125
2	1	1	10	5000000	0.9	4.900628401794378
2	1	1	10	5000000	1.1	4.903736725963125
2	1	1	10	5000000	1.3000000000000003	4.905076377456198
2	1	1	10	5000000	1.5000000000000002	4.905357432791883
2	1	1	10	5000000	1.7000000000000002	4.905057304248625
2	1	1	10	5000000	1.9000000000000001	4.904473836600986
2	1	1	10	5000000	2.1	4.903780275397907
2	1	1	10	5000000	2.3000000000000003	4.903067403248333
2	1	1	10	5000000	2.5000000000000004	4.902374830060993
2	1	1	10	5000000	2.7	4.9017121644449
2	1	1	10	5000000	2.9000000000000004	4.901015711184545
2	1	1	10	5000000	3.1	4.900397501766663
2	1	1	10	5000000	3.3000000000000003	4.899771936215725
2	1	1	10	5000000	3.5000000000000004	4.899118780723074
2	1	1	10	5000000	3.7	4.898427522637009
2	1	1	10	5000000	3.9000000000000004	4.89769080449713
2	1	1	10	5000000	4.5	4.8951305479505605
2	1	1	10	5000000	5	4.892514131079926
2	1	1	10	5000000	5.5	4.889436143961456
2	1	1	10	5000000	6	4.885884907305509
2	1	1	10	5000000	6.5	4.8818464211454025
2	1	1	10	5000000	7	4.87730793672563
2	1	1	10	5000000	7.5	4.8722529728446204
2	1	1	10	5000000	8	4.866640145241507
2	1	1	10	5000000	8.5	4.8604188104495485
2	1	1	10	5000000	9	4.853533278723272
2	1	1	10	5000000	9.5	4.845926019647831
2	1	1	10	5000000	10	4.837545545047575
2	1	1	10	5000000	10.5	4.828323441459639
2	1	1	10	5000000	11	4.818185856947388
2	1	1	10	5000000	11.5	4.807060023866499
2	1	1	10	5000000	12	4.794837231449301
2	1	1	10	10000000	0.1	4.544182368981094
2	1	1	10	10000000	0.30000000000000004	4.626541498398901
2	1	1	10	10000000	0.5	4.713076322248397
2	1	1	10	10000000	0.7000000000000001	4.783517562147381
2	1	1	10	10000000	0.9	4.829722683777472
2	1	1	10	10000000	1.1	4.8562781084108995
2	1	1	10	10000000	1.3000000000000003	4.870517939119345
2	1	1	10	10000000	1.5000000000000002	4.8777796612366915
2	1	1	10	10000000	1.7000000000000002	4.88120135880183
2	1	1	10	10000000	1.9000000000000001	4.882510085604847
2	1	1	10	10000000	2.1	4.882647132435657
2	1	1	10	10000000	2.3000000000000003	4.882128391254087
2	1	1	10	10000000	2.5000000000000004	4.881237737144453
2	1	1	10	10000000	2.7	4.880132058346147
2	1	1	10	10000000	2.9000000000000004	4.878896692988648
2	1	1	10	10000000	3.1	4.877576858044157
2	1	1	10	10000000	3.3000000000000003	4.87619514000704
2	1	1	10	10000000	3.5000000000000004	4.87476121317924
2	1	1	10	10000000	3.7	4.873277423314028
2	1	1	10	10000000	3.9000000000000004	4.871741926587685
2	1	1	10	10000000	4.5	4.866798815474344
2	1	1	10	10000000	5	4.862143192622018
2	1	1	10	10000000	5.5	4.856897173782501
2	1	1	10	10000000	6	4.850843738672685
2	1	1	10	10000000	6.5	4.8439729911520875
2	1	1	10	10000000	7	4.83609692153855
2	1	1	10	10000000	7.5	4.827033384806335
2	1	1	10	10000000	8	4.816791973890957
2	1	1	10	10000000	8.5	4.80510344506545
2	1	1	10	10000000	9	4.791904951508511
2	1	1	10	10000000	9.5	4.777085082165155
2	1	1	10	10000000	10	4.7605667711366175
2	1	1	10	10000000	10.5	4.742277153717089
2	1	1	10	10000000	11	4.722176057503879
2	1	1	10	10000000	11.5	4.700225309575865
2	1	1	10	10000000	12	4.676430370314894
2	1	1	20	-10000000	0.1	6.464688661118577
2	1	1	20	-10000000	0.30000000000000004	6.595008466454111
2	1	1	20	-10000000	0.5	6.7942355851051595
2	1	1	20	-10000000	0.7000000000000001	7.054999885525187
2	1	1	20	-10000000	0.9	7.308736036078023
2	1	1	20	-10000000	1.1	7.483896486139627
2	1	1	20	-10000000	1.3000000000000003	7.581790298465318
2	1	1	20	-10000000	1.5000000000000002	7.634771097346865
2	1	1	20	-10000000	1.7000000000000002	7.666049311729871
2	1	1	20	-10000000	1.9000000000000001	7.686565447339697
2	1	1	20	-10000000	2.1	7.701499499695492
2	1	1	20	-10000000	2.3000000000000003	7.712972451351509
2	1	1	20	-10000000	2.5000000000000004	7.722375383660541
2	1	1	20	-10000000	2.7	7.729829335080909
2	1	1	20	-10000000	2.9000000000000004	7.73558185944086
2	1	1	20	-10000000	3.1	7.739730694974157
2	1	1	20	-10000000	3.3000000000000003	7.742464915536796
2	1	1	20	-10000000	3.5000000000000004	7.7438872312165365
2	1	1	20	-10000000	3.7	7.743965541990913
2	1	1	20	-10000000	3.9000000000000004	7.742805831850609
2	1	1	20	-10000000	4.5	7.7325802328680515
2	1	1	20	-10000000	5	7.717210894363994
2	1	1	20	-10000000	5.5	7.696913391656322
2	1	1	20	-10000000	6	7.672535287292322
2	1	1	20	-10000000	6.5	7.644767568114635
2	1	1	20	-10000000	7	7.6139634527627145
2	1	1	20	-10000000	7.5	7.580269636075248
2	1	1	20	-10000000	8	7.54377936864212
2	1	1	20	-10000000	8.5	7.504370347688542
2	1	1	20	-10000000	9	7.461953538422584
2	1	1	20	-10000000	9.5	7.416406138044669
2	1	1	20	-10000000	10	7.367609369296019
2	1	1	20	-10000000	10.5	7.315459549828766
2	1	1	20	-10000000	11	7.259872999012501
2	1	1	20	-10000000	11.5	7.200766288532439
2	1	1	20	-10000000	12	7.138077282996814
2	1	1	20	-5000000	0.1	7.428814865262968
2	1	1	20	-5000000	0.30000000000000004	7.504452721538772
2	1	1	20	-5000000	0.5	7.563943253310447
2	1	1	20	-5000000	0.7000000000000001	7.6068699259241335
2	1	1	20	-5000000	0.9	7.636269197183204
2	1	1	20	-5000000	1.1	7.656287200884643
2	1	1	20	-5000000	1.3000000000000003	7.670450555705347
2	1	1	20	-5000000	1.5000000000000002	7.681213357095362
2	1	1	20	-5000000	1.7000000000000002	7.6900307996872455
2	1	1	20	-5000000	1.9000000000000001	7.697693894867813
2	1	1	20	-5000000	2.1	7.704598396749656
2	1	1	20	-5000000	2.3000000000000003	7.710916836833449
2	1	1	20	-5000000	2.5000000000000004	7.716702651073358
2	1	1	20	-5000000	2.7	7.721954413432527
2	1	1	20	-5000000	2.9000000000000004	7.726546569234424
2	1	1	20	-5000000	3.1	7.730732873995008
2	1	1	20	-5000000	3.3000000000000003	7.7341864376719895
2	1	1	20	-5000000	3.5000000000000004	7.736972286160448
2	1	1	20	-5000000	3.7	7.739058639847154
2	1	1	20	-5000000	3.9000000000000004	7.740427293530501
2	1	1	20	-5000000	4.5	7.7401356711745795
2	1	1	20	-5000000	5	7.734911552452661
2	1	1	20	-5000000	5.5	7.725409649245979
2	1	1	20	-5000000	6	7.7121268774284255
2	1	1	20	-5000000	6.5	7.695557621405037
2	1	1	20	-5000000	7	7.676248836648096
2	1	1	20	-5000000	7.5	7.654679949433068
2	1	1	20	-5000000	8	7.631247560513179
2	1	1	20	-5000000	8.5	7.606257276949557
2	1	1	20	-5000000	9	7.579911105058764
2	1	1	20	-5000000	9.5	7.552305940367461
2	1	1	20	-5000000	10	7.523473688334566
2	1	1	20	-5000000	10.5	7.493361721853696
2	1	1	20	-5000000	11	7.461940165154025
2	1	1	20	-5000000	11.5	7.429069172930738
2	1	1	20	-5000000	12	7.394597157119632
2	1	1	20	0	0.1	7.59083982543127
2	1	1	20	0	0.30000000000000004	7.612126713388122
2	1	1	20	0	0.5	7.629390259080238
2	1	1	20	0	0.7000000000000001	7.643011415319183
2	1	1	20	0	0.9	7.653610684844136
2	1	1	20	0	1.1	7.661891443951266
2	1	1	20	0	1.3000000000000003	7.668501478763156
2	1	1	20	0	1.5000000000000002	7.673955486919153
2	1	1	20	0	1.7000000000000002	7.678621242310305
2	1	1	20	0	1.9000000000000001	7.682735634974075
2	1	1	20	0	2.1	7.686439950600957
2	1	1	20	0	2.3000000000000003	7.689811042293318
2	1	1	20	0	2.5000000000000004	7.692885269088299
2	1	1	20	0	2.7	7.695677564259292
2	1	1	20	0	2.9000000000000004	7.698191687153704
2	1	1	20	0	3.1	7.700427420902185
2	1	1	20	0	3.3000000000000003	7.702383720230351
2	1	1	20	0	3.5000000000000004	7.7040610052350385
2	1	1	20	0	3.7	7.705460393634907
2	1	1	20	0	3.9000000000000004	7.706586720162964
2	1	1	20	0	4.5	7.708400563268701
2	1	1	20	0	5	7.708270294407481
2	1	1	20	0	5.5	7.706851985094823
2	1	1	20	0	6	7.704352486471243
2	1	1	20	0	6.5	7.700978504969246
2	1	1	20	0	7	7.696924802572052
2	1	1	20	0	7.5	7.692377409612992
2	1	1	20	0	8	7.6875101758524576
2	1	1	20	0	8.5	7.682483784452056
2	1	1	20	0	9	7.677455131656323
2	1	1	20	0	9.5	7.672565728280161
2	1	1	20	0	10	7.667965283548093
2	1	1	20	0	10.5	7.663795520652649
2	1	1	20	0	11	7.660212801248639
2	1	1	20	0	11.5	7.657393118590454
2	1	1	20	0	12	7.655575389348577
2	1	1	20	5000000	0.1	7.416055142539926
2	1	1	20	5000000	0.30000000000000004	7.48350694960281
2	1	1	20	5000000	0.5	7.5348815624119725
2	1	1	20	5000000	0.7000000000000001	7.572601422279563
2	1	1	20	5000000	0.9	7.599594353884201
2	1	1	20	5000000	1.1	7.61862659420091
2	1	1	20	5000000	1.3000000000000003	7.631985793059661
2	1	1	20	5000000	1.5000000000000002	7.64140435635703
2	1	1	20	5000000	1.7000000000000002	7.6481173426035545
2	1	1	20	5000000	1.9000000000000001	7.65296990230908
2	1	1	20	5000000	2.1	7.656526051458478
2	1	1	20	5000000	2.3000000000000003	7.659158437416683
2	1	1	20	5000000	2.5000000000000004	7.661113866996441
2	1	1	20	5000000	2.7	7.662558166250099
2	1	1	20	5000000	2.9000000000000004	7.663605947496317
2	1	1	20	5000000	3.1	7.664339147545591
2	1	1	20	5000000	3.3000000000000003	7.664818966530679
2	1	1	20	5000000	3.5000000000000004	7.665093080745897
2	1	1	20	5000000	3.7	7.665199740781408
2	1	1	20	5000000	3.9000000000000004	7.6651702074379635
2	1	1	20	5000000	4.5	7.664442425038851
2	1	1	20	5000000	5	7.663489071472012
2	1	1	20	5000000	5.5	7.662058525208122
2	1	1	20	5000000	6	7.660072493500741
2	1	1	20	5000000	6.5	7.6571301145409665
2	1	1	20	5000000	7	7.65275372049578
2	1	1	20	5000000	7.5	7.645857680313921
2	1	1	20	5000000	8	7.635694453646319
2	1	1	20	5000000	8.5	7.621109457893765
2	1	1	20	5000000	9	7.600931133146266
2	1	1	20	5000000	9.5	7.57400715812655
2	1	1	20	5000000	10	7.5392322447217985
2	1	1	20	5000000	10.5	7.495684615467332
2	1	1	20	5000000	11	7.442678340573172
2	1	1	20	5000000	11.5	7.379828876802433
2	1	1	20	5000000	12	7.307091268251824
2	1	1	20	10000000	0.1	6.620242240917534
2	1	1	20	10000000	0.30000000000000004	6.85408373472353
2	1	1	20	10000000	0.5	7.09196561503371
2	1	1	20	10000000	0.7000000000000001	7.2842635084681
2	1	1	20	10000000	0.9	7.41497776607781
2	1	1	20	10000000	1.1	7.496408013984763
2	1	1	20	10000000	1.3000000000000003	7.546020268207368
2	1	1	20	10000000	1.5000000000000002	7.5766018061495215
2	1	1	20	10000000	1.7000000000000002	7.595929596219011
2	1	1	20	10000000	1.9000000000000001	7.608491825520219
2	1	1	20	10000000	2.1	7.616875522493721
2	1	1	20	10000000	2.3000000000000003	7.622601772082247
2	1	1	20	10000000	2.5000000000000004	7.626582966213329
2	1	1	20	10000000	2.7	7.629388570132841
2	1	1	20	10000000	2.9000000000000004	7.631378172477919
2	1	1	20	10000000	3.1	7.632783640397085
2	1	1	20	10000000	3.3000000000000003	7.63375539924528
2	1	1	20	10000000	3.5000000000000004	7.634389861058891
2	1	1	20	10000000	3.7	7.634746042264365
2	1	1	20	10000000	3.9000000000000004	7.6348559072760285
2	1	1	20	10000000	4.5	7.633745997137516
2	1	1	20	10000000	5	7.630860396148214
2	1	1	20	10000000	5.5	7.62548465713125
2	1	1	20	10000000	6	7.616661336499167
2	1	1	20	10000000	6.5	7.603228888011147
2	1	1	20	10000000	7	7.583888617875451
2	1	1	20	10000000	7.5	7.557285420575798
2	1	1	20	10000000	8	7.522101149727632
2	1	1	20	10000000	8.5	7.477161741332613
2	1	1	20	10000000	9	7.421544033401668
2	1	1	20	10000000	9.5	7.354670732252309
2	1	1	20	10000000	10	7.276377710076114
2	1	1	20	10000000	10.5	7.1869428063928025
2	1	1	20	10000000	11	7.087071167829798
2	1	1	20	10000000	11.5	6.977839918121858
2	1	1	20	10000000	12	6.860611412208372
2	1	1	30	-10000000	0.1	8.084205777769473
2	1	1	30	-10000000	0.30000000000000004	8.328545865580262
2	1	1	30	-10000000	0.5	8.6821438431003
2	1	1	30	-10000000	0.7000000000000001	9.105716224291667
2	1	1	30	-10000000	0.9	9.479176986921004
2	1	1	30	-10000000	1.1	9.723256384847296
2	1	1	30	-10000000	1.3000000000000003	9.859640229904363
2	1	1	30	-10000000	1.5000000000000002	9.935350488375693
2	1	1	30	-10000000	1.7000000000000002	9.98061835847319
2	1	1	30	-10000000	1.9000000000000001	10.010303115650187
2	1	1	30	-10000000	2.1	10.031223313691665
2	1	1	30	-10000000	2.3000000000000003	10.046612719955474
2	1	1	30	-10000000	2.5000000000000004	10.05799833645604
2	1	1	30	-10000000	2.7	10.066164234804743
2	1	1	30	-10000000	2.9000000000000004	10.071320953423967
2	1	1	30	-10000000	3.1	10.074356904228503
2	1	1	30	-10000000	3.3000000000000003	10.074819038739323
2	1	1	30	-10000000	3.5000000000000004	10.073063989225153
2	1	1	30	-10000000	3.7	10.069224324766033
2	1	1	30	-10000000	3.9000000000000004	10.063434889237973
2	1	1	30	-10000000	4.5	10.035726445834262
2	1	1	30	-10000000	5	10.002821448868639
2	1	1	30	-10000000	5.5	9.963083193003992
2	1	1	30	-10000000	6	9.91806356759109
2	1	1	30	-10000000	6.5	9.86882452476211
2	1	1	30	-10000000	7	9.815949075155942
2	1	1	30	-10000000	7.5	9.759613071110815
2	1	1	30	-10000000	8	9.699660547355961
2	1	1	30	-10000000	8.5	9.635666120138882
2	1	1	30	-10000000	9	9.566973118227786
2	1	1	30	-10000000	9.5	9.492732857933655
2	1	1	30	-10000000	10	9.411925414440498
2	1	1	30	-10000000	10.5	9.323388197397676
2	1	1	30	-10000000	11	9.22592005990213
2	1	1	30	-10000000	11.5	9.118360356417137
2	1	1	30	-10000000	12	8.999727633894665
2	1	1	30	-5000000	0.1	9.627103553310175
2	1	1	30	-5000000	0.30000000000000004	9.747787954152141
2	1	1	30	-5000000	0.5	9.842188181908337
2	1	1	30	-5000000	0.7000000000000001	9.910711702471948
2	1	1	30	-5000000	0.9	9.958041742040113
2	1	1	30	-5000000	1.1	9.990453371801213
2	1	1	30	-5000000	1.3000000000000003	10.013256244846556
2	1	1	30	-5000000	1.5000000000000002	10.03011739347858
2	1	1	30	-5000000	1.7000000000000002	10.043190656615756
2	1	1	30	-5000000	1.9000000000000001	10.053960462723378
2	1	1	30	-5000000	2.1	10.062853151640294
2	1	1	30	-5000000	2.3000000000000003	10.07027850002859
2	1	1	30	-5000000	2.5000000000000004	10.07639373718616
2	1	1	30	-5000000	2.7	10.081243106877787
2	1	1	30	-5000000	2.9000000000000004	10.084935248182132
2	1	1	30	-5000000	3.1	10.087306762264582
2	1	1	30	-5000000	3.3000000000000003	10.088799415384802
2	1	1	30	-5000000	3.5000000000000004	10.088747347452776
2	1	1	30	-5000000	3.7	10.087641248726056
2	1	1	30	-5000000	3.9000000000000004	10.085362938136221
2	1	1	30	-5000000	4.5	10.07169264889707
2	1	1	30	-5000000	5	10.052933182593739
2	1	1	30	-5000000	5.5	10.028211892515017
2	1	1	30	-5000000	6	9.998415400975473
2	1	1	30	-5000000	6.5	9.964529992137226
2	1	1	30	-5000000	7	9.92753242463307
2	1	1	30	-5000000	7.5	9.888285834072631
2	1	1	30	-5000000	8	9.847461653560966
2	1	1	30	-5000000	8.5	9.80528295466302
2	1	1	30	-5000000	9	9.762575797175044
2	1	1	30	-5000000	9.5	9.718626555207448
2	1	1	30	-5000000	10	9.673321180475877
2	1	1	30	-5000000	10.5	9.62607144679671
2	1	1	30	-5000000	11	9.576029004029808
2	1	1	30	-5000000	11.5	9.522089268882917
2	1	1	30	-5000000	12	9.462918970955617
2	1	1	30	0	0.1	9.890775028223162
2	1	1	30	0	0.30000000000000004	9.928962545592247
2	1	1	30	0	0.5	9.960265154766446
2	1	1	30	0	0.7000000000000001	9.985265369744965
2	1	1	30	0	0.9	10.004930656073212
2	1	1	30	0	1.1	10.020362280537341
2	1	1	30	0	1.3000000000000003	10.032578518336672
2	1	1	30	0	1.5000000000000002	10.042393323874256
2	1	1	30	0	1.7000000000000002	10.050393325237597
2	1	1	30	0	1.9000000000000001	10.056973024349439
2	1	1	30	0	2.1	10.062388411330774
2	1	1	30	0	2.3000000000000003	10.066806422772471
2	1	1	30	0	2.5000000000000004	10.070339728548683
2	1	1	30	0	2.7	10.073069714741035
2	1	1	30	0	2.9000000000000004	10.075060436375937
2	1	1	30	0	3.1	10.07636656667157
2	1	1	30	0	3.3000000000000003	10.077037404035686
2	1	1	30	0	3.5000000000000004	10.077118873452019
2	1	1	30	0	3.7	10.076654392827491
2	1	1	30	0	3.9000000000000004	10.075685967638002
2	1	1	30	0	4.5	10.070150146356927
2	1	1	30	0	5	10.063064704130321
2	1	1	30	0	5.5	10.054258592562872
2	1	1	30	0	6	10.044081756405603
2	1	1	30	0	6.5	10.033084538685172
2	1	1	30	0	7	10.021457738913341
2	1	1	30	0	7.5	10.009522069229934
2	1	1	30	0	8	9.997465468044439
2	1	1	30	0	8.5	9.985745933342805
2	1	1	30	0	9	9.974403220019816
2	1	1	30	0	9.5	9.963773249008659
2	1	1	30	0	10	9.954162669482177
2	1	1	30	0	10.5	9.945804815288895
2	1	1	30	0	11	9.93909949305599
2	1	1	30	0	11.5	9.934091414476175
2	1	1	30	0	12	9.930298508487555
2	1	1	30	5000000	0.1	9.6228195029977
2	1	1	30	5000000	0.30000000000000004	9.734228426112987
2	1	1	30	5000000	0.5	9.820273371446063
2	1	1	30	5000000	0.7000000000000001	9.884680388892505
2	1	1	30	5000000	0.9	9.931902435770542
2	1	1	30	5000000	1.1	9.966153343057488
2	1	1	30	5000000	1.3000000000000003	9.99096691776149
2	1	1	30	5000000	1.5000000000000002	10.008990796776255
2	1	1	30	5000000	1.7000000000000002	10.02216688244394
2	1	1	30	5000000	1.9000000000000001	10.031839539914886
2	1	1	30	5000000	2.1	10.038921893094274
2	1	1	30	5000000	2.3000000000000003	10.044032847026958
2	1	1	30	5000000	2.5000000000000004	10.04759353232663
2	1	1	30	5000000	2.7	10.049892160919965
2	1	1	30	5000000	2.9000000000000004	10.051126385546244
2	1	1	30	5000000	3.1	10.051430689815254
2	1	1	30	5000000	3.3000000000000003	10.050893242122207
2	1	1	30	5000000	3.5000000000000004	10.049565449468233
2	1	1	30	5000000	3.7	10.047468131646259
2	1	1	30	5000000	3.9000000000000004	10.044596209173003
2	1	1	30	5000000	4.5	10.030951317208983
2	1	1	30	5000000	5	10.012719792337272
2	1	1	30	5000000	5.5	9.986489034254863
2	1	1	30	5000000	6	9.950267498719839
2	1	1	30	5000000	6.5	9.901996302061653
2	1	1	30	5000000	7	9.839873971093638
2	1	1	30	5000000	7.5	9.76260261949884
2	1	1	30	5000000	8	9.669546273969074
2	1	1	30	5000000	8.5	9.560809025155438
2	1	1	30	5000000	9	9.437221658566706
2	1	1	30	5000000	9.5	9.30022817554068
2	1	1	30	5000000	10	9.151707738543765
2	1	1	30	5000000	10.5	8.99380536295332
2	1	1	30	5000000	11	8.828749663252685
2	1	1	30	5000000	11.5	8.658701154911585
2	1	1	30	5000000	12	8.485640190420813
2	1	1	30	10000000	0.1	8.36031771054263
2	1	1	30	10000000	0.30000000000000004	8.75691043558616
2	1	1	30	10000000	0.5	9.142974898996485
2	1	1	30	10000000	0.7000000000000001	9.446549264571416
2	1	1	30	10000000	0.9	9.652457211633699
2	1	1	30	10000000	1.1	9.783096777857422
2	1	1	30	10000000	1.3000000000000003	9.865100555266894
2	1	1	30	10000000	1.5000000000000002	9.917430911196588
2	1	1	30	10000000	1.7000000000000002	9.951655865026654
2	1	1	30	10000000	1.9000000000000001	9.974531107432668
2	1	1	30	10000000	2.1	9.989999134665085
2	1	1	30	10000000	2.3000000000000003	10.000393626165438
2	1	1	30	10000000	2.5000000000000004	10.007118519634176
2	1	1	30	10000000	2.7	10.011026150872361
2	1	1	30	10000000	2.9000000000000004	10.012630855841442
2	1	1	30	10000000	3.1	10.012229757131507
2	1	1	30	10000000	3.3000000000000003	10.009979401494602
2	1	1	30	10000000	3.5000000000000004	10.00593854103015
2	1	1	30	10000000	3.7	10.000098014280693
2	1	1	30	10000000	3.9000000000000004	9.992400644570884
2	1	1	30	10000000	4.5	9.95715302197002
2	1	1	30	10000000	5	9.91194811370047
2	1	1	30	10000000	5.5	9.85018414140154
2	1	1	30	10000000	6	9.770241454243099
2	1	1	30	10000000	6.5	9.671223402337247
2	1	1	30	10000000	7	9.553120546655636
2	1	1	30	10000000	7.5	9.416830696363101
2	1	1	30	10000000	8	9.264047383160143
2	1	1	30	10000000	8.5	9.097116872827488
2	1	1	30	10000000	9	8.918702235325265
2	1	1	30	10000000	9.5	8.731647897646829
2	1	1	30	10000000	10	8.53873605904547
2	1	1	30	10000000	10.5	8.342529450988511
2	1	1	30	10000000	11	8.145273006097483
2	1	1	30	10000000	11.5	7.9488453485115045
2	1	1	30	10000000	12	7.754749082157675