lambh	lambe	m	B0	E0	h1	Integration 1 (meV)
2	2	-1	0	-10000000	0.1	5.771487397077265
2	2	-1	0	-10000000	0.30000000000000004	5.803673199155069
2	2	-1	0	-10000000	0.5	5.855192159114596
2	2	-1	0	-10000000	0.7000000000000001	5.936730310060308
2	2	-1	0	-10000000	0.9	6.053188065533926
2	2	-1	0	-10000000	1.1	6.172211044232987
2	2	-1	0	-10000000	1.3000000000000003	6.233603821489633
2	2	-1	0	-10000000	1.5000000000000002	6.236811689364926
2	2	-1	0	-10000000	1.7000000000000002	6.216401023790304
2	2	-1	0	-10000000	1.9000000000000001	6.19113443081474
2	2	-1	0	-10000000	2.1	6.167049662088864
2	2	-1	0	-10000000	2.3000000000000003	6.145656714878912
2	2	-1	0	-10000000	2.5000000000000004	6.12706824572658
2	2	-1	0	-10000000	2.7	6.11101171897781
2	2	-1	0	-10000000	2.9000000000000004	6.097093931785424
2	2	-1	0	-10000000	3.1	6.084917857487957
2	2	-1	0	-10000000	3.3000000000000003	6.074114849756136
2	2	-1	0	-10000000	3.5000000000000004	6.064350302843855
2	2	-1	0	-10000000	3.7	6.055330287941884
2	2	-1	0	-10000000	3.9000000000000004	6.046790910570572
2	2	-1	0	-10000000	4.5	6.021925817592844
2	2	-1	0	-10000000	5	5.999666704081481
2	2	-1	0	-10000000	5.5	5.974213327053386
2	2	-1	0	-10000000	6	5.9446850597725325
2	2	-1	0	-10000000	6.5	5.910816980341093
2	2	-1	0	-10000000	7	5.872878166915531
2	2	-1	0	-10000000	7.5	5.8316134501862065
2	2	-1	0	-10000000	8	5.788108562208856
2	2	-1	0	-10000000	8.5	5.743491793349175
2	2	-1	0	-10000000	9	5.698561755196482
2	2	-1	0	-10000000	9.5	5.653574957004657
2	2	-1	0	-10000000	10	5.608318152863892
2	2	-1	0	-10000000	10.5	5.5623321834000805
2	2	-1	0	-10000000	11	5.515123985261218
2	2	-1	0	-10000000	11.5	5.466270543162317
2	2	-1	0	-10000000	12	5.415505654059675
2	2	-1	0	-5000000	0.1	6.335278482339476
2	2	-1	0	-5000000	0.30000000000000004	6.356613743398859
2	2	-1	0	-5000000	0.5	6.35909792870556
2	2	-1	0	-5000000	0.7000000000000001	6.3429331546898595
2	2	-1	0	-5000000	0.9	6.313672209742703
2	2	-1	0	-5000000	1.1	6.277946161592857
2	2	-1	0	-5000000	1.3000000000000003	6.240673751942071
2	2	-1	0	-5000000	1.5000000000000002	6.204809648132912
2	2	-1	0	-5000000	1.7000000000000002	6.171793077875514
2	2	-1	0	-5000000	1.9000000000000001	6.142201360023495
2	2	-1	0	-5000000	2.1	6.116117070559381
2	2	-1	0	-5000000	2.3000000000000003	6.093409909523156
2	2	-1	0	-5000000	2.5000000000000004	6.073837911700807
2	2	-1	0	-5000000	2.7	6.057069395344939
2	2	-1	0	-5000000	2.9000000000000004	6.04278831950124
2	2	-1	0	-5000000	3.1	6.030678466523541
2	2	-1	0	-5000000	3.3000000000000003	6.0204413211730685
2	2	-1	0	-5000000	3.5000000000000004	6.0118035514968575
2	2	-1	0	-5000000	3.7	6.004514689319924
2	2	-1	0	-5000000	3.9000000000000004	5.998347632033754
2	2	-1	0	-5000000	4.5	5.984617051500407
2	2	-1	0	-5000000	5	5.976016442068469
2	2	-1	0	-5000000	5.5	5.9674582596214085
2	2	-1	0	-5000000	6	5.956867219387164
2	2	-1	0	-5000000	6.5	5.94248297749859
2	2	-1	0	-5000000	7	5.92298601108757
2	2	-1	0	-5000000	7.5	5.89772515983778
2	2	-1	0	-5000000	8	5.866965291087392
2	2	-1	0	-5000000	8.5	5.831934424108386
2	2	-1	0	-5000000	9	5.794426969794027
2	2	-1	0	-5000000	9.5	5.756071964658909
2	2	-1	0	-5000000	10	5.717823349055337
2	2	-1	0	-5000000	10.5	5.6799301104741104
2	2	-1	0	-5000000	11	5.642194883687037
2	2	-1	0	-5000000	11.5	5.604234081284462
2	2	-1	0	-5000000	12	5.565641224379907
2	2	-1	0	0	0.1	6.365594941321323
2	2	-1	0	0	0.30000000000000004	6.345310079412907
2	2	-1	0	0	0.5	6.31886050691968
2	2	-1	0	0	0.7000000000000001	6.287359361061574
2	2	-1	0	0	0.9	6.252384204509605
2	2	-1	0	0	1.1	6.2155889877918655
2	2	-1	0	0	1.3000000000000003	6.178458156830209
2	2	-1	0	0	1.5000000000000002	6.142184732222538
2	2	-1	0	0	1.7000000000000002	6.10758286541131
2	2	-1	0	0	1.9000000000000001	6.075201883134543
2	2	-1	0	0	2.1	6.045221583486738
2	2	-1	0	0	2.3000000000000003	6.017787305698521
2	2	-1	0	0	2.5000000000000004	5.992723387057999
2	2	-1	0	0	2.7	5.969891616231114
2	2	-1	0	0	2.9000000000000004	5.94916483494806
2	2	-1	0	0	3.1	5.930321806028484
2	2	-1	0	0	3.3000000000000003	5.913123947676404
2	2	-1	0	0	3.5000000000000004	5.897392133332806
2	2	-1	0	0	3.7	5.88296224488278
2	2	-1	0	0	3.9000000000000004	5.869682809409772
2	2	-1	0	0	4.5	5.835596035715791
2	2	-1	0	0	5	5.812288931130386
2	2	-1	0	0	5.5	5.792413586400087
2	2	-1	0	0	6	5.775272820824074
2	2	-1	0	0	6.5	5.760363955138331
2	2	-1	0	0	7	5.747331919538867
2	2	-1	0	0	7.5	5.735963967992847
2	2	-1	0	0	8	5.726084124638915
2	2	-1	0	0	8.5	5.71758464925837
2	2	-1	0	0	9	5.710393218164802
2	2	-1	0	0	9.5	5.704442879372411
2	2	-1	0	0	10	5.699673351698027
2	2	-1	0	0	10.5	5.696006266060132
2	2	-1	0	0	11	5.693349871589935
2	2	-1	0	0	11.5	5.691564617605833
2	2	-1	0	0	12	5.690478245845442
2	2	-1	0	5000000	0.1	6.138643068087996
2	2	-1	0	5000000	0.30000000000000004	6.1693802927661245
2	2	-1	0	5000000	0.5	6.1809036906488055
2	2	-1	0	5000000	0.7000000000000001	6.1761622436507855
2	2	-1	0	5000000	0.9	6.159216703846471
2	2	-1	0	5000000	1.1	6.134070967612338
2	2	-1	0	5000000	1.3000000000000003	6.103855937263327
2	2	-1	0	5000000	1.5000000000000002	6.070977850950319
2	2	-1	0	5000000	1.7000000000000002	6.0372036276244465
2	2	-1	0	5000000	1.9000000000000001	6.0035370333480325
2	2	-1	0	5000000	2.1	5.970803456597356
2	2	-1	0	5000000	2.3000000000000003	5.9393588362759875
2	2	-1	0	5000000	2.5000000000000004	5.909355179137536
2	2	-1	0	5000000	2.7	5.88078419806146
2	2	-1	0	5000000	2.9000000000000004	5.853805220196098
2	2	-1	0	5000000	3.1	5.828399184128067
2	2	-1	0	5000000	3.3000000000000003	5.804538281562382
2	2	-1	0	5000000	3.5000000000000004	5.7819072015106965
2	2	-1	0	5000000	3.7	5.760535127050733
2	2	-1	0	5000000	3.9000000000000004	5.7402876904658005
2	2	-1	0	5000000	4.5	5.685269833082515
2	2	-1	0	5000000	5	5.644475287742172
2	2	-1	0	5000000	5.5	5.606732652647402
2	2	-1	0	5000000	6	5.570844321282901
2	2	-1	0	5000000	6.5	5.535892984638732
2	2	-1	0	5000000	7	5.5011343043398595
2	2	-1	0	5000000	7.5	5.465928340467353
2	2	-1	0	5000000	8	5.429843900608566
2	2	-1	0	5000000	8.5	5.392513797758716
2	2	-1	0	5000000	9	5.35364158862787
2	2	-1	0	5000000	9.5	5.312987472221814
2	2	-1	0	5000000	10	5.270360800748174
2	2	-1	0	5000000	10.5	5.225618420133655
2	2	-1	0	5000000	11	5.178754399293663
2	2	-1	0	5000000	11.5	5.129467170604022
2	2	-1	0	5000000	12	5.078037814066717
2	2	-1	0	10000000	0.1	5.5276742676453985
2	2	-1	0	10000000	0.30000000000000004	5.630778848151034
2	2	-1	0	10000000	0.5	5.758485622250008
2	2	-1	0	10000000	0.7000000000000001	5.879168779569137
2	2	-1	0	10000000	0.9	5.959255688247206
2	2	-1	0	10000000	1.1	5.993622166089099
2	2	-1	0	10000000	1.3000000000000003	5.99637470993212
2	2	-1	0	10000000	1.5000000000000002	5.981573810092697
2	2	-1	0	10000000	1.7000000000000002	5.958048479923417
2	2	-1	0	10000000	1.9000000000000001	5.930620170487272
2	2	-1	0	10000000	2.1	5.901868491028056
2	2	-1	0	10000000	2.3000000000000003	5.873175648588918
2	2	-1	0	10000000	2.5000000000000004	5.845290408191194
2	2	-1	0	10000000	2.7	5.818572683596937
2	2	-1	0	10000000	2.9000000000000004	5.793289406137444
2	2	-1	0	10000000	3.1	5.76943658100745
2	2	-1	0	10000000	3.3000000000000003	5.747019330599549
2	2	-1	0	10000000	3.5000000000000004	5.726057789464925
2	2	-1	0	10000000	3.7	5.706424032239918
2	2	-1	0	10000000	3.9000000000000004	5.6880616230131436
2	2	-1	0	10000000	4.5	5.639831846278396
2	2	-1	0	10000000	5	5.606554463382543
2	2	-1	0	10000000	5.5	5.5788383296695105
2	2	-1	0	10000000	6	5.556029333149297
2	2	-1	0	10000000	6.5	5.536366267350447
2	2	-1	0	10000000	7	5.514394062594426
2	2	-1	0	10000000	7.5	5.47597678269096
2	2	-1	0	10000000	8	5.392316754765524
2	2	-1	0	10000000	8.5	5.234013049724928
2	2	-1	0	10000000	9	5.036125098321605
2	2	-1	0	10000000	9.5	4.870662443236287
2	2	-1	0	10000000	10	4.746951899031524
2	2	-1	0	10000000	10.5	4.647481730734714
2	2	-1	0	10000000	11	4.560423077329969
2	2	-1	0	10000000	11.5	4.480072064891856
2	2	-1	0	10000000	12	4.403855154253346
2	2	-1	5	-10000000	0.1	5.520580628104043
2	2	-1	5	-10000000	0.30000000000000004	5.5683691020194575
2	2	-1	5	-10000000	0.5	5.6455030772177
2	2	-1	5	-10000000	0.7000000000000001	5.773009363445121
2	2	-1	5	-10000000	0.9	5.975647064537027
2	2	-1	5	-10000000	1.1	6.227556894361334
2	2	-1	5	-10000000	1.3000000000000003	6.409448750261816
2	2	-1	5	-10000000	1.5000000000000002	6.476676574345465
2	2	-1	5	-10000000	1.7000000000000002	6.484541856107779
2	2	-1	5	-10000000	1.9000000000000001	6.472773360766982
2	2	-1	5	-10000000	2.1	6.456098088402233
2	2	-1	5	-10000000	2.3000000000000003	6.439323190596693
2	2	-1	5	-10000000	2.5000000000000004	6.423841564235697
2	2	-1	5	-10000000	2.7	6.409912974761418
2	2	-1	5	-10000000	2.9000000000000004	6.397426611583652
2	2	-1	5	-10000000	3.1	6.38611662021854
2	2	-1	5	-10000000	3.3000000000000003	6.375707230924643
2	2	-1	5	-10000000	3.5000000000000004	6.365918784315798
2	2	-1	5	-10000000	3.7	6.356498727238679
2	2	-1	5	-10000000	3.9000000000000004	6.347224349897501
2	2	-1	5	-10000000	4.5	6.318508503420713
2	2	-1	5	-10000000	5	6.291723583432341
2	2	-1	5	-10000000	5.5	6.261217752190302
2	2	-1	5	-10000000	6	6.226727922808573
2	2	-1	5	-10000000	6.5	6.188501465397325
2	2	-1	5	-10000000	7	6.147089271828358
2	2	-1	5	-10000000	7.5	6.1031493658863925
2	2	-1	5	-10000000	8	6.057265663909439
2	2	-1	5	-10000000	8.5	6.009788259883365
2	2	-1	5	-10000000	9	5.960736779904376
2	2	-1	5	-10000000	9.5	5.90985290953015
2	2	-1	5	-10000000	10	5.8567344682065
2	2	-1	5	-10000000	10.5	5.800980855924996
2	2	-1	5	-10000000	11	5.742288504318499
2	2	-1	5	-10000000	11.5	5.680491613452671
2	2	-1	5	-10000000	12	5.615567387265536
2	2	-1	5	-5000000	0.1	6.380825236459791
2	2	-1	5	-5000000	0.30000000000000004	6.460902604059241
2	2	-1	5	-5000000	0.5	6.516443344388609
2	2	-1	5	-5000000	0.7000000000000001	6.541519389908704
2	2	-1	5	-5000000	0.9	6.541011976180487
2	2	-1	5	-5000000	1.1	6.524352561387886
2	2	-1	5	-5000000	1.3000000000000003	6.499811925010725
2	2	-1	5	-5000000	1.5000000000000002	6.472732119834671
2	2	-1	5	-5000000	1.7000000000000002	6.446061212199923
2	2	-1	5	-5000000	1.9000000000000001	6.421260290840171
2	2	-1	5	-5000000	2.1	6.39892859860933
2	2	-1	5	-5000000	2.3000000000000003	6.379247516960862
2	2	-1	5	-5000000	2.5000000000000004	6.362085610561669
2	2	-1	5	-5000000	2.7	6.347262211252051
2	2	-1	5	-5000000	2.9000000000000004	6.334561319856436
2	2	-1	5	-5000000	3.1	6.323701471494218
2	2	-1	5	-5000000	3.3000000000000003	6.31441943699456
2	2	-1	5	-5000000	3.5000000000000004	6.306480283294816
2	2	-1	5	-5000000	3.7	6.299644567312264
2	2	-1	5	-5000000	3.9000000000000004	6.29370784363846
2	2	-1	5	-5000000	4.5	6.279448687391458
2	2	-1	5	-5000000	5	6.2692686077974376
2	2	-1	5	-5000000	5.5	6.258437255291489
2	2	-1	5	-5000000	6	6.245316958333366
2	2	-1	5	-5000000	6.5	6.228676754529244
2	2	-1	5	-5000000	7	6.207708181001368
2	2	-1	5	-5000000	7.5	6.182038373014918
2	2	-1	5	-5000000	8	6.1517519720778715
2	2	-1	5	-5000000	8.5	6.117388504008201
2	2	-1	5	-5000000	9	6.0798010954884365
2	2	-1	5	-5000000	9.5	6.039849941381735
2	2	-1	5	-5000000	10	5.9981241978009665
2	2	-1	5	-5000000	10.5	5.954865525313568
2	2	-1	5	-5000000	11	5.91005865122303
2	2	-1	5	-5000000	11.5	5.863557860282025
2	2	-1	5	-5000000	12	5.8151785888084255
2	2	-1	5	0	0.1	6.513072863063603
2	2	-1	5	0	0.30000000000000004	6.514221616359426
2	2	-1	5	0	0.5	6.507163117012934
2	2	-1	5	0	0.7000000000000001	6.492480775300288
2	2	-1	5	0	0.9	6.471690735071941
2	2	-1	5	0	1.1	6.446661100985603
2	2	-1	5	0	1.3000000000000003	6.41917939092642
2	2	-1	5	0	1.5000000000000002	6.39077860436011
2	2	-1	5	0	1.7000000000000002	6.3625879725199335
2	2	-1	5	0	1.9000000000000001	6.335372397001309
2	2	-1	5	0	2.1	6.309611459415359
2	2	-1	5	0	2.3000000000000003	6.285550366693067
2	2	-1	5	0	2.5000000000000004	6.263261789537263
2	2	-1	5	0	2.7	6.242686347236856
2	2	-1	5	0	2.9000000000000004	6.223730795532337
2	2	-1	5	0	3.1	6.206269680031144
2	2	-1	5	0	3.3000000000000003	6.190174779401823
2	2	-1	5	0	3.5000000000000004	6.1753063033791
2	2	-1	5	0	3.7	6.16153381554276
2	2	-1	5	0	3.9000000000000004	6.148742706623043
2	2	-1	5	0	4.5	6.115246066348235
2	2	-1	5	0	5	6.091784761646244
2	2	-1	5	0	5.5	6.071373822919923
2	2	-1	5	0	6	6.05348602055264
2	2	-1	5	0	6.5	6.037708469481072
2	2	-1	5	0	7	6.023774000028609
2	2	-1	5	0	7.5	6.011528091727587
2	2	-1	5	0	8	6.000819692196636
2	2	-1	5	0	8.5	5.991604393124591
2	2	-1	5	0	9	5.983823932193041
2	2	-1	5	0	9.5	5.977443779390316
2	2	-1	5	0	10	5.972418319485873
2	2	-1	5	0	10.5	5.9686909584067145
2	2	-1	5	0	11	5.966210454882693
2	2	-1	5	0	11.5	5.964732438705023
2	2	-1	5	0	12	5.9641563639139274
2	2	-1	5	5000000	0.1	6.21966815185776
2	2	-1	5	5000000	0.30000000000000004	6.279695569769389
2	2	-1	5	5000000	0.5	6.316677242872777
2	2	-1	5	5000000	0.7000000000000001	6.333384577556938
2	2	-1	5	5000000	0.9	6.334292296031535
2	2	-1	5	5000000	1.1	6.3240090469291355
2	2	-1	5	5000000	1.3000000000000003	6.306251012638544
2	2	-1	5	5000000	1.5000000000000002	6.283789316785457
2	2	-1	5	5000000	1.7000000000000002	6.25865515468469
2	2	-1	5	5000000	1.9000000000000001	6.232349543416637
2	2	-1	5	5000000	2.1	6.205615835041214
2	2	-1	5	5000000	2.3000000000000003	6.179056575705014
2	2	-1	5	5000000	2.5000000000000004	6.15300635795369
2	2	-1	5	5000000	2.7	6.127655346459165
2	2	-1	5	5000000	2.9000000000000004	6.103101889954055
2	2	-1	5	5000000	3.1	6.079386920401886
2	2	-1	5	5000000	3.3000000000000003	6.056460538996501
2	2	-1	5	5000000	3.5000000000000004	6.0343257004100535
2	2	-1	5	5000000	3.7	6.01316861611709
2	2	-1	5	5000000	3.9000000000000004	5.992612708176833
2	2	-1	5	5000000	4.5	5.934675868524899
2	2	-1	5	5000000	5	5.889658405246457
2	2	-1	5	5000000	5.5	5.846490500762098
2	2	-1	5	5000000	6	5.804237759631165
2	2	-1	5	5000000	6.5	5.762113963286747
2	2	-1	5	5000000	7	5.719481599525481
2	2	-1	5	5000000	7.5	5.675830845144869
2	2	-1	5	5000000	8	5.630756623521812
2	2	-1	5	5000000	8.5	5.583936722487435
2	2	-1	5	5000000	9	5.535115639507181
2	2	-1	5	5000000	9.5	5.484094765659819
2	2	-1	5	5000000	10	5.430728686494462
2	2	-1	5	5000000	10.5	5.374926501103164
2	2	-1	5	5000000	11	5.316613082671825
2	2	-1	5	5000000	11.5	5.2559388798877436
2	2	-1	5	5000000	12	5.1929056466648325
2	2	-1	5	10000000	0.1	5.426898283732404
2	2	-1	5	10000000	0.30000000000000004	5.559718786394772
2	2	-1	5	10000000	0.5	5.732984491563942
2	2	-1	5	10000000	0.7000000000000001	5.908677192027797
2	2	-1	5	10000000	0.9	6.037741742274636
2	2	-1	5	10000000	1.1	6.107078154850586
2	2	-1	5	10000000	1.3000000000000003	6.13316149735955
2	2	-1	5	10000000	1.5000000000000002	6.134466080017085
2	2	-1	5	10000000	1.7000000000000002	6.1228430845335735
2	2	-1	5	10000000	1.9000000000000001	6.1048094821871235
2	2	-1	5	10000000	2.1	6.08368530980517
2	2	-1	5	10000000	2.3000000000000003	6.061394613826686
2	2	-1	5	10000000	2.5000000000000004	6.038931073844935
2	2	-1	5	10000000	2.7	6.016606511832032
2	2	-1	5	10000000	2.9000000000000004	5.995565357973966
2	2	-1	5	10000000	3.1	5.974799816827515
2	2	-1	5	10000000	3.3000000000000003	5.955062547689284
2	2	-1	5	10000000	3.5000000000000004	5.936222471694077
2	2	-1	5	10000000	3.7	5.918276164624798
2	2	-1	5	10000000	3.9000000000000004	5.901209761292286
2	2	-1	5	10000000	4.5	5.855242678528463
2	2	-1	5	10000000	5	5.822640069453674
2	2	-1	5	10000000	5.5	5.795558422112226
2	2	-1	5	10000000	6	5.773778526896577
2	2	-1	5	10000000	6.5	5.755231338951113
2	2	-1	5	10000000	7	5.73253940889259
2	2	-1	5	10000000	7.5	5.686421533407568
2	2	-1	5	10000000	8	5.57810023215907
2	2	-1	5	10000000	8.5	5.3659992348033185
2	2	-1	5	10000000	9	5.09529722506998
2	2	-1	5	10000000	9.5	4.876679411673616
2	2	-1	5	10000000	10	4.727811016588788
2	2	-1	5	10000000	10.5	4.6188284681338
2	2	-1	5	10000000	11	4.529383977731138
2	2	-1	5	10000000	11.5	4.449969748243066
2	2	-1	5	10000000	12	4.3763057474725935
2	2	-1	10	-10000000	0.1	6.27129828320549
2	2	-1	10	-10000000	0.30000000000000004	6.319820887842852
2	2	-1	10	-10000000	0.5	6.396352716633762
2	2	-1	10	-10000000	0.7000000000000001	6.521225752747034
2	2	-1	10	-10000000	0.9	6.73734267551592
2	2	-1	10	-10000000	1.1	7.137353359889032
2	2	-1	10	-10000000	1.3000000000000003	7.668184577904665
2	2	-1	10	-10000000	1.5000000000000002	7.981468193870514
2	2	-1	10	-10000000	1.7000000000000002	8.094453062867764
2	2	-1	10	-10000000	1.9000000000000001	8.127917857661714
2	2	-1	10	-10000000	2.1	8.13300883049228
2	2	-1	10	-10000000	2.3000000000000003	8.127504064609827
2	2	-1	10	-10000000	2.5000000000000004	8.117839549209888
2	2	-1	10	-10000000	2.7	8.106465656798408
2	2	-1	10	-10000000	2.9000000000000004	8.094310023862697
2	2	-1	10	-10000000	3.1	8.081678158034574
2	2	-1	10	-10000000	3.3000000000000003	8.068615947084492
2	2	-1	10	-10000000	3.5000000000000004	8.055067295355903
2	2	-1	10	-10000000	3.7	8.04094679554382
2	2	-1	10	-10000000	3.9000000000000004	8.026173907588793
2	2	-1	10	-10000000	4.5	7.9774959970525074
2	2	-1	10	-10000000	5	7.932041875069708
2	2	-1	10	-10000000	5.5	7.883262624649909
2	2	-1	10	-10000000	6	7.832826614169409
2	2	-1	10	-10000000	6.5	7.7823763079776445
2	2	-1	10	-10000000	7	7.7329462995237765
2	2	-1	10	-10000000	7.5	7.6841972983905
2	2	-1	10	-10000000	8	7.634141347603458
2	2	-1	10	-10000000	8.5	7.579611566681835
2	2	-1	10	-10000000	9	7.517399038237532
2	2	-1	10	-10000000	9.5	7.445293105419558
2	2	-1	10	-10000000	10	7.362405446886102
2	2	-1	10	-10000000	10.5	7.2689084989425945
2	2	-1	10	-10000000	11	7.165616695999116
2	2	-1	10	-10000000	11.5	7.0536790358480275
2	2	-1	10	-10000000	12	6.934400542639725
2	2	-1	10	-5000000	0.1	7.475473785410714
2	2	-1	10	-5000000	0.30000000000000004	7.669542244448784
2	2	-1	10	-5000000	0.5	7.848049453175035
2	2	-1	10	-5000000	0.7000000000000001	7.9817441648090135
2	2	-1	10	-5000000	0.9	8.06296891117574
2	2	-1	10	-5000000	1.1	8.102272777143009
2	2	-1	10	-5000000	1.3000000000000003	8.114667906104799
2	2	-1	10	-5000000	1.5000000000000002	8.11188663489819
2	2	-1	10	-5000000	1.7000000000000002	8.101354920897315
2	2	-1	10	-5000000	1.9000000000000001	8.087368435053676
2	2	-1	10	-5000000	2.1	8.072298455959626
2	2	-1	10	-5000000	2.3000000000000003	8.057396452780303
2	2	-1	10	-5000000	2.5000000000000004	8.043270342688844
2	2	-1	10	-5000000	2.7	8.03015929713304
2	2	-1	10	-5000000	2.9000000000000004	8.018094747029595
2	2	-1	10	-5000000	3.1	8.006994331658673
2	2	-1	10	-5000000	3.3000000000000003	7.996717952963879
2	2	-1	10	-5000000	3.5000000000000004	7.987100794784625
2	2	-1	10	-5000000	3.7	7.977972869159395
2	2	-1	10	-5000000	3.9000000000000004	7.969170575866408
2	2	-1	10	-5000000	4.5	7.943294990822479
2	2	-1	10	-5000000	5	7.920759698529371
2	2	-1	10	-5000000	5.5	7.896393720785328
2	2	-1	10	-5000000	6	7.870252630652225
2	2	-1	10	-5000000	6.5	7.843169144778114
2	2	-1	10	-5000000	7	7.816278358649718
2	2	-1	10	-5000000	7.5	7.790105873856141
2	2	-1	10	-5000000	8	7.763844932624116
2	2	-1	10	-5000000	8.5	7.7347638168240405
2	2	-1	10	-5000000	9	7.699619099810529
2	2	-1	10	-5000000	9.5	7.655832529113492
2	2	-1	10	-5000000	10	7.6023739803020325
2	2	-1	10	-5000000	10.5	7.539450379926864
2	2	-1	10	-5000000	11	7.467871510458646
2	2	-1	10	-5000000	11.5	7.3885667547900225
2	2	-1	10	-5000000	12	7.302401561822895
2	2	-1	10	0	0.1	7.861422314227102
2	2	-1	10	0	0.30000000000000004	7.912948533840421
2	2	-1	10	0	0.5	7.9535327929707735
2	2	-1	10	0	0.7000000000000001	7.981378015643273
2	2	-1	10	0	0.9	7.997040587411335
2	2	-1	10	0	1.1	8.002175262889441
2	2	-1	10	0	1.3000000000000003	7.998953875084981
2	2	-1	10	0	1.5000000000000002	7.989639924293425
2	2	-1	10	0	1.7000000000000002	7.9762394219214965
2	2	-1	10	0	1.9000000000000001	7.960371412184178
2	2	-1	10	0	2.1	7.943209675643802
2	2	-1	10	0	2.3000000000000003	7.925571850307405
2	2	-1	10	0	2.5000000000000004	7.907995998702685
2	2	-1	10	0	2.7	7.8908076289141835
2	2	-1	10	0	2.9000000000000004	7.874185577880818
2	2	-1	10	0	3.1	7.858216914073342
2	2	-1	10	0	3.3000000000000003	7.842923001488881
2	2	-1	10	0	3.5000000000000004	7.828290846025807
2	2	-1	10	0	3.7	7.814287597480122
2	2	-1	10	0	3.9000000000000004	7.800870637475512
2	2	-1	10	0	4.5	7.76369213403589
2	2	-1	10	0	5	7.735648872314728
2	2	-1	10	0	5.5	7.70979003783148
2	2	-1	10	0	6	7.6858221649143665
2	2	-1	10	0	6.5	7.663574275726706
2	2	-1	10	0	7	7.642957656742467
2	2	-1	10	0	7.5	7.623940737962367
2	2	-1	10	0	8	7.606529672483118
2	2	-1	10	0	8.5	7.59075308500257
2	2	-1	10	0	9	7.576648573676589
2	2	-1	10	0	9.5	7.564263179841761
2	2	-1	10	0	10	7.5536227039604125
2	2	-1	10	0	10.5	7.544724255208249
2	2	-1	10	0	11	7.537514132653121
2	2	-1	10	0	11.5	7.5318676244696405
2	2	-1	10	0	12	7.527573724665177
2	2	-1	10	5000000	0.1	7.404686997198516
2	2	-1	10	5000000	0.30000000000000004	7.53834825332064
2	2	-1	10	5000000	0.5	7.639610654685647
2	2	-1	10	5000000	0.7000000000000001	7.709880314560736
2	2	-1	10	5000000	0.9	7.754959377807005
2	2	-1	10	5000000	1.1	7.780890543946248
2	2	-1	10	5000000	1.3000000000000003	7.7929412686842205
2	2	-1	10	5000000	1.5000000000000002	7.795119902401357
2	2	-1	10	5000000	1.7000000000000002	7.790379961769138
2	2	-1	10	5000000	1.9000000000000001	7.78080274189777
2	2	-1	10	5000000	2.1	7.767780051361376
2	2	-1	10	5000000	2.3000000000000003	7.752283108415653
2	2	-1	10	5000000	2.5000000000000004	7.734913002209191
2	2	-1	10	5000000	2.7	7.716101737889106
2	2	-1	10	5000000	2.9000000000000004	7.696130189609482
2	2	-1	10	5000000	3.1	7.675205528449868
2	2	-1	10	5000000	3.3000000000000003	7.653480106330165
2	2	-1	10	5000000	3.5000000000000004	7.631072473237975
2	2	-1	10	5000000	3.7	7.608076299575454
2	2	-1	10	5000000	3.9000000000000004	7.584565727673191
2	2	-1	10	5000000	4.5	7.511461652505305
2	2	-1	10	5000000	5	7.448006988303981
2	2	-1	10	5000000	5.5	7.382359790195291
2	2	-1	10	5000000	6	7.314390677274465
2	2	-1	10	5000000	6.5	7.243878954869529
2	2	-1	10	5000000	7	7.170579478109939
2	2	-1	10	5000000	7.5	7.094269018340643
2	2	-1	10	5000000	8	7.014762181719391
2	2	-1	10	5000000	8.5	6.931915706729414
2	2	-1	10	5000000	9	6.845632052376397
2	2	-1	10	5000000	9.5	6.755861535206999
2	2	-1	10	5000000	10	6.662611617671454
2	2	-1	10	5000000	10.5	6.565955991232186
2	2	-1	10	5000000	11	6.466048252702302
2	2	-1	10	5000000	11.5	6.363131952521761
2	2	-1	10	5000000	12	6.257547983281118
2	2	-1	10	10000000	0.1	6.215661800279733
2	2	-1	10	10000000	0.30000000000000004	6.38968595892775
2	2	-1	10	10000000	0.5	6.642077852860255
2	2	-1	10	10000000	0.7000000000000001	6.940876703535562
2	2	-1	10	10000000	0.9	7.199117413763998
2	2	-1	10	10000000	1.1	7.364831865119436
2	2	-1	10	10000000	1.3000000000000003	7.453331028269269
2	2	-1	10	10000000	1.5000000000000002	7.4955348016638155
2	2	-1	10	10000000	1.7000000000000002	7.512709321695963
2	2	-1	10	10000000	1.9000000000000001	7.516618224888059
2	2	-1	10	10000000	2.1	7.513348685109178
2	2	-1	10	10000000	2.3000000000000003	7.506126724969396
2	2	-1	10	10000000	2.5000000000000004	7.496677254282979
2	2	-1	10	10000000	2.7	7.485874128740923
2	2	-1	10	10000000	2.9000000000000004	7.474186596422596
2	2	-1	10	10000000	3.1	7.4618765839065855
2	2	-1	10	10000000	3.3000000000000003	7.4491061146308715
2	2	-1	10	10000000	3.5000000000000004	7.436014990694317
2	2	-1	10	10000000	3.7	7.422743242081318
2	2	-1	10	10000000	3.9000000000000004	7.409443705515732
2	2	-1	10	10000000	4.5	7.371141708916597
2	2	-1	10	10000000	5	7.344017761292503
2	2	-1	10	10000000	5.5	7.324582563155467
2	2	-1	10	10000000	6	7.3149411599608944
2	2	-1	10	10000000	6.5	7.313369471710681
2	2	-1	10	10000000	7	7.308429217679103
2	2	-1	10	10000000	7.5	7.268660205887803
2	2	-1	10	10000000	8	7.129550256709309
2	2	-1	10	10000000	8.5	6.802129473315471
2	2	-1	10	10000000	9	6.303360501989279
2	2	-1	10	10000000	9.5	5.8595654563034545
2	2	-1	10	10000000	10	5.578748326394262
2	2	-1	10	10000000	10.5	5.401782599696907
2	2	-1	10	10000000	11	5.273245652655494
2	2	-1	10	10000000	11.5	5.167060321797541
2	2	-1	10	10000000	12	5.072069866170913
2	2	-1	20	-10000000	0.1	7.599733454997448
2	2	-1	20	-10000000	0.30000000000000004	7.886375445448159
2	2	-1	20	-10000000	0.5	9.398923147204929
2	2	-1	20	-10000000	0.7000000000000001	10.578013291995562
2	2	-1	20	-10000000	0.9	10.477722759123617
2	2	-1	20	-10000000	1.1	9.76083474623604
2	2	-1	20	-10000000	1.3000000000000003	8.916750594481847
2	2	-1	20	-10000000	1.5000000000000002	8.622886090741023
2	2	-1	20	-10000000	1.7000000000000002	10.211225617700057
2	2	-1	20	-10000000	1.9000000000000001	10.546395392770064
2	2	-1	20	-10000000	2.1	10.637380848418129
2	2	-1	20	-10000000	2.3000000000000003	10.67320113591098
2	2	-1	20	-10000000	2.5000000000000004	10.687666797375927
2	2	-1	20	-10000000	2.7	10.691133462160883
2	2	-1	20	-10000000	2.9000000000000004	10.687710740448697
2	2	-1	20	-10000000	3.1	10.679316362097456
2	2	-1	20	-10000000	3.3000000000000003	10.666971546869357
2	2	-1	20	-10000000	3.5000000000000004	10.651301210417634
2	2	-1	20	-10000000	3.7	10.632752995047472
2	2	-1	20	-10000000	3.9000000000000004	10.611700719084016
2	2	-1	20	-10000000	4.5	10.537042416824445
2	2	-1	20	-10000000	5	10.46711785896992
2	2	-1	20	-10000000	5.5	10.396571061642366
2	2	-1	20	-10000000	6	10.331004524710682
2	2	-1	20	-10000000	6.5	10.274413231493211
2	2	-1	20	-10000000	7	10.227487184614482
2	2	-1	20	-10000000	7.5	10.185971008198623
2	2	-1	20	-10000000	8	10.140576306711392
2	2	-1	20	-10000000	8.5	10.079678191190274
2	2	-1	20	-10000000	9	9.993595179722432
2	2	-1	20	-10000000	9.5	9.877437418146688
2	2	-1	20	-10000000	10	9.731133963034743
2	2	-1	20	-10000000	10.5	9.557807967205651
2	2	-1	20	-10000000	11	9.362102768029334
2	2	-1	20	-10000000	11.5	9.149109911449669
2	2	-1	20	-10000000	12	8.923828177401155
2	2	-1	20	-5000000	0.1	8.869957703270154
2	2	-1	20	-5000000	0.30000000000000004	9.12286045956616
2	2	-1	20	-5000000	0.5	9.539237268954416
2	2	-1	20	-5000000	0.7000000000000001	9.961367686452226
2	2	-1	20	-5000000	0.9	10.250432502431096
2	2	-1	20	-5000000	1.1	10.421807368155964
2	2	-1	20	-5000000	1.3000000000000003	10.521207750561283
2	2	-1	20	-5000000	1.5000000000000002	10.579382402881388
2	2	-1	20	-5000000	1.7000000000000002	10.613516290629267
2	2	-1	20	-5000000	1.9000000000000001	10.633215462175704
2	2	-1	20	-5000000	2.1	10.643887302430961
2	2	-1	20	-5000000	2.3000000000000003	10.64866269403242
2	2	-1	20	-5000000	2.5000000000000004	10.649392099343256
2	2	-1	20	-5000000	2.7	10.647171108986688
2	2	-1	20	-5000000	2.9000000000000004	10.642646600077082
2	2	-1	20	-5000000	3.1	10.636193892339538
2	2	-1	20	-5000000	3.3000000000000003	10.628025682054252
2	2	-1	20	-5000000	3.5000000000000004	10.618260080789257
2	2	-1	20	-5000000	3.7	10.606963855642322
2	2	-1	20	-5000000	3.9000000000000004	10.594181315687884
2	2	-1	20	-5000000	4.5	10.547398323501126
2	2	-1	20	-5000000	5	10.500091328791187
2	2	-1	20	-5000000	5.5	10.448104429203257
2	2	-1	20	-5000000	6	10.395988469248568
2	2	-1	20	-5000000	6.5	10.349733610939168
2	2	-1	20	-5000000	7	10.315179106595961
2	2	-1	20	-5000000	7.5	10.294845628910709
2	2	-1	20	-5000000	8	10.284526349718782
2	2	-1	20	-5000000	8.5	10.273004611224044
2	2	-1	20	-5000000	9	10.24678862422102
2	2	-1	20	-5000000	9.5	10.196173347661096
2	2	-1	20	-5000000	10	10.117621012197256
2	2	-1	20	-5000000	10.5	10.012276996793572
2	2	-1	20	-5000000	11	9.883474624648482
2	2	-1	20	-5000000	11.5	9.735017230535501
2	2	-1	20	-5000000	12	9.570418604678943
2	2	-1	20	0	0.1	9.92294575538844
2	2	-1	20	0	0.30000000000000004	10.039198888509828
2	2	-1	20	0	0.5	10.146585351573323
2	2	-1	20	0	0.7000000000000001	10.240653696076249
2	2	-1	20	0	0.9	10.319320919145888
2	2	-1	20	0	1.1	10.38232368519082
2	2	-1	20	0	1.3000000000000003	10.430836522820462
2	2	-1	20	0	1.5000000000000002	10.46674375079117
2	2	-1	20	0	1.7000000000000002	10.49221623918145
2	2	-1	20	0	1.9000000000000001	10.50935398956683
2	2	-1	20	0	2.1	10.519955540850264
2	2	-1	20	0	2.3000000000000003	10.525486756910043
2	2	-1	20	0	2.5000000000000004	10.527081434850173
2	2	-1	20	0	2.7	10.525607734556417
2	2	-1	20	0	2.9000000000000004	10.521714809682376
2	2	-1	20	0	3.1	10.515888736463575
2	2	-1	20	0	3.3000000000000003	10.50849391195317
2	2	-1	20	0	3.5000000000000004	10.499806411587272
2	2	-1	20	0	3.7	10.490038305546687
2	2	-1	20	0	3.9000000000000004	10.479355906433513
2	2	-1	20	0	4.5	10.443041819567679
2	2	-1	20	0	5	10.409206561623979
2	2	-1	20	0	5.5	10.373208585992174
2	2	-1	20	0	6	10.33582129172818
2	2	-1	20	0	6.5	10.297673831483806
2	2	-1	20	0	7	10.259291640659836
2	2	-1	20	0	7.5	10.221122874464726
2	2	-1	20	0	8	10.183554243679643
2	2	-1	20	0	8.5	10.146930049525858
2	2	-1	20	0	9	10.111559291692288
2	2	-1	20	0	9.5	10.077724278383581
2	2	-1	20	0	10	10.045674703222277
2	2	-1	20	0	10.5	10.015621607371713
2	2	-1	20	0	11	9.987717435341224
2	2	-1	20	0	11.5	9.962001326083849
2	2	-1	20	0	12	9.938390088300093
2	2	-1	20	5000000	0.1	9.056091929733181
2	2	-1	20	5000000	0.30000000000000004	9.433814911380901
2	2	-1	20	5000000	0.5	9.6830550973805
2	2	-1	20	5000000	0.7000000000000001	9.857560394804969
2	2	-1	20	5000000	0.9	9.985124344880346
2	2	-1	20	5000000	1.1	10.080954400440922
2	2	-1	20	5000000	1.3000000000000003	10.154239029834407
2	2	-1	20	5000000	1.5000000000000002	10.210858605147763
2	2	-1	20	5000000	1.7000000000000002	10.254575068882918
2	2	-1	20	5000000	1.9000000000000001	10.287850121501258
2	2	-1	20	5000000	2.1	10.312309918372824
2	2	-1	20	5000000	2.3000000000000003	10.32906393624141
2	2	-1	20	5000000	2.5000000000000004	10.338848989766975
2	2	-1	20	5000000	2.7	10.342265323910402
2	2	-1	20	5000000	2.9000000000000004	10.33981844991074
2	2	-1	20	5000000	3.1	10.331961606732522
2	2	-1	20	5000000	3.3000000000000003	10.319103809303332
2	2	-1	20	5000000	3.5000000000000004	10.301702946098569
2	2	-1	20	5000000	3.7	10.280148377498644
2	2	-1	20	5000000	3.9000000000000004	10.254829143907136
2	2	-1	20	5000000	4.5	10.159786479913826
2	2	-1	20	5000000	5	10.063019237307165
2	2	-1	20	5000000	5.5	9.953892537733381
2	2	-1	20	5000000	6	9.834695598163607
2	2	-1	20	5000000	6.5	9.706972626165348
2	2	-1	20	5000000	7	9.571794884322138
2	2	-1	20	5000000	7.5	9.429908362976741
2	2	-1	20	5000000	8	9.281864347027515
2	2	-1	20	5000000	8.5	9.128109135579987
2	2	-1	20	5000000	9	8.969004900442936
2	2	-1	20	5000000	9.5	8.804874148478442
2	2	-1	20	5000000	10	8.636035205705879
2	2	-1	20	5000000	10.5	8.462857508802246
2	2	-1	20	5000000	11	8.285821801447748
2	2	-1	20	5000000	11.5	8.10543625370232
2	2	-1	20	5000000	12	7.922438599548669
2	2	-1	20	10000000	0.1	7.605981011307191
2	2	-1	20	10000000	0.30000000000000004	7.953655377728318
2	2	-1	20	10000000	0.5	8.191865142472233
2	2	-1	20	10000000	0.7000000000000001	8.277659907473831
2	2	-1	20	10000000	0.9	8.834419313965673
2	2	-1	20	10000000	1.1	9.334067594722619
2	2	-1	20	10000000	1.3000000000000003	9.601777401080806
2	2	-1	20	10000000	1.5000000000000002	9.74984419881911
2	2	-1	20	10000000	1.7000000000000002	9.841829449044454
2	2	-1	20	10000000	1.9000000000000001	9.905793305702122
2	2	-1	20	10000000	2.1	9.95435607067744
2	2	-1	20	10000000	2.3000000000000003	9.99334221057685
2	2	-1	20	10000000	2.5000000000000004	10.02547238888078
2	2	-1	20	10000000	2.7	10.052049562349328
2	2	-1	20	10000000	2.9000000000000004	10.07369533127205
2	2	-1	20	10000000	3.1	10.090839898340157
2	2	-1	20	10000000	3.3000000000000003	10.10389290906177
2	2	-1	20	10000000	3.5000000000000004	10.11337249152926
2	2	-1	20	10000000	3.7	10.119687284357854
2	2	-1	20	10000000	3.9000000000000004	10.123712511391627
2	2	-1	20	10000000	4.5	10.12857895246003
2	2	-1	20	10000000	5	10.135661310235545
2	2	-1	20	10000000	5.5	10.157707193885793
2	2	-1	20	10000000	6	10.204215962204044
2	2	-1	20	10000000	6.5	10.27923207753539
2	2	-1	20	10000000	7	10.37419053027708
2	2	-1	20	10000000	7.5	10.457116074944397
2	2	-1	20	10000000	8	10.461473688293589
2	2	-1	20	10000000	8.5	10.272718941051773
2	2	-1	20	10000000	9	9.714930495636262
2	2	-1	20	10000000	9.5	8.70464749883441
2	2	-1	20	10000000	10	7.684427165543573
2	2	-1	20	10000000	10.5	7.061043694513867
2	2	-1	20	10000000	11	6.714487599402264
2	2	-1	20	10000000	11.5	6.488152635111424
2	2	-1	20	10000000	12	6.312357871832288
2	2	-1	30	-10000000	0.1	13.30114482622189
2	2	-1	30	-10000000	0.30000000000000004	13.501780664642531
2	2	-1	30	-10000000	0.5	13.52396430731086
2	2	-1	30	-10000000	0.7000000000000001	13.32309773496577
2	2	-1	30	-10000000	0.9	12.759942028565739
2	2	-1	30	-10000000	1.1	11.690991965395506
2	2	-1	30	-10000000	1.3000000000000003	10.401616528370242
2	2	-1	30	-10000000	1.5000000000000002	9.525855522585996
2	2	-1	30	-10000000	1.7000000000000002	9.114540242781231
2	2	-1	30	-10000000	1.9000000000000001	9.890069979881318
2	2	-1	30	-10000000	2.1	12.116741250026342
2	2	-1	30	-10000000	2.3000000000000003	12.275751509987968
2	2	-1	30	-10000000	2.5000000000000004	12.318055159355628
2	2	-1	30	-10000000	2.7	12.332295041305862
2	2	-1	30	-10000000	2.9000000000000004	12.333505485785858
2	2	-1	30	-10000000	3.1	12.326511774404612
2	2	-1	30	-10000000	3.3000000000000003	12.313458128187685
2	2	-1	30	-10000000	3.5000000000000004	12.295542446322845
2	2	-1	30	-10000000	3.7	12.273580047170844
2	2	-1	30	-10000000	3.9000000000000004	12.248226310787548
2	2	-1	30	-10000000	4.5	12.157685595028903
2	2	-1	30	-10000000	5	12.074295862159126
2	2	-1	30	-10000000	5.5	11.99332331184959
2	2	-1	30	-10000000	6	11.922706774897902
2	2	-1	30	-10000000	6.5	11.867236844698878
2	2	-1	30	-10000000	7	11.825718803913457
2	2	-1	30	-10000000	7.5	11.788790326488787
2	2	-1	30	-10000000	8	11.740190950120736
2	2	-1	30	-10000000	8.5	11.662506386862965
2	2	-1	30	-10000000	9	11.543741892843771
2	2	-1	30	-10000000	9.5	11.38006319518507
2	2	-1	30	-10000000	10	11.17431753891824
2	2	-1	30	-10000000	10.5	10.933093049102718
2	2	-1	30	-10000000	11	10.664391985160188
2	2	-1	30	-10000000	11.5	10.376324000681848
2	2	-1	30	-10000000	12	10.076470501001886
2	2	-1	30	-5000000	0.1	11.076532782430421
2	2	-1	30	-5000000	0.30000000000000004	10.716669401684198
2	2	-1	30	-5000000	0.5	10.362313204390643
2	2	-1	30	-5000000	0.7000000000000001	10.106924936025063
2	2	-1	30	-5000000	0.9	10.644993622184822
2	2	-1	30	-5000000	1.1	11.795069930231795
2	2	-1	30	-5000000	1.3000000000000003	12.078125823141336
2	2	-1	30	-5000000	1.5000000000000002	12.19236550970022
2	2	-1	30	-5000000	1.7000000000000002	12.253634393348653
2	2	-1	30	-5000000	1.9000000000000001	12.289735707392412
2	2	-1	30	-5000000	2.1	12.31132443855776
2	2	-1	30	-5000000	2.3000000000000003	12.323565489950473
2	2	-1	30	-5000000	2.5000000000000004	12.32928600881824
2	2	-1	30	-5000000	2.7	12.330133053489924
2	2	-1	30	-5000000	2.9000000000000004	12.32709793000236
2	2	-1	30	-5000000	3.1	12.320787476687231
2	2	-1	30	-5000000	3.3000000000000003	12.311578329203238
2	2	-1	30	-5000000	3.5000000000000004	12.29971007156761
2	2	-1	30	-5000000	3.7	12.285344408305965
2	2	-1	30	-5000000	3.9000000000000004	12.268604518812042
2	2	-1	30	-5000000	4.5	12.205324857685547
2	2	-1	30	-5000000	5	12.140124716454416
2	2	-1	30	-5000000	5.5	12.068335340818482
2	2	-1	30	-5000000	6	11.9973493296643
2	2	-1	30	-5000000	6.5	11.937130362344666
2	2	-1	30	-5000000	7	11.897374190250005
2	2	-1	30	-5000000	7.5	11.881298325535036
2	2	-1	30	-5000000	8	11.87954664026135
2	2	-1	30	-5000000	8.5	11.871822136475481
2	2	-1	30	-5000000	9	11.837347907457973
2	2	-1	30	-5000000	9.5	11.764109969962231
2	2	-1	30	-5000000	10	11.649848525123627
2	2	-1	30	-5000000	10.5	11.498198330179811
2	2	-1	30	-5000000	11	11.31478797583137
2	2	-1	30	-5000000	11.5	11.105238202237
2	2	-1	30	-5000000	12	10.874490614384563
2	2	-1	30	0	0.1	11.319547696531867
2	2	-1	30	0	0.30000000000000004	11.52688131030095
2	2	-1	30	0	0.5	11.679980162315008
2	2	-1	30	0	0.7000000000000001	11.808610540706914
2	2	-1	30	0	0.9	11.916909214396943
2	2	-1	30	0	1.1	12.005961240480781
2	2	-1	30	0	1.3000000000000003	12.077095572723934
2	2	-1	30	0	1.5000000000000002	12.132266734977819
2	2	-1	30	0	1.7000000000000002	12.173809626052824
2	2	-1	30	0	1.9000000000000001	12.20405131398049
2	2	-1	30	0	2.1	12.225094363651534
2	2	-1	30	0	2.3000000000000003	12.238714557260622
2	2	-1	30	0	2.5000000000000004	12.24635172774642
2	2	-1	30	0	2.7	12.249145309131617
2	2	-1	30	0	2.9000000000000004	12.247985888350488
2	2	-1	30	0	3.1	12.243567765551095
2	2	-1	30	0	3.3000000000000003	12.236434085281843
2	2	-1	30	0	3.5000000000000004	12.227013346027366
2	2	-1	30	0	3.7	12.215647949927206
2	2	-1	30	0	3.9000000000000004	12.202615602054406
2	2	-1	30	0	4.5	12.155629230661937
2	2	-1	30	0	5	12.109776752091133
2	2	-1	30	0	5.5	12.059776184861638
2	2	-1	30	0	6	12.006975498605328
2	2	-1	30	0	6.5	11.952430820606347
2	2	-1	30	0	7	11.896987226662636
2	2	-1	30	0	7.5	11.84133072666418
2	2	-1	30	0	8	11.786028195426725
2	2	-1	30	0	8.5	11.73155865434527
2	2	-1	30	0	9	11.67833912790379
2	2	-1	30	0	9.5	11.626746613993975
2	2	-1	30	0	10	11.577131472908064
2	2	-1	30	0	10.5	11.529821404124176
2	2	-1	30	0	11	11.485108228159882
2	2	-1	30	0	11.5	11.443231590979963
2	2	-1	30	0	12	11.404300832666863
2	2	-1	30	5000000	0.1	10.795004108862607
2	2	-1	30	5000000	0.30000000000000004	10.324112151806613
2	2	-1	30	5000000	0.5	10.30624886613517
2	2	-1	30	5000000	0.7000000000000001	11.276484434054346
2	2	-1	30	5000000	0.9	11.533866942868084
2	2	-1	30	5000000	1.1	11.687556689957406
2	2	-1	30	5000000	1.3000000000000003	11.800067337981064
2	2	-1	30	5000000	1.5000000000000002	11.887764739861463
2	2	-1	30	5000000	1.7000000000000002	11.95727734138538
2	2	-1	30	5000000	1.9000000000000001	12.01193507194547
2	2	-1	30	5000000	2.1	12.05362890917333
2	2	-1	30	5000000	2.3000000000000003	12.083583287772816
2	2	-1	30	5000000	2.5000000000000004	12.102724556772692
2	2	-1	30	5000000	2.7	12.111858494359671
2	2	-1	30	5000000	2.9000000000000004	12.111757564327155
2	2	-1	30	5000000	3.1	12.103191901043862
2	2	-1	30	5000000	3.3000000000000003	12.086930742779924
2	2	-1	30	5000000	3.5000000000000004	12.063734611665389
2	2	-1	30	5000000	3.7	12.034308799796499
2	2	-1	30	5000000	3.9000000000000004	11.999343240536325
2	2	-1	30	5000000	4.5	11.867107431124271
2	2	-1	30	5000000	5	11.732553538261591
2	2	-1	30	5000000	5.5	11.581538049946687
2	2	-1	30	5000000	6	11.417593439771146
2	2	-1	30	5000000	6.5	11.243096076031387
2	2	-1	30	5000000	7	11.059671178102892
2	2	-1	30	5000000	7.5	10.86846029740536
2	2	-1	30	5000000	8	10.670288797378433
2	2	-1	30	5000000	8.5	10.465762853220923
2	2	-1	30	5000000	9	10.255332033620894
2	2	-1	30	5000000	9.5	10.03934637773556
2	2	-1	30	5000000	10	9.818109080495518
2	2	-1	30	5000000	10.5	9.5919331221039
2	2	-1	30	5000000	11	9.361219481094027
2	2	-1	30	5000000	11.5	9.126495131289618
2	2	-1	30	5000000	12	8.888590013856028
2	2	-1	30	10000000	0.1	12.654551765815187
2	2	-1	30	10000000	0.30000000000000004	12.264559716719837
2	2	-1	30	10000000	0.5	11.5548944405222
2	2	-1	30	10000000	0.7000000000000001	10.642924270911278
2	2	-1	30	10000000	0.9	9.767651977564958
2	2	-1	30	10000000	1.1	9.304297306494828
2	2	-1	30	10000000	1.3000000000000003	10.871689878879598
2	2	-1	30	10000000	1.5000000000000002	11.327295399292987
2	2	-1	30	10000000	1.7000000000000002	11.514288467804318
2	2	-1	30	10000000	1.9000000000000001	11.633525444558611
2	2	-1	30	10000000	2.1	11.72391293947868
2	2	-1	30	10000000	2.3000000000000003	11.797563618816739
2	2	-1	30	10000000	2.5000000000000004	11.859024787547849
2	2	-1	30	10000000	2.7	11.910251004580152
2	2	-1	30	10000000	2.9000000000000004	11.952283859934624
2	2	-1	30	10000000	3.1	11.98596752372679
2	2	-1	30	10000000	3.3000000000000003	12.012211608275154
2	2	-1	30	10000000	3.5000000000000004	12.03205652334159
2	2	-1	30	10000000	3.7	12.046655442785841
2	2	-1	30	10000000	3.9000000000000004	12.057230723991815
2	2	-1	30	10000000	4.5	12.077246102075883
2	2	-1	30	10000000	5	12.098368426499148
2	2	-1	30	10000000	5.5	12.14202867954466
2	2	-1	30	10000000	6	12.22317834155689
2	2	-1	30	10000000	6.5	12.351686362669378
2	2	-1	30	10000000	7	12.52585040864112
2	2	-1	30	10000000	7.5	12.723344957485402
2	2	-1	30	10000000	8	12.896185685261653
2	2	-1	30	10000000	8.5	12.97554553206473
2	2	-1	30	10000000	9	12.873029696972498
2	2	-1	30	10000000	9.5	12.439478739428877
2	2	-1	30	10000000	10	11.376081970787192
2	2	-1	30	10000000	10.5	9.60819349043288
2	2	-1	30	10000000	11	8.193450373577774
2	2	-1	30	10000000	11.5	7.506807033901172
2	2	-1	30	10000000	12	7.147043618399871
2	2	0	0	-10000000	0.1	4.391493882087968
2	2	0	0	-10000000	0.30000000000000004	4.425794969268861
2	2	0	0	-10000000	0.5	4.486244472405564
2	2	0	0	-10000000	0.7000000000000001	4.5911398551967215
2	2	0	0	-10000000	0.9	4.755385046217544
2	2	0	0	-10000000	1.1	4.9511546781406075
2	2	0	0	-10000000	1.3000000000000003	5.1045302556512215
2	2	0	0	-10000000	1.5000000000000002	5.191533444041546
2	2	0	0	-10000000	1.7000000000000002	5.2369159708669395
2	2	0	0	-10000000	1.9000000000000001	5.262190086997792
2	2	0	0	-10000000	2.1	5.277859132357507
2	2	0	0	-10000000	2.3000000000000003	5.288566378854198
2	2	0	0	-10000000	2.5000000000000004	5.296217218579108
2	2	0	0	-10000000	2.7	5.301870300055222
2	2	0	0	-10000000	2.9000000000000004	5.3059168862683475
2	2	0	0	-10000000	3.1	5.3086178236146955
2	2	0	0	-10000000	3.3000000000000003	5.310053279760471
2	2	0	0	-10000000	3.5000000000000004	5.310238615283341
2	2	0	0	-10000000	3.7	5.309359626426979
2	2	0	0	-10000000	3.9000000000000004	5.307378012009716
2	2	0	0	-10000000	4.5	5.29495175624599
2	2	0	0	-10000000	5	5.277347575446654
2	2	0	0	-10000000	5.5	5.2539309903690885
2	2	0	0	-10000000	6	5.224644405501057
2	2	0	0	-10000000	6.5	5.190152192619575
2	2	0	0	-10000000	7	5.15104768206388
2	2	0	0	-10000000	7.5	5.107605704626547
2	2	0	0	-10000000	8	5.06027396616919
2	2	0	0	-10000000	8.5	5.0094450954133904
2	2	0	0	-10000000	9	4.9555181210331245
2	2	0	0	-10000000	9.5	4.898836849728016
2	2	0	0	-10000000	10	4.839914155428933
2	2	0	0	-10000000	10.5	4.779215157358574
2	2	0	0	-10000000	11	4.717024043570335
2	2	0	0	-10000000	11.5	4.654022619857752
2	2	0	0	-10000000	12	4.590499789462816
2	2	0	0	-5000000	0.1	4.998956353420506
2	2	0	0	-5000000	0.30000000000000004	5.065790748973837
2	2	0	0	-5000000	0.5	5.1242545309489005
2	2	0	0	-5000000	0.7000000000000001	5.169171149805289
2	2	0	0	-5000000	0.9	5.200427999832261
2	2	0	0	-5000000	1.1	5.220927538622565
2	2	0	0	-5000000	1.3000000000000003	5.234214006519087
2	2	0	0	-5000000	1.5000000000000002	5.243227743171949
2	2	0	0	-5000000	1.7000000000000002	5.249716096572695
2	2	0	0	-5000000	1.9000000000000001	5.254745845847905
2	2	0	0	-5000000	2.1	5.258849850180969
2	2	0	0	-5000000	2.3000000000000003	5.262372680620713
2	2	0	0	-5000000	2.5000000000000004	5.265420811010418
2	2	0	0	-5000000	2.7	5.268022648376203
2	2	0	0	-5000000	2.9000000000000004	5.270297339538979
2	2	0	0	-5000000	3.1	5.272173971611017
2	2	0	0	-5000000	3.3000000000000003	5.2736669889816294
2	2	0	0	-5000000	3.5000000000000004	5.2747671053280865
2	2	0	0	-5000000	3.7	5.275496222441108
2	2	0	0	-5000000	3.9000000000000004	5.275729352144796
2	2	0	0	-5000000	4.5	5.273794229661465
2	2	0	0	-5000000	5	5.2685794845427605
2	2	0	0	-5000000	5.5	5.2596986719365875
2	2	0	0	-5000000	6	5.246952454319131
2	2	0	0	-5000000	6.5	5.230188770202111
2	2	0	0	-5000000	7	5.209389367503131
2	2	0	0	-5000000	7.5	5.184640487619863
2	2	0	0	-5000000	8	5.15611602347599
2	2	0	0	-5000000	8.5	5.124041003759125
2	2	0	0	-5000000	9	5.088620189026057
2	2	0	0	-5000000	9.5	5.050127229939471
2	2	0	0	-5000000	10	5.008773381049286
2	2	0	0	-5000000	10.5	4.964796072298062
2	2	0	0	-5000000	11	4.918394941373601
2	2	0	0	-5000000	11.5	4.869808643820981
2	2	0	0	-5000000	12	4.819270296888601
2	2	0	0	0	0.1	5.1624766217431075
2	2	0	0	0	0.30000000000000004	5.177253270620871
2	2	0	0	0	0.5	5.188491927420472
2	2	0	0	0	0.7000000000000001	5.196520991074607
2	2	0	0	0	0.9	5.201661004352263
2	2	0	0	0	1.1	5.20458780655353
2	2	0	0	0	1.3000000000000003	5.2058485890257495
2	2	0	0	0	1.5000000000000002	5.205994021855009
2	2	0	0	0	1.7000000000000002	5.204826775678472
2	2	0	0	0	1.9000000000000001	5.203301606669368
2	2	0	0	0	2.1	5.2012485694363715
2	2	0	0	0	2.3000000000000003	5.198758827918234
2	2	0	0	0	2.5000000000000004	5.1959791556987405
2	2	0	0	0	2.7	5.192802626138248
2	2	0	0	0	2.9000000000000004	5.189605011728785
2	2	0	0	0	3.1	5.186124703729293
2	2	0	0	0	3.3000000000000003	5.182401594646173
2	2	0	0	0	3.5000000000000004	5.178478420702343
2	2	0	0	0	3.7	5.1744043905402615
2	2	0	0	0	3.9000000000000004	5.170151759660614
2	2	0	0	0	4.5	5.156570918736194
2	2	0	0	0	5	5.14445488112285
2	2	0	0	0	5.5	5.1317645571133506
2	2	0	0	0	6	5.118607420362878
2	2	0	0	0	6.5	5.105111360428228
2	2	0	0	0	7	5.091349366911096
2	2	0	0	0	7.5	5.07740073182048
2	2	0	0	0	8	5.06327410426408
2	2	0	0	0	8.5	5.049071834495937
2	2	0	0	0	9	5.034821050465413
2	2	0	0	0	9.5	5.020552894428036
2	2	0	0	0	10	5.006291683887758
2	2	0	0	0	10.5	4.9920514422595845
2	2	0	0	0	11	4.977858067413563
2	2	0	0	0	11.5	4.963729220374448
2	2	0	0	0	12	4.949693681110191
2	2	0	0	5000000	0.1	4.995705127932331
2	2	0	0	5000000	0.30000000000000004	5.047403203918805
2	2	0	0	5000000	0.5	5.08568252670013
2	2	0	0	5000000	0.7000000000000001	5.111731539803954
2	2	0	0	5000000	0.9	5.1278808063779255
2	2	0	0	5000000	1.1	5.136525403786674
2	2	0	0	5000000	1.3000000000000003	5.139650702656043
2	2	0	0	5000000	1.5000000000000002	5.139019944899764
2	2	0	0	5000000	1.7000000000000002	5.135458739310509
2	2	0	0	5000000	1.9000000000000001	5.129909794058843
2	2	0	0	5000000	2.1	5.1228117636912405
2	2	0	0	5000000	2.3000000000000003	5.114490022205442
2	2	0	0	5000000	2.5000000000000004	5.105215132790807
2	2	0	0	5000000	2.7	5.095125689633929
2	2	0	0	5000000	2.9000000000000004	5.084293959376223
2	2	0	0	5000000	3.1	5.072845326195296
2	2	0	0	5000000	3.3000000000000003	5.060836647434826
2	2	0	0	5000000	3.5000000000000004	5.048276940352281
2	2	0	0	5000000	3.7	5.035267571203234
2	2	0	0	5000000	3.9000000000000004	5.0217825942428105
2	2	0	0	5000000	4.5	4.978967645205348
2	2	0	0	5000000	5	4.941189321529592
2	2	0	0	5000000	5.5	4.901617966755741
2	2	0	0	5000000	6	4.860835902450118
2	2	0	0	5000000	6.5	4.81914193306803
2	2	0	0	5000000	7	4.7765314743930265
2	2	0	0	5000000	7.5	4.7332967270475645
2	2	0	0	5000000	8	4.689537461910654
2	2	0	0	5000000	8.5	4.645318411078739
2	2	0	0	5000000	9	4.600647686781263
2	2	0	0	5000000	9.5	4.555509426095042
2	2	0	0	5000000	10	4.5098964940267265
2	2	0	0	5000000	10.5	4.4638572142941335
2	2	0	0	5000000	11	4.417402674241843
2	2	0	0	5000000	11.5	4.370542435657376
2	2	0	0	5000000	12	4.3233281749361865
2	2	0	0	10000000	0.1	4.420097153804227
2	2	0	0	10000000	0.30000000000000004	4.527099850882665
2	2	0	0	10000000	0.5	4.665902088407487
2	2	0	0	10000000	0.7000000000000001	4.808024637673806
2	2	0	0	10000000	0.9	4.918901472278998
2	2	0	0	10000000	1.1	4.988301559339
2	2	0	0	10000000	1.3000000000000003	5.02556249866627
2	2	0	0	10000000	1.5000000000000002	5.042404689239781
2	2	0	0	10000000	1.7000000000000002	5.047189208468214
2	2	0	0	10000000	1.9000000000000001	5.044701504825126
2	2	0	0	10000000	2.1	5.0376822883402905
2	2	0	0	10000000	2.3000000000000003	5.027695472505727
2	2	0	0	10000000	2.5000000000000004	5.015680707077557
2	2	0	0	10000000	2.7	5.002215107336183
2	2	0	0	10000000	2.9000000000000004	4.987682204104244
2	2	0	0	10000000	3.1	4.972336634503545
2	2	0	0	10000000	3.3000000000000003	4.956359621821651
2	2	0	0	10000000	3.5000000000000004	4.939809355953719
2	2	0	0	10000000	3.7	4.922953390089357
2	2	0	0	10000000	3.9000000000000004	4.905770751932366
2	2	0	0	10000000	4.5	4.8527764544200735
2	2	0	0	10000000	5	4.807491571899377
2	2	0	0	10000000	5.5	4.761444015182889
2	2	0	0	10000000	6	4.7147535845271005
2	2	0	0	10000000	6.5	4.667520278879639
2	2	0	0	10000000	7	4.619645324300289
2	2	0	0	10000000	7.5	4.571137070337814
2	2	0	0	10000000	8	4.5219680679497225
2	2	0	0	10000000	8.5	4.472165467545703
2	2	0	0	10000000	9	4.421745140040311
2	2	0	0	10000000	9.5	4.3707531377563695
2	2	0	0	10000000	10	4.319315226856094
2	2	0	0	10000000	10.5	4.267548073217471
2	2	0	0	10000000	11	4.2156156471857145
2	2	0	0	10000000	11.5	4.163709670268961
2	2	0	0	10000000	12	4.111980541421568
2	2	0	5	-10000000	0.1	4.23909227064036
2	2	0	5	-10000000	0.30000000000000004	4.272979344646582
2	2	0	5	-10000000	0.5	4.332735490366642
2	2	0	5	-10000000	0.7000000000000001	4.435784115365583
2	2	0	5	-10000000	0.9	4.595000262607364
2	2	0	5	-10000000	1.1	4.77881617666903
2	2	0	5	-10000000	1.3000000000000003	4.918762654383423
2	2	0	5	-10000000	1.5000000000000002	4.996965870542702
2	2	0	5	-10000000	1.7000000000000002	5.037465072182622
2	2	0	5	-10000000	1.9000000000000001	5.060164515372914
2	2	0	5	-10000000	2.1	5.074297557530854
2	2	0	5	-10000000	2.3000000000000003	5.083880117333652
2	2	0	5	-10000000	2.5000000000000004	5.090829089906925
2	2	0	5	-10000000	2.7	5.0958471550817075
2	2	0	5	-10000000	2.9000000000000004	5.099363061036093
2	2	0	5	-10000000	3.1	5.101598560500608
2	2	0	5	-10000000	3.3000000000000003	5.102671218186725
2	2	0	5	-10000000	3.5000000000000004	5.102629604929586
2	2	0	5	-10000000	3.7	5.101335384033274
2	2	0	5	-10000000	3.9000000000000004	5.099343241476342
2	2	0	5	-10000000	4.5	5.086545449047162
2	2	0	5	-10000000	5	5.069159790956795
2	2	0	5	-10000000	5.5	5.045942294871979
2	2	0	5	-10000000	6	5.017310343310826
2	2	0	5	-10000000	6.5	4.983808229417218
2	2	0	5	-10000000	7	4.9460572583050295
2	2	0	5	-10000000	7.5	4.903938206508787
2	2	0	5	-10000000	8	4.858249557345335
2	2	0	5	-10000000	8.5	4.809287239295281
2	2	0	5	-10000000	9	4.757435061568483
2	2	0	5	-10000000	9.5	4.703084580747327
2	2	0	5	-10000000	10	4.6464775653418915
2	2	0	5	-10000000	10.5	4.58823549259608
2	2	0	5	-10000000	11	4.528516984450382
2	2	0	5	-10000000	11.5	4.46835110915383
2	2	0	5	-10000000	12	4.40754657950347
2	2	0	5	-5000000	0.1	4.815789192720301
2	2	0	5	-5000000	0.30000000000000004	4.878264223056066
2	2	0	5	-5000000	0.5	4.932588617288894
2	2	0	5	-5000000	0.7000000000000001	4.974173012572657
2	2	0	5	-5000000	0.9	5.002851454660622
2	2	0	5	-5000000	1.1	5.0214834759053355
2	2	0	5	-5000000	1.3000000000000003	5.033514997249556
2	2	0	5	-5000000	1.5000000000000002	5.04155032513062
2	2	0	5	-5000000	1.7000000000000002	5.047307288500014
2	2	0	5	-5000000	1.9000000000000001	5.051711565151819
2	2	0	5	-5000000	2.1	5.055282621814816
2	2	0	5	-5000000	2.3000000000000003	5.058327605084032
2	2	0	5	-5000000	2.5000000000000004	5.060870152296336
2	2	0	5	-5000000	2.7	5.0630855179843435
2	2	0	5	-5000000	2.9000000000000004	5.0649396719810555
2	2	0	5	-5000000	3.1	5.0664382909018
2	2	0	5	-5000000	3.3000000000000003	5.067578356483042
2	2	0	5	-5000000	3.5000000000000004	5.068356920726282
2	2	0	5	-5000000	3.7	5.06873201921173
2	2	0	5	-5000000	3.9000000000000004	5.068739609111215
2	2	0	5	-5000000	4.5	5.066081055987081
2	2	0	5	-5000000	5	5.060420652977918
2	2	0	5	-5000000	5.5	5.05139966267422
2	2	0	5	-5000000	6	5.038438370812515
2	2	0	5	-5000000	6.5	5.021790560321344
2	2	0	5	-5000000	7	5.001359608275169
2	2	0	5	-5000000	7.5	4.977047760018991
2	2	0	5	-5000000	8	4.949162310404233
2	2	0	5	-5000000	8.5	4.917952510390941
2	2	0	5	-5000000	9	4.883585959435178
2	2	0	5	-5000000	9.5	4.846365371699966
2	2	0	5	-5000000	10	4.806325904146211
2	2	0	5	-5000000	10.5	4.763872276812109
2	2	0	5	-5000000	11	4.719169880053922
2	2	0	5	-5000000	11.5	4.672363918033223
2	2	0	5	-5000000	12	4.623766575266531
2	2	0	5	0	0.1	4.967681144633471
2	2	0	5	0	0.30000000000000004	4.98121564940263
2	2	0	5	0	0.5	4.991454234542972
2	2	0	5	0	0.7000000000000001	4.998578261738118
2	2	0	5	0	0.9	5.003048796107746
2	2	0	5	0	1.1	5.005355892289678
2	2	0	5	0	1.3000000000000003	5.006063095915263
2	2	0	5	0	1.5000000000000002	5.0056220498377915
2	2	0	5	0	1.7000000000000002	5.004343895388863
2	2	0	5	0	1.9000000000000001	5.002475556730582
2	2	0	5	0	2.1	5.0001693182352325
2	2	0	5	0	2.3000000000000003	4.997503698311483
2	2	0	5	0	2.5000000000000004	4.994548885897351
2	2	0	5	0	2.7	4.9913136980959765
2	2	0	5	0	2.9000000000000004	4.987874519145157
2	2	0	5	0	3.1	4.984219238714819
2	2	0	5	0	3.3000000000000003	4.980365990666098
2	2	0	5	0	3.5000000000000004	4.976340221754653
2	2	0	5	0	3.7	4.9721628632434385
2	2	0	5	0	3.9000000000000004	4.967824985000915
2	2	0	5	0	4.5	4.954035095139396
2	2	0	5	0	5	4.941790105888126
2	2	0	5	0	5.5	4.928994166206
2	2	0	5	0	6	4.915785857433856
2	2	0	5	0	6.5	4.902237285654838
2	2	0	5	0	7	4.888474524900892
2	2	0	5	0	7.5	4.874440297546187
2	2	0	5	0	8	4.860298877145588
2	2	0	5	0	8.5	4.846140043608099
2	2	0	5	0	9	4.831846780530362
2	2	0	5	0	9.5	4.817531855312146
2	2	0	5	0	10	4.8032417017035645
2	2	0	5	0	10.5	4.788970096937448
2	2	0	5	0	11	4.774730938958471
2	2	0	5	0	11.5	4.760551899934986
2	2	0	5	0	12	4.746446621031776
2	2	0	5	5000000	0.1	4.812471387349274
2	2	0	5	5000000	0.30000000000000004	4.860392543670919
2	2	0	5	5000000	0.5	4.8955666364167065
2	2	0	5	5000000	0.7000000000000001	4.919310258824453
2	2	0	5	5000000	0.9	4.9337784908285895
2	2	0	5	5000000	1.1	4.941257427631084
2	2	0	5	5000000	1.3000000000000003	4.943643868370611
2	2	0	5	5000000	1.5000000000000002	4.94239988268679
2	2	0	5	5000000	1.7000000000000002	4.938560998069403
2	2	0	5	5000000	1.9000000000000001	4.932817016628318
2	2	0	5	5000000	2.1	4.925651927452388
2	2	0	5	5000000	2.3000000000000003	4.917376461073879
2	2	0	5	5000000	2.5000000000000004	4.908188290514533
2	2	0	5	5000000	2.7	4.898245771077587
2	2	0	5	5000000	2.9000000000000004	4.88764289969948
2	2	0	5	5000000	3.1	4.876450776326473
2	2	0	5	5000000	3.3000000000000003	4.864724218851664
2	2	0	5	5000000	3.5000000000000004	4.852508836253388
2	2	0	5	5000000	3.7	4.839847577914472
2	2	0	5	5000000	3.9000000000000004	4.826764858060327
2	2	0	5	5000000	4.5	4.785330601100908
2	2	0	5	5000000	5	4.748723770396617
2	2	0	5	5000000	5.5	4.710591868330674
2	2	0	5	5000000	6	4.671273236662388
2	2	0	5	5000000	6.5	4.6310461718161395
2	2	0	5	5000000	7	4.590068796855682
2	2	0	5	5000000	7.5	4.548482866681275
2	2	0	5	5000000	8	4.50642240790876
2	2	0	5	5000000	8.5	4.463886954124754
2	2	0	5	5000000	9	4.420914087527901
2	2	0	5	5000000	9.5	4.37750248490769
2	2	0	5	5000000	10	4.33366125183504
2	2	0	5	5000000	10.5	4.289401168846948
2	2	0	5	5000000	11	4.244709368419741
2	2	0	5	5000000	11.5	4.199615148288905
2	2	0	5	5000000	12	4.154145884821876
2	2	0	5	10000000	0.1	4.266565070168852
2	2	0	5	10000000	0.30000000000000004	4.369970613942216
2	2	0	5	10000000	0.5	4.502970915981961
2	2	0	5	10000000	0.7000000000000001	4.637176700267388
2	2	0	5	10000000	0.9	4.740313476052526
2	2	0	5	10000000	1.1	4.803732336299562
2	2	0	5	10000000	1.3000000000000003	4.837206442855478
2	2	0	5	10000000	1.5000000000000002	4.851920917618276
2	2	0	5	10000000	1.7000000000000002	4.855524039582607
2	2	0	5	10000000	1.9000000000000001	4.85244178410917
2	2	0	5	10000000	2.1	4.845188037084169
2	2	0	5	10000000	2.3000000000000003	4.835213739185964
2	2	0	5	10000000	2.5000000000000004	4.823377828654117
2	2	0	5	10000000	2.7	4.810205695215571
2	2	0	5	10000000	2.9000000000000004	4.796059699942699
2	2	0	5	10000000	3.1	4.781168382708123
2	2	0	5	10000000	3.3000000000000003	4.7656989325695545
2	2	0	5	10000000	3.5000000000000004	4.749770850697204
2	2	0	5	10000000	3.7	4.733480102644754
2	2	0	5	10000000	3.9000000000000004	4.71689466551452
2	2	0	5	10000000	4.5	4.66585512619441
2	2	0	5	10000000	5	4.622302262457064
2	2	0	5	10000000	5.5	4.578070684066261
2	2	0	5	10000000	6	4.533304951125088
2	2	0	5	10000000	6.5	4.487971716296707
2	2	0	5	10000000	7	4.442091615719905
2	2	0	5	10000000	7.5	4.395601977968298
2	2	0	5	10000000	8	4.348498522775976
2	2	0	5	10000000	8.5	4.300764391587602
2	2	0	5	10000000	9	4.252418153958238
2	2	0	5	10000000	9.5	4.20351325741875
2	2	0	5	10000000	10	4.154132041168225
2	2	0	5	10000000	10.5	4.104400769632828
2	2	0	5	10000000	11	4.054490888274572
2	2	0	5	10000000	11.5	4.004515160850945
2	2	0	5	10000000	12	3.9546718536550878
2	2	0	10	-10000000	0.1	5.322318737292802
2	2	0	10	-10000000	0.30000000000000004	5.3801957571481385
2	2	0	10	-10000000	0.5	5.481494044642788
2	2	0	10	-10000000	0.7000000000000001	5.653926437184792
2	2	0	10	-10000000	0.9	5.91152407801431
2	2	0	10	-10000000	1.1	6.191827510303364
2	2	0	10	-10000000	1.3000000000000003	6.393319174711977
2	2	0	10	-10000000	1.5000000000000002	6.503702139942389
2	2	0	10	-10000000	1.7000000000000002	6.561454575432411
2	2	0	10	-10000000	1.9000000000000001	6.594250550322663
2	2	0	10	-10000000	2.1	6.615008214852453
2	2	0	10	-10000000	2.3000000000000003	6.629319663552715
2	2	0	10	-10000000	2.5000000000000004	6.639610148715277
2	2	0	10	-10000000	2.7	6.647019036998433
2	2	0	10	-10000000	2.9000000000000004	6.6521531748590155
2	2	0	10	-10000000	3.1	6.655073336503855
2	2	0	10	-10000000	3.3000000000000003	6.656527269751766
2	2	0	10	-10000000	3.5000000000000004	6.65597607082341
2	2	0	10	-10000000	3.7	6.653677960585151
2	2	0	10	-10000000	3.9000000000000004	6.649668657434866
2	2	0	10	-10000000	4.5	6.627642984609204
2	2	0	10	-10000000	5	6.598298985162676
2	2	0	10	-10000000	5.5	6.559612800932758
2	2	0	10	-10000000	6	6.512320156151511
2	2	0	10	-10000000	6.5	6.457172019683128
2	2	0	10	-10000000	7	6.395120656991523
2	2	0	10	-10000000	7.5	6.326733525524751
2	2	0	10	-10000000	8	6.252614859732662
2	2	0	10	-10000000	8.5	6.173610199924622
2	2	0	10	-10000000	9	6.090283562933653
2	2	0	10	-10000000	9.5	6.003263267315921
2	2	0	10	-10000000	10	5.913216615115003
2	2	0	10	-10000000	10.5	5.820827566580106
2	2	0	10	-10000000	11	5.72680568594133
2	2	0	10	-10000000	11.5	5.631829913208099
2	2	0	10	-10000000	12	5.536577936751187
2	2	0	10	-5000000	0.1	6.2198147876090415
2	2	0	10	-5000000	0.30000000000000004	6.316015295604887
2	2	0	10	-5000000	0.5	6.398711583886511
2	2	0	10	-5000000	0.7000000000000001	6.461286181243995
2	2	0	10	-5000000	0.9	6.50408400023427
2	2	0	10	-5000000	1.1	6.531678239768513
2	2	0	10	-5000000	1.3000000000000003	6.5493348934585764
2	2	0	10	-5000000	1.5000000000000002	6.561060535675149
2	2	0	10	-5000000	1.7000000000000002	6.569374318745028
2	2	0	10	-5000000	1.9000000000000001	6.5757323276868656
2	2	0	10	-5000000	2.1	6.580852474819233
2	2	0	10	-5000000	2.3000000000000003	6.585144387007674
2	2	0	10	-5000000	2.5000000000000004	6.588798002548005
2	2	0	10	-5000000	2.7	6.591884611727406
2	2	0	10	-5000000	2.9000000000000004	6.594393865059994
2	2	0	10	-5000000	3.1	6.596700624953347
2	2	0	10	-5000000	3.3000000000000003	6.597970766245828
2	2	0	10	-5000000	3.5000000000000004	6.59889522292655
2	2	0	10	-5000000	3.7	6.599125713054041
2	2	0	10	-5000000	3.9000000000000004	6.598743458648325
2	2	0	10	-5000000	4.5	6.593387955652787
2	2	0	10	-5000000	5	6.583350730482422
2	2	0	10	-5000000	5.5	6.567715089505557
2	2	0	10	-5000000	6	6.546077454378344
2	2	0	10	-5000000	6.5	6.518281528241429
2	2	0	10	-5000000	7	6.484317119420254
2	2	0	10	-5000000	7.5	6.444369602091166
2	2	0	10	-5000000	8	6.3987450988027
2	2	0	10	-5000000	8.5	6.347818357629616
2	2	0	10	-5000000	9	6.292009242321883
2	2	0	10	-5000000	9.5	6.231727122073703
2	2	0	10	-5000000	10	6.167365067447851
2	2	0	10	-5000000	10.5	6.099195511383742
2	2	0	10	-5000000	11	6.027691467328236
2	2	0	10	-5000000	11.5	5.953165767574477
2	2	0	10	-5000000	12	5.875955405499436
2	2	0	10	0	0.1	6.449129888279097
2	2	0	10	0	0.30000000000000004	6.4695620936497
2	2	0	10	0	0.5	6.484674088148885
2	2	0	10	0	0.7000000000000001	6.4948136263404175
2	2	0	10	0	0.9	6.500714514175712
2	2	0	10	0	1.1	6.503273795212082
2	2	0	10	0	1.3000000000000003	6.503360146972737
2	2	0	10	0	1.5000000000000002	6.501690216732719
2	2	0	10	0	1.7000000000000002	6.498776597739829
2	2	0	10	0	1.9000000000000001	6.494991829040886
2	2	0	10	0	2.1	6.490525267705266
2	2	0	10	0	2.3000000000000003	6.485574381744348
2	2	0	10	0	2.5000000000000004	6.4801836628542295
2	2	0	10	0	2.7	6.474420931945258
2	2	0	10	0	2.9000000000000004	6.468331514488233
2	2	0	10	0	3.1	6.4619370498833435
2	2	0	10	0	3.3000000000000003	6.45526264505719
2	2	0	10	0	3.5000000000000004	6.4483327870950635
2	2	0	10	0	3.7	6.441155360337482
2	2	0	10	0	3.9000000000000004	6.433759836389007
2	2	0	10	0	4.5	6.410399156446775
2	2	0	10	0	5	6.389805394068151
2	2	0	10	0	5.5	6.368398419834472
2	2	0	10	0	6	6.346520960454264
2	2	0	10	0	6.5	6.323906215663095
2	2	0	10	0	7	6.301085114210728
2	2	0	10	0	7.5	6.278008048136904
2	2	0	10	0	8	6.254610131526692
2	2	0	10	0	8.5	6.231428146291936
2	2	0	10	0	9	6.208049981883169
2	2	0	10	0	9.5	6.1846830078041615
2	2	0	10	0	10	6.161231219104433
2	2	0	10	0	10.5	6.138104276542948
2	2	0	10	0	11	6.114948515090772
2	2	0	10	0	11.5	6.091899712495086
2	2	0	10	0	12	6.069009288966414
2	2	0	10	5000000	0.1	6.213511926455006
2	2	0	10	5000000	0.30000000000000004	6.285574436801593
2	2	0	10	5000000	0.5	6.337699031258772
2	2	0	10	5000000	0.7000000000000001	6.37216567665901
2	2	0	10	5000000	0.9	6.392468334939375
2	2	0	10	5000000	1.1	6.402103382285259
2	2	0	10	5000000	1.3000000000000003	6.4040162505518525
2	2	0	10	5000000	1.5000000000000002	6.400405768359221
2	2	0	10	5000000	1.7000000000000002	6.39292186736294
2	2	0	10	5000000	1.9000000000000001	6.38249327665106
2	2	0	10	5000000	2.1	6.37006872711933
2	2	0	10	5000000	2.3000000000000003	6.355905514970744
2	2	0	10	5000000	2.5000000000000004	6.3403443022723796
2	2	0	10	5000000	2.7	6.323836321667914
2	2	0	10	5000000	2.9000000000000004	6.306071634606324
2	2	0	10	5000000	3.1	6.287531417273079
2	2	0	10	5000000	3.3000000000000003	6.268209882649859
2	2	0	10	5000000	3.5000000000000004	6.248119757459526
2	2	0	10	5000000	3.7	6.227379257647246
2	2	0	10	5000000	3.9000000000000004	6.206023428986475
2	2	0	10	5000000	4.5	6.1387063070124235
2	2	0	10	5000000	5	6.079542868659784
2	2	0	10	5000000	5.5	6.018272968120073
2	2	0	10	5000000	6	5.955290299342568
2	2	0	10	5000000	6.5	5.891061957770204
2	2	0	10	5000000	7	5.825976705293362
2	2	0	10	5000000	7.5	5.760192555080251
2	2	0	10	5000000	8	5.693870534129784
2	2	0	10	5000000	8.5	5.627017185104009
2	2	0	10	5000000	9	5.559698543059315
2	2	0	10	5000000	9.5	5.491922156308013
2	2	0	10	5000000	10	5.423686289227705
2	2	0	10	5000000	10.5	5.354991529430567
2	2	0	10	5000000	11	5.2858479422261
2	2	0	10	5000000	11.5	5.21628276668868
2	2	0	10	5000000	12	5.146341823402137
2	2	0	10	10000000	0.1	5.365652979008274
2	2	0	10	10000000	0.30000000000000004	5.5319482200260515
2	2	0	10	10000000	0.5	5.74222131107518
2	2	0	10	10000000	0.7000000000000001	5.948498498160189
2	2	0	10	10000000	0.9	6.101907178488505
2	2	0	10	10000000	1.1	6.193766053631121
2	2	0	10	10000000	1.3000000000000003	6.240534835146124
2	2	0	10	10000000	1.5000000000000002	6.2595572230134655
2	2	0	10	10000000	1.7000000000000002	6.262214275996554
2	2	0	10	10000000	1.9000000000000001	6.255065047060377
2	2	0	10	10000000	2.1	6.241797173248818
2	2	0	10	10000000	2.3000000000000003	6.22453243277757
2	2	0	10	10000000	2.5000000000000004	6.204506753302884
2	2	0	10	10000000	2.7	6.182584819253076
2	2	0	10	10000000	2.9000000000000004	6.15925984994169
2	2	0	10	10000000	3.1	6.134843460856122
2	2	0	10	10000000	3.3000000000000003	6.109586036285941
2	2	0	10	10000000	3.5000000000000004	6.083684683467598
2	2	0	10	10000000	3.7	6.057285252553679
2	2	0	10	10000000	3.9000000000000004	6.030496102130008
2	2	0	10	10000000	4.5	5.948504741935806
2	2	0	10	10000000	5	5.8789748014014
2	2	0	10	10000000	5.5	5.808723943015412
2	2	0	10	10000000	6	5.737889790213371
2	2	0	10	10000000	6.5	5.666498772770962
2	2	0	10	10000000	7	5.594494908530716
2	2	0	10	10000000	7.5	5.521825917162827
2	2	0	10	10000000	8	5.448453643443249
2	2	0	10	10000000	8.5	5.374362557803147
2	2	0	10	10000000	9	5.299581146699637
2	2	0	10	10000000	9.5	5.224185462196214
2	2	0	10	10000000	10	5.148304745853607
2	2	0	10	10000000	10.5	5.072115087531353
2	2	0	10	10000000	11	4.995832118334076
2	2	0	10	10000000	11.5	4.919700209169446
2	2	0	10	10000000	12	4.843977079101673
2	2	0	20	-10000000	0.1	6.988498935187466
2	2	0	20	-10000000	0.30000000000000004	9.215370969091023
2	2	0	20	-10000000	0.5	9.051009888205385
2	2	0	20	-10000000	0.7000000000000001	8.745687583274227
2	2	0	20	-10000000	0.9	8.257853155161497
2	2	0	20	-10000000	1.1	7.694124672988157
2	2	0	20	-10000000	1.3000000000000003	7.272784671513207
2	2	0	20	-10000000	1.5000000000000002	8.98206532721146
2	2	0	20	-10000000	1.7000000000000002	9.06405018985295
2	2	0	20	-10000000	1.9000000000000001	9.112441393172647
2	2	0	20	-10000000	2.1	9.144236549892424
2	2	0	20	-10000000	2.3000000000000003	9.166762032568885
2	2	0	20	-10000000	2.5000000000000004	9.183279930449512
2	2	0	20	-10000000	2.7	9.195305495328025
2	2	0	20	-10000000	2.9000000000000004	9.203580797095299
2	2	0	20	-10000000	3.1	9.208404450661781
2	2	0	20	-10000000	3.3000000000000003	9.210054739515764
2	2	0	20	-10000000	3.5000000000000004	9.208582122382909
2	2	0	20	-10000000	3.7	9.204045410857436
2	2	0	20	-10000000	3.9000000000000004	9.196485249279322
2	2	0	20	-10000000	4.5	9.156055620740586
2	2	0	20	-10000000	5	9.102859257305047
2	2	0	20	-10000000	5.5	9.033180329577362
2	2	0	20	-10000000	6	8.948471052886614
2	2	0	20	-10000000	6.5	8.850278403085563
2	2	0	20	-10000000	7	8.740109971204983
2	2	0	20	-10000000	7.5	8.619374584309039
2	2	0	20	-10000000	8	8.489406057104166
2	2	0	20	-10000000	8.5	8.351418533713762
2	2	0	20	-10000000	9	8.206611867214127
2	2	0	20	-10000000	9.5	8.0561575316102
2	2	0	20	-10000000	10	7.901293249794741
2	2	0	20	-10000000	10.5	7.743214344543565
2	2	0	20	-10000000	11	7.583157049825111
2	2	0	20	-10000000	11.5	7.422334316462584
2	2	0	20	-10000000	12	7.261901430067312
2	2	0	20	-5000000	0.1	8.501226468250454
2	2	0	20	-5000000	0.30000000000000004	8.65919724847013
2	2	0	20	-5000000	0.5	8.791867800275266
2	2	0	20	-5000000	0.7000000000000001	8.890380634136292
2	2	0	20	-5000000	0.9	8.956763632715079
2	2	0	20	-5000000	1.1	8.999097530033806
2	2	0	20	-5000000	1.3000000000000003	9.026014887596071
2	2	0	20	-5000000	1.5000000000000002	9.043830300439824
2	2	0	20	-5000000	1.7000000000000002	9.05647681743382
2	2	0	20	-5000000	1.9000000000000001	9.066169381535055
2	2	0	20	-5000000	2.1	9.074075829020055
2	2	0	20	-5000000	2.3000000000000003	9.080771342751706
2	2	0	20	-5000000	2.5000000000000004	9.086519564989105
2	2	0	20	-5000000	2.7	9.091417875223076
2	2	0	20	-5000000	2.9000000000000004	9.095481494054793
2	2	0	20	-5000000	3.1	9.098683284801218
2	2	0	20	-5000000	3.3000000000000003	9.100970070790598
2	2	0	20	-5000000	3.5000000000000004	9.102281381648414
2	2	0	20	-5000000	3.7	9.10254557055115
2	2	0	20	-5000000	3.9000000000000004	9.101688947336587
2	2	0	20	-5000000	4.5	9.091620667270824
2	2	0	20	-5000000	5	9.073516042801549
2	2	0	20	-5000000	5.5	9.045491418307867
2	2	0	20	-5000000	6	9.006848291691384
2	2	0	20	-5000000	6.5	8.957272771857008
2	2	0	20	-5000000	7	8.896873059231401
2	2	0	20	-5000000	7.5	8.826064710787728
2	2	0	20	-5000000	8	8.74549091490337
2	2	0	20	-5000000	8.5	8.65590810869552
2	2	0	20	-5000000	9	8.558105654620238
2	2	0	20	-5000000	9.5	8.452861144411123
2	2	0	20	-5000000	10	8.34091731240774
2	2	0	20	-5000000	10.5	8.22296614076368
2	2	0	20	-5000000	11	8.099698466983792
2	2	0	20	-5000000	11.5	7.97175147060377
2	2	0	20	-5000000	12	7.839797122662885
2	2	0	20	0	0.1	8.861760733650385
2	2	0	20	0	0.30000000000000004	8.8945881276907
2	2	0	20	0	0.5	8.918057710882945
2	2	0	20	0	0.7000000000000001	8.932871630799614
2	2	0	20	0	0.9	8.940372071386014
2	2	0	20	0	1.1	8.942255716840815
2	2	0	20	0	1.3000000000000003	8.940084130693867
2	2	0	20	0	1.5000000000000002	8.935109542310698
2	2	0	20	0	1.7000000000000002	8.928230478928075
2	2	0	20	0	1.9000000000000001	8.920034547794804
2	2	0	20	0	2.1	8.910886086359152
2	2	0	20	0	2.3000000000000003	8.900997483264062
2	2	0	20	0	2.5000000000000004	8.890496133583637
2	2	0	20	0	2.7	8.879458048407656
2	2	0	20	0	2.9000000000000004	8.867932986729308
2	2	0	20	0	3.1	8.855956423358235
2	2	0	20	0	3.3000000000000003	8.843557632345137
2	2	0	20	0	3.5000000000000004	8.83076423162938
2	2	0	20	0	3.7	8.817602427727367
2	2	0	20	0	3.9000000000000004	8.804097632457918
2	2	0	20	0	4.5	8.761778879469437
2	2	0	20	0	5	8.724802520804738
2	2	0	20	0	5.5	8.686633243061472
2	2	0	20	0	6	8.647563923782911
2	2	0	20	0	6.5	8.607840870517686
2	2	0	20	0	7	8.567668358110154
2	2	0	20	0	7.5	8.527214837313153
2	2	0	20	0	8	8.486617038565038
2	2	0	20	0	8.5	8.445978129347525
2	2	0	20	0	9	8.40539589177717
2	2	0	20	0	9.5	8.364948744963792
2	2	0	20	0	10	8.324687558128419
2	2	0	20	0	10.5	8.284657709866496
2	2	0	20	0	11	8.244893594816185
2	2	0	20	0	11.5	8.205418876269619
2	2	0	20	0	12	8.166269741568259
2	2	0	20	5000000	0.1	8.487424989349545
2	2	0	20	5000000	0.30000000000000004	8.600671207042405
2	2	0	20	5000000	0.5	8.680496165840665
2	2	0	20	5000000	0.7000000000000001	8.731420530696253
2	2	0	20	5000000	0.9	8.759386893489136
2	2	0	20	5000000	1.1	8.770281161928793
2	2	0	20	5000000	1.3000000000000003	8.768892625843936
2	2	0	20	5000000	1.5000000000000002	8.758831959399451
2	2	0	20	5000000	1.7000000000000002	8.742630770694664
2	2	0	20	5000000	1.9000000000000001	8.72199110254229
2	2	0	20	5000000	2.1	8.698019873160149
2	2	0	20	5000000	2.3000000000000003	8.671470114171747
2	2	0	20	5000000	2.5000000000000004	8.642821555221607
2	2	0	20	5000000	2.7	8.61236436083196
2	2	0	20	5000000	2.9000000000000004	8.58037991579798
2	2	0	20	5000000	3.1	8.546999987021772
2	2	0	20	5000000	3.3000000000000003	8.512362713821771
2	2	0	20	5000000	3.5000000000000004	8.476577651693937
2	2	0	20	5000000	3.7	8.439741075791446
2	2	0	20	5000000	3.9000000000000004	8.401940259777566
2	2	0	20	5000000	4.5	8.283544512596645
2	2	0	20	5000000	5	8.180259308336307
2	2	0	20	5000000	5.5	8.073858609256568
2	2	0	20	5000000	6	7.965224134870645
2	2	0	20	5000000	6.5	7.855065703889744
2	2	0	20	5000000	7	7.743887139835043
2	2	0	20	5000000	7.5	7.632085747984032
2	2	0	20	5000000	8	7.519849946453736
2	2	0	20	5000000	8.5	7.407260207386415
2	2	0	20	5000000	9	7.29439566667017
2	2	0	20	5000000	9.5	7.181266965166391
2	2	0	20	5000000	10	7.067855335769158
2	2	0	20	5000000	10.5	6.954165461311384
2	2	0	20	5000000	11	6.8402142712615115
2	2	0	20	5000000	11.5	6.726049423714712
2	2	0	20	5000000	12	6.61174596343206
2	2	0	20	10000000	0.1	7.064079999086783
2	2	0	20	10000000	0.30000000000000004	7.365721550698248
2	2	0	20	10000000	0.5	7.731669902818758
2	2	0	20	10000000	0.7000000000000001	8.069717713100756
2	2	0	20	10000000	0.9	8.30582668212993
2	2	0	20	10000000	1.1	8.439483115207159
2	2	0	20	10000000	1.3000000000000003	8.502881730778558
2	2	0	20	10000000	1.5000000000000002	8.524252506853093
2	2	0	20	10000000	1.7000000000000002	8.521074011784664
2	2	0	20	10000000	1.9000000000000001	8.503195914940125
2	2	0	20	10000000	2.1	8.476180838503769
2	2	0	20	10000000	2.3000000000000003	8.443178518682897
2	2	0	20	10000000	2.5000000000000004	8.406105699157186
2	2	0	20	10000000	2.7	8.366155877350096
2	2	0	20	10000000	2.9000000000000004	8.324115466506555
2	2	0	20	10000000	3.1	8.280526488200984
2	2	0	20	10000000	3.3000000000000003	8.235774147088376
2	2	0	20	10000000	3.5000000000000004	8.190140739604761
2	2	0	20	10000000	3.7	8.143840580885868
2	2	0	20	10000000	3.9000000000000004	8.097037359504922
2	2	0	20	10000000	4.5	7.95473932153717
2	2	0	20	10000000	5	7.835025679996019
2	2	0	20	10000000	5.5	7.714866370275293
2	2	0	20	10000000	6	7.59443157938419
2	2	0	20	10000000	6.5	7.473698071678375
2	2	0	20	10000000	7	7.352566944789653
2	2	0	20	10000000	7.5	7.2309287129847934
2	2	0	20	10000000	8	7.108694807780452
2	2	0	20	10000000	8.5	6.98583535158151
2	2	0	20	10000000	9	6.862398903724445
2	2	0	20	10000000	9.5	6.738509519518918
2	2	0	20	10000000	10	6.614383086025188
2	2	0	20	10000000	10.5	6.490302027061398
2	2	0	20	10000000	11	6.366641904620141
2	2	0	20	10000000	11.5	6.243774341974646
2	2	0	20	10000000	12	6.122133011829274
2	2	0	30	-10000000	0.1	10.961323913652723
2	2	0	30	-10000000	0.30000000000000004	10.84011307251081
2	2	0	30	-10000000	0.5	10.602834784805001
2	2	0	30	-10000000	0.7000000000000001	10.168363956140269
2	2	0	30	-10000000	0.9	9.4920973802909
2	2	0	30	-10000000	1.1	8.743202142251924
2	2	0	30	-10000000	1.3000000000000003	8.205545076317108
2	2	0	30	-10000000	1.5000000000000002	7.914330617700235
2	2	0	30	-10000000	1.7000000000000002	7.761847257893385
2	2	0	30	-10000000	1.9000000000000001	10.961315163177115
2	2	0	30	-10000000	2.1	11.00034167547051
2	2	0	30	-10000000	2.3000000000000003	11.02868020605941
2	2	0	30	-10000000	2.5000000000000004	11.04979711084128
2	2	0	30	-10000000	2.7	11.065303581275348
2	2	0	30	-10000000	2.9000000000000004	11.075955095842419
2	2	0	30	-10000000	3.1	11.082117658313374
2	2	0	30	-10000000	3.3000000000000003	11.083961205704204
2	2	0	30	-10000000	3.5000000000000004	11.081565862503048
2	2	0	30	-10000000	3.7	11.074975267273995
2	2	0	30	-10000000	3.9000000000000004	11.06422201353456
2	2	0	30	-10000000	4.5	11.00742904873938
2	2	0	30	-10000000	5	10.93308252372574
2	2	0	30	-10000000	5.5	10.83599084241122
2	2	0	30	-10000000	6	10.7182888707811
2	2	0	30	-10000000	6.5	10.582260151337415
2	2	0	30	-10000000	7	10.430105498048707
2	2	0	30	-10000000	7.5	10.263871814906722
2	2	0	30	-10000000	8	10.085443761637208
2	2	0	30	-10000000	8.5	9.896583536143416
2	2	0	30	-10000000	9	9.698986856760017
2	2	0	30	-10000000	9.5	9.494329771350133
2	2	0	30	-10000000	10	9.284295935889764
2	2	0	30	-10000000	10.5	9.070582590640187
2	2	0	30	-10000000	11	8.854884718670462
2	2	0	30	-10000000	11.5	8.638860401714895
2	2	0	30	-10000000	12	8.42408204291789
2	2	0	30	-5000000	0.1	9.192025076004175
2	2	0	30	-5000000	0.30000000000000004	8.964064345810012
2	2	0	30	-5000000	0.5	8.77944003131138
2	2	0	30	-5000000	0.7000000000000001	8.655894614527748
2	2	0	30	-5000000	0.9	10.750914222953813
2	2	0	30	-5000000	1.1	10.802356278207922
2	2	0	30	-5000000	1.3000000000000003	10.834844313524128
2	2	0	30	-5000000	1.5000000000000002	10.856230659412248
2	2	0	30	-5000000	1.7000000000000002	10.87143711415624
2	2	0	30	-5000000	1.9000000000000001	10.883181942665049
2	2	0	30	-5000000	2.1	10.892867603274471
2	2	0	30	-5000000	2.3000000000000003	10.901167050662446
2	2	0	30	-5000000	2.5000000000000004	10.908367225160866
2	2	0	30	-5000000	2.7	10.914556715266723
2	2	0	30	-5000000	2.9000000000000004	10.919723479439336
2	2	0	30	-5000000	3.1	10.92380601647862
2	2	0	30	-5000000	3.3000000000000003	10.926901733717171
2	2	0	30	-5000000	3.5000000000000004	10.928355134919506
2	2	0	30	-5000000	3.7	10.928489562896413
2	2	0	30	-5000000	3.9000000000000004	10.927365412191643
2	2	0	30	-5000000	4.5	10.913390427294098
2	2	0	30	-5000000	5	10.888561381338162
2	2	0	30	-5000000	5.5	10.850120485322247
2	2	0	30	-5000000	6	10.796718624848085
2	2	0	30	-5000000	6.5	10.72828606235245
2	2	0	30	-5000000	7	10.644923999284796
2	2	0	30	-5000000	7.5	10.547290919238321
2	2	0	30	-5000000	8	10.436367535254877
2	2	0	30	-5000000	8.5	10.313282409503875
2	2	0	30	-5000000	9	10.179199218764598
2	2	0	30	-5000000	9.5	10.035248603635594
2	2	0	30	-5000000	10	9.882500451655508
2	2	0	30	-5000000	10.5	9.721963374692404
2	2	0	30	-5000000	11	9.554598135553357
2	2	0	30	-5000000	11.5	9.381335939768656
2	2	0	30	-5000000	12	9.203094196039912
2	2	0	30	0	0.1	10.622437194221765
2	2	0	30	0	0.30000000000000004	10.66419257529986
2	2	0	30	0	0.5	10.692998888286137
2	2	0	30	0	0.7000000000000001	10.709949705654171
2	2	0	30	0	0.9	10.717090209504505
2	2	0	30	0	1.1	10.71679763522708
2	2	0	30	0	1.3000000000000003	10.711239020776564
2	2	0	30	0	1.5000000000000002	10.70216106045157
2	2	0	30	0	1.7000000000000002	10.690775295953733
2	2	0	30	0	1.9000000000000001	10.677837979226911
2	2	0	30	0	2.1	10.663824926286338
2	2	0	30	0	2.3000000000000003	10.648980632858803
2	2	0	30	0	2.5000000000000004	10.633450505154011
2	2	0	30	0	2.7	10.617303340172445
2	2	0	30	0	2.9000000000000004	10.600588080825375
2	2	0	30	0	3.1	10.583340969400595
2	2	0	30	0	3.3000000000000003	10.565574501785402
2	2	0	30	0	3.5000000000000004	10.547365261224375
2	2	0	30	0	3.7	10.528695312964421
2	2	0	30	0	3.9000000000000004	10.509607047589354
2	2	0	30	0	4.5	10.450147607295197
2	2	0	30	0	5	10.39848069641747
2	2	0	30	0	5.5	10.345468021783299
2	2	0	30	0	6	10.291374315758036
2	2	0	30	0	6.5	10.236585016378013
2	2	0	30	0	7	10.181402462093901
2	2	0	30	0	7.5	10.125878041142437
2	2	0	30	0	8	10.070352193404473
2	2	0	30	0	8.5	10.014910800723193
2	2	0	30	0	9	9.959661833482695
2	2	0	30	0	9.5	9.904688875370837
2	2	0	30	0	10	9.850117989416344
2	2	0	30	0	10.5	9.79593797909596
2	2	0	30	0	11	9.742215328703546
2	2	0	30	0	11.5	9.688992413593205
2	2	0	30	0	12	9.636287534895132
2	2	0	30	5000000	0.1	9.179014903973162
2	2	0	30	5000000	0.30000000000000004	8.9430491590651
2	2	0	30	5000000	0.5	10.389479290422178
2	2	0	30	5000000	0.7000000000000001	10.44874720782778
2	2	0	30	5000000	0.9	10.47871774062269
2	2	0	30	5000000	1.1	10.487063441054955
2	2	0	30	5000000	1.3000000000000003	10.479970467780863
2	2	0	30	5000000	1.5000000000000002	10.462049787521916
2	2	0	30	5000000	1.7000000000000002	10.436516565358993
2	2	0	30	5000000	1.9000000000000001	10.40550769245453
2	2	0	30	5000000	2.1	10.370423018035915
2	2	0	30	5000000	2.3000000000000003	10.332158324100133
2	2	0	30	5000000	2.5000000000000004	10.291297482424863
2	2	0	30	5000000	2.7	10.248230707917186
2	2	0	30	5000000	2.9000000000000004	10.203229857244335
2	2	0	30	5000000	3.1	10.156496042339787
2	2	0	30	5000000	3.3000000000000003	10.108188991732497
2	2	0	30	5000000	3.5000000000000004	10.05844355906804
2	2	0	30	5000000	3.7	10.00738010899744
2	2	0	30	5000000	3.9000000000000004	9.9551105444151
2	2	0	30	5000000	4.5	9.79210223326323
2	2	0	30	5000000	5	9.65061644162407
2	2	0	30	5000000	5.5	9.505475270625992
2	2	0	30	5000000	6	9.357855403606429
2	2	0	30	5000000	6.5	9.20869633473086
2	2	0	30	5000000	7	9.058685637942256
2	2	0	30	5000000	7.5	8.908284190433994
2	2	0	30	5000000	8	8.75776513909439
2	2	0	30	5000000	8.5	8.607268417502334
2	2	0	30	5000000	9	8.456845261424524
2	2	0	30	5000000	9.5	8.306497466053477
2	2	0	30	5000000	10	8.156217388148539
2	2	0	30	5000000	10.5	8.006000629061543
2	2	0	30	5000000	11	7.855874908152204
2	2	0	30	5000000	11.5	7.7059023857084785
2	2	0	30	5000000	12	7.556184280759945
2	2	0	30	10000000	0.1	10.786559614576534
2	2	0	30	10000000	0.30000000000000004	10.244704721747658
2	2	0	30	10000000	0.5	9.573208172750824
2	2	0	30	10000000	0.7000000000000001	8.906102927234425
2	2	0	30	10000000	0.9	8.380547621818083
2	2	0	30	10000000	1.1	10.069613602732748
2	2	0	30	10000000	1.3000000000000003	10.136798717256546
2	2	0	30	10000000	1.5000000000000002	10.153454902110436
2	2	0	30	10000000	1.7000000000000002	10.14080652313827
2	2	0	30	10000000	1.9000000000000001	10.11067128859451
2	2	0	30	10000000	2.1	10.069618428670497
2	2	0	30	10000000	2.3000000000000003	10.02145464646129
2	2	0	30	10000000	2.5000000000000004	9.968458122124598
2	2	0	30	10000000	2.7	9.912066520620726
2	2	0	30	10000000	2.9000000000000004	9.853227566161305
2	2	0	30	10000000	3.1	9.792596427072512
2	2	0	30	10000000	3.3000000000000003	9.730642948064725
2	2	0	30	10000000	3.5000000000000004	9.66771541133097
2	2	0	30	10000000	3.7	9.60407758530374
2	2	0	30	10000000	3.9000000000000004	9.539931877090952
2	2	0	30	10000000	4.5	9.345832206694094
2	2	0	30	10000000	5	9.183427735057851
2	2	0	30	10000000	5.5	9.021107377492985
2	2	0	30	10000000	6	8.859036574958495
2	2	0	30	10000000	6.5	8.697146195458487
2	2	0	30	10000000	7	8.535272143898602
2	2	0	30	10000000	7.5	8.373254367798232
2	2	0	30	10000000	8	8.21094030797589
2	2	0	30	10000000	8.5	8.048313383520258
2	2	0	30	10000000	9	7.885423826686686
2	2	0	30	10000000	9.5	7.722439630290356
2	2	0	30	10000000	10	7.559647024747947
2	2	0	30	10000000	10.5	7.3974323349966316
2	2	0	30	10000000	11	7.236265603094101
2	2	0	30	10000000	11.5	7.076665629747768
2	2	0	30	10000000	12	6.919190683969053
2	2	1	0	-10000000	0.1	4.389614420322583
2	2	1	0	-10000000	0.30000000000000004	4.417588380595095
2	2	1	0	-10000000	0.5	4.466623425911702
2	2	1	0	-10000000	0.7000000000000001	4.550905290406388
2	2	1	0	-10000000	0.9	4.6806479001219286
2	2	1	0	-10000000	1.1	4.835902849101956
2	2	1	0	-10000000	1.3000000000000003	4.963164963709214
2	2	1	0	-10000000	1.5000000000000002	5.0411868042427495
2	2	1	0	-10000000	1.7000000000000002	5.086430413254618
2	2	1	0	-10000000	1.9000000000000001	5.114871809795476
2	2	1	0	-10000000	2.1	5.134641878961486
2	2	1	0	-10000000	2.3000000000000003	5.149427920236512
2	2	1	0	-10000000	2.5000000000000004	5.160971701364519
2	2	1	0	-10000000	2.7	5.170171308072164
2	2	1	0	-10000000	2.9000000000000004	5.177533363959658
2	2	1	0	-10000000	3.1	5.183366758247445
2	2	1	0	-10000000	3.3000000000000003	5.187831430313291
2	2	1	0	-10000000	3.5000000000000004	5.191202599877803
2	2	1	0	-10000000	3.7	5.193446911136444
2	2	1	0	-10000000	3.9000000000000004	5.194701079487245
2	2	1	0	-10000000	4.5	5.192996119824172
2	2	1	0	-10000000	5	5.186009480010412
2	2	1	0	-10000000	5.5	5.174527376189435
2	2	1	0	-10000000	6	5.158815380174653
2	2	1	0	-10000000	6.5	5.139436963080938
2	2	1	0	-10000000	7	5.116554410552147
2	2	1	0	-10000000	7.5	5.090428420893981
2	2	1	0	-10000000	8	5.061420421742684
2	2	1	0	-10000000	8.5	5.02968505549554
2	2	1	0	-10000000	9	4.995464293722876
2	2	1	0	-10000000	9.5	4.958824742029895
2	2	1	0	-10000000	10	4.920250058529636
2	2	1	0	-10000000	10.5	4.879856372516465
2	2	1	0	-10000000	11	4.837921277103468
2	2	1	0	-10000000	11.5	4.794761622052769
2	2	1	0	-10000000	12	4.7506776057116875
2	2	1	0	-5000000	0.1	4.82242498508328
2	2	1	0	-5000000	0.30000000000000004	4.882946269656008
2	2	1	0	-5000000	0.5	4.939429593568485
2	2	1	0	-5000000	0.7000000000000001	4.987310730833477
2	2	1	0	-5000000	0.9	5.025030985864444
2	2	1	0	-5000000	1.1	5.054072943631074
2	2	1	0	-5000000	1.3000000000000003	5.076687237089125
2	2	1	0	-5000000	1.5000000000000002	5.09472924554858
2	2	1	0	-5000000	1.7000000000000002	5.109545001114085
2	2	1	0	-5000000	1.9000000000000001	5.121932956144774
2	2	1	0	-5000000	2.1	5.132463864328399
2	2	1	0	-5000000	2.3000000000000003	5.141471594944376
2	2	1	0	-5000000	2.5000000000000004	5.14921309528822
2	2	1	0	-5000000	2.7	5.155876952708225
2	2	1	0	-5000000	2.9000000000000004	5.161604797708794
2	2	1	0	-5000000	3.1	5.16650996740119
2	2	1	0	-5000000	3.3000000000000003	5.170621409341529
2	2	1	0	-5000000	3.5000000000000004	5.1741565556516
2	2	1	0	-5000000	3.7	5.177097421984082
2	2	1	0	-5000000	3.9000000000000004	5.179464907230032
2	2	1	0	-5000000	4.5	5.18348725898577
2	2	1	0	-5000000	5	5.183567854526465
2	2	1	0	-5000000	5.5	5.180863954729054
2	2	1	0	-5000000	6	5.17536219578283
2	2	1	0	-5000000	6.5	5.167019362616395
2	2	1	0	-5000000	7	5.155916469219081
2	2	1	0	-5000000	7.5	5.142228037772402
2	2	1	0	-5000000	8	5.125729979729104
2	2	1	0	-5000000	8.5	5.106889556168168
2	2	1	0	-5000000	9	5.085730389526768
2	2	1	0	-5000000	9.5	5.062300741172246
2	2	1	0	-5000000	10	5.0368287180022895
2	2	1	0	-5000000	10.5	5.009309187370085
2	2	1	0	-5000000	11	4.980004856278601
2	2	1	0	-5000000	11.5	4.9489134988727255
2	2	1	0	-5000000	12	4.916191261226586
2	2	1	0	0	0.1	4.961477828705163
2	2	1	0	0	0.30000000000000004	4.9841241075505
2	2	1	0	0	0.5	5.005085279147883
2	2	1	0	0	0.7000000000000001	5.024068695316058
2	2	1	0	0	0.9	5.040943065220656
2	2	1	0	0	1.1	5.055727538626566
2	2	1	0	0	1.3000000000000003	5.068513273262904
2	2	1	0	0	1.5000000000000002	5.07941211476436
2	2	1	0	0	1.7000000000000002	5.088602889221367
2	2	1	0	0	1.9000000000000001	5.096273875587702
2	2	1	0	0	2.1	5.102556962921619
2	2	1	0	0	2.3000000000000003	5.107620331355198
2	2	1	0	0	2.5000000000000004	5.111613268308714
2	2	1	0	0	2.7	5.1146664908646144
2	2	1	0	0	2.9000000000000004	5.116895506218257
2	2	1	0	0	3.1	5.118409747959712
2	2	1	0	0	3.3000000000000003	5.119306823322927
2	2	1	0	0	3.5000000000000004	5.119663557909514
2	2	1	0	0	3.7	5.119551005609793
2	2	1	0	0	3.9000000000000004	5.1190291333109945
2	2	1	0	0	4.5	5.115501484544579
2	2	1	0	0	5	5.110872873210789
2	2	1	0	0	5.5	5.105165940290421
2	2	1	0	0	6	5.098679290881143
2	2	1	0	0	6.5	5.091625061431125
2	2	1	0	0	7	5.084162637259387
2	2	1	0	0	7.5	5.076408025754871
2	2	1	0	0	8	5.068440837621303
2	2	1	0	0	8.5	5.060351833118
2	2	1	0	0	9	5.052178189979365
2	2	1	0	0	9.5	5.0439696202991495
2	2	1	0	0	10	5.035761416050013
2	2	1	0	0	10.5	5.0275819766593814
2	2	1	0	0	11	5.019421941984063
2	2	1	0	0	11.5	5.0113405044256805
2	2	1	0	0	12	5.003301387014701
2	2	1	0	5000000	0.1	4.858044217524634
2	2	1	0	5000000	0.30000000000000004	4.904621610286578
2	2	1	0	5000000	0.5	4.942978316432568
2	2	1	0	5000000	0.7000000000000001	4.973672752520511
2	2	1	0	5000000	0.9	4.997671633033473
2	2	1	0	5000000	1.1	5.016187193237228
2	2	1	0	5000000	1.3000000000000003	5.0302923074763815
2	2	1	0	5000000	1.5000000000000002	5.040842935310277
2	2	1	0	5000000	1.7000000000000002	5.048517271370836
2	2	1	0	5000000	1.9000000000000001	5.053753384136939
2	2	1	0	5000000	2.1	5.056992594446875
2	2	1	0	5000000	2.3000000000000003	5.058515338808161
2	2	1	0	5000000	2.5000000000000004	5.05855871120248
2	2	1	0	5000000	2.7	5.057320678710095
2	2	1	0	5000000	2.9000000000000004	5.054963096835029
2	2	1	0	5000000	3.1	5.051626471038235
2	2	1	0	5000000	3.3000000000000003	5.047423164192228
2	2	1	0	5000000	3.5000000000000004	5.042451489304031
2	2	1	0	5000000	3.7	5.036795404560204
2	2	1	0	5000000	3.9000000000000004	5.030525424843999
2	2	1	0	5000000	4.5	5.008625932166117
2	2	1	0	5000000	5	4.987514285091552
2	2	1	0	5000000	5.5	4.9643914349286735
2	2	1	0	5000000	6	4.939670528251453
2	2	1	0	5000000	6.5	4.913652598912769
2	2	1	0	5000000	7	4.886560016648604
2	2	1	0	5000000	7.5	4.8585426408753865
2	2	1	0	5000000	8	4.829697621095463
2	2	1	0	5000000	8.5	4.800085645309842
2	2	1	0	5000000	9	4.769736667923456
2	2	1	0	5000000	9.5	4.7386640794732005
2	2	1	0	5000000	10	4.706869284573151
2	2	1	0	5000000	10.5	4.674353053585317
2	2	1	0	5000000	11	4.6411165088529875
2	2	1	0	5000000	11.5	4.607166502503436
2	2	1	0	5000000	12	4.572519137784276
2	2	1	0	10000000	0.1	4.451904681704933
2	2	1	0	10000000	0.30000000000000004	4.535087805521507
2	2	1	0	10000000	0.5	4.643411007323247
2	2	1	0	10000000	0.7000000000000001	4.756718394383766
2	2	1	0	10000000	0.9	4.84960412545529
2	2	1	0	10000000	1.1	4.913156131979581
2	2	1	0	10000000	1.3000000000000003	4.952999174767564
2	2	1	0	10000000	1.5000000000000002	4.977258600339275
2	2	1	0	10000000	1.7000000000000002	4.991741382260123
2	2	1	0	10000000	1.9000000000000001	4.9999320763919
2	2	1	0	10000000	2.1	5.003859192409829
2	2	1	0	10000000	2.3000000000000003	5.004738180893724
2	2	1	0	10000000	2.5000000000000004	5.003331933219357
2	2	1	0	10000000	2.7	5.000150607878923
2	2	1	0	10000000	2.9000000000000004	4.995551559954008
2	2	1	0	10000000	3.1	4.989798041528796
2	2	1	0	10000000	3.3000000000000003	4.983089766572853
2	2	1	0	10000000	3.5000000000000004	4.975582615648249
2	2	1	0	10000000	3.7	4.967400593939828
2	2	1	0	10000000	3.9000000000000004	4.9586429054603185
2	2	1	0	10000000	4.5	4.929648918761039
2	2	1	0	10000000	5	4.9031234983275365
2	2	1	0	10000000	5.5	4.874997605035812
2	2	1	0	10000000	6	4.845480216530463
2	2	1	0	10000000	6.5	4.814754929494924
2	2	1	0	10000000	7	4.782928259107916
2	2	1	0	10000000	7.5	4.750009916419077
2	2	1	0	10000000	8	4.715989532110837
2	2	1	0	10000000	8.5	4.6808796822369825
2	2	1	0	10000000	9	4.644731229429203
2	2	1	0	10000000	9.5	4.607566372357346
2	2	1	0	10000000	10	4.569444603361162
2	2	1	0	10000000	10.5	4.530452645335756
2	2	1	0	10000000	11	4.490700646100997
2	2	1	0	10000000	11.5	4.4503198948009235
2	2	1	0	10000000	12	4.409456702199088
2	2	1	5	-10000000	0.1	4.366135048086351
2	2	1	5	-10000000	0.30000000000000004	4.400234217502165
2	2	1	5	-10000000	0.5	4.457775036305491
2	2	1	5	-10000000	0.7000000000000001	4.548944361312813
2	2	1	5	-10000000	0.9	4.677735535513836
2	2	1	5	-10000000	1.1	4.831705336738315
2	2	1	5	-10000000	1.3000000000000003	4.958216459309809
2	2	1	5	-10000000	1.5000000000000002	5.033230161116743
2	2	1	5	-10000000	1.7000000000000002	5.075269413389103
2	2	1	5	-10000000	1.9000000000000001	5.101003993795516
2	2	1	5	-10000000	2.1	5.118552953398814
2	2	1	5	-10000000	2.3000000000000003	5.131460736494514
2	2	1	5	-10000000	2.5000000000000004	5.141429587157848
2	2	1	5	-10000000	2.7	5.149255941902876
2	2	1	5	-10000000	2.9000000000000004	5.155377668998852
2	2	1	5	-10000000	3.1	5.160098777743402
2	2	1	5	-10000000	3.3000000000000003	5.163621152520943
2	2	1	5	-10000000	3.5000000000000004	5.166010532180845
2	2	1	5	-10000000	3.7	5.167369220957634
2	2	1	5	-10000000	3.9000000000000004	5.167766135342192
2	2	1	5	-10000000	4.5	5.163627109121941
2	2	1	5	-10000000	5	5.154626383917864
2	2	1	5	-10000000	5.5	5.141056446328452
2	2	1	5	-10000000	6	5.1233184967316046
2	2	1	5	-10000000	6.5	5.10177828912314
2	2	1	5	-10000000	7	5.076730094023322
2	2	1	5	-10000000	7.5	5.048442371212291
2	2	1	5	-10000000	8	5.017277477121896
2	2	1	5	-10000000	8.5	4.983171699615189
2	2	1	5	-10000000	9	4.946591163506761
2	2	1	5	-10000000	9.5	4.9077142683265125
2	2	1	5	-10000000	10	4.86675316300138
2	2	1	5	-10000000	10.5	4.8239782459283775
2	2	1	5	-10000000	11	4.779691318530958
2	2	1	5	-10000000	11.5	4.734132898470121
2	2	1	5	-10000000	12	4.687649066654575
2	2	1	5	-5000000	0.1	4.8294801680231165
2	2	1	5	-5000000	0.30000000000000004	4.8883761070420855
2	2	1	5	-5000000	0.5	4.942317008260855
2	2	1	5	-5000000	0.7000000000000001	4.986870423024346
2	2	1	5	-5000000	0.9	5.0212464047380685
2	2	1	5	-5000000	1.1	5.0470273898384015
2	2	1	5	-5000000	1.3000000000000003	5.06655767872855
2	2	1	5	-5000000	1.5000000000000002	5.081782616066013
2	2	1	5	-5000000	1.7000000000000002	5.094068419087091
2	2	1	5	-5000000	1.9000000000000001	5.104238440739291
2	2	1	5	-5000000	2.1	5.112805468292691
2	2	1	5	-5000000	2.3000000000000003	5.120086574116897
2	2	1	5	-5000000	2.5000000000000004	5.126330865685183
2	2	1	5	-5000000	2.7	5.13169857163454
2	2	1	5	-5000000	2.9000000000000004	5.136282345012911
2	2	1	5	-5000000	3.1	5.140188722615286
2	2	1	5	-5000000	3.3000000000000003	5.143476878511441
2	2	1	5	-5000000	3.5000000000000004	5.146211222063821
2	2	1	5	-5000000	3.7	5.148419209135155
2	2	1	5	-5000000	3.9000000000000004	5.150120797488975
2	2	1	5	-5000000	4.5	5.152431877250106
2	2	1	5	-5000000	5	5.151143355876871
2	2	1	5	-5000000	5.5	5.147043054500609
2	2	1	5	-5000000	6	5.140016075184127
2	2	1	5	-5000000	6.5	5.13019935382794
2	2	1	5	-5000000	7	5.117477460440456
2	2	1	5	-5000000	7.5	5.10197253341095
2	2	1	5	-5000000	8	5.083797498951045
2	2	1	5	-5000000	8.5	5.063093838511071
2	2	1	5	-5000000	9	5.0400004282298
2	2	1	5	-5000000	9.5	5.014630033847415
2	2	1	5	-5000000	10	4.9870787672661585
2	2	1	5	-5000000	10.5	4.957543334047262
2	2	1	5	-5000000	11	4.92609997931805
2	2	1	5	-5000000	11.5	4.892850608093373
2	2	1	5	-5000000	12	4.857936084865585
2	2	1	5	0	0.1	4.965139472237227
2	2	1	5	0	0.30000000000000004	4.9853300446714925
2	2	1	5	0	0.5	5.003541921682979
2	2	1	5	0	0.7000000000000001	5.01960472568017
2	2	1	5	0	0.9	5.033489989945832
2	2	1	5	0	1.1	5.045299430536176
2	2	1	5	0	1.3000000000000003	5.055190265226539
2	2	1	5	0	1.5000000000000002	5.0633663199324035
2	2	1	5	0	1.7000000000000002	5.070019259411333
2	2	1	5	0	1.9000000000000001	5.075338010470192
2	2	1	5	0	2.1	5.079510662364632
2	2	1	5	0	2.3000000000000003	5.082685042122712
2	2	1	5	0	2.5000000000000004	5.0849846974833195
2	2	1	5	0	2.7	5.086527867737242
2	2	1	5	0	2.9000000000000004	5.087423709134285
2	2	1	5	0	3.1	5.087748163207877
2	2	1	5	0	3.3000000000000003	5.087575220701187
2	2	1	5	0	3.5000000000000004	5.086978175740889
2	2	1	5	0	3.7	5.0860084443564855
2	2	1	5	0	3.9000000000000004	5.084708691724677
2	2	1	5	0	4.5	5.079215615314492
2	2	1	5	0	5	5.073225275512224
2	2	1	5	0	5.5	5.066299344620478
2	2	1	5	0	6	5.058678091080791
2	2	1	5	0	6.5	5.0505145930710205
2	2	1	5	0	7	5.041959581193877
2	2	1	5	0	7.5	5.033111475823131
2	2	1	5	0	8	5.024047813068354
2	2	1	5	0	8.5	5.014829339666898
2	2	1	5	0	9	5.005504172934735
2	2	1	5	0	9.5	4.996111551403137
2	2	1	5	0	10	4.986682746493924
2	2	1	5	0	10.5	4.977240146788767
2	2	1	5	0	11	4.967827214713604
2	2	1	5	0	11.5	4.958394784212377
2	2	1	5	0	12	4.949022458417282
2	2	1	5	5000000	0.1	4.856180871158476
2	2	1	5	5000000	0.30000000000000004	4.901593970608398
2	2	1	5	5000000	0.5	4.938129528266664
2	2	1	5	5000000	0.7000000000000001	4.966382497318318
2	2	1	5	5000000	0.9	4.987636038845602
2	2	1	5	5000000	1.1	5.003271952628808
2	2	1	5	5000000	1.3000000000000003	5.014491127444276
2	2	1	5	5000000	1.5000000000000002	5.022233859608023
2	2	1	5	5000000	1.7000000000000002	5.027219214543029
2	2	1	5	5000000	1.9000000000000001	5.029979542275923
2	2	1	5	5000000	2.1	5.030913471814497
2	2	1	5	5000000	2.3000000000000003	5.030325126005415
2	2	1	5	5000000	2.5000000000000004	5.028448188892031
2	2	1	5	5000000	2.7	5.025466748446226
2	2	1	5	5000000	2.9000000000000004	5.021528180677499
2	2	1	5	5000000	3.1	5.016751752430678
2	2	1	5	5000000	3.3000000000000003	5.011235738941697
2	2	1	5	5000000	3.5000000000000004	5.005061900595944
2	2	1	5	5000000	3.7	4.99831742491249
2	2	1	5	5000000	3.9000000000000004	4.9910220102749285
2	2	1	5	5000000	4.5	4.966420070172416
2	2	1	5	5000000	5	4.943381645898871
2	2	1	5	5000000	5.5	4.918529634026914
2	2	1	5	5000000	6	4.8922221761713525
2	2	1	5	5000000	6.5	4.864703473789341
2	2	1	5	5000000	7	4.836164987849053
2	2	1	5	5000000	7.5	4.806736684389829
2	2	1	5	5000000	8	4.776500972751678
2	2	1	5	5000000	8.5	4.7455018733110075
2	2	1	5	5000000	9	4.713758752520988
2	2	1	5	5000000	9.5	4.681276173350141
2	2	1	5	5000000	10	4.648049487207336
2	2	1	5	5000000	10.5	4.614077826431346
2	2	1	5	5000000	11	4.579347680730327
2	2	1	5	5000000	11.5	4.543872164796988
2	2	1	5	5000000	12	4.507666352139102
2	2	1	5	10000000	0.1	4.431289393621932
2	2	1	5	10000000	0.30000000000000004	4.519988239170391
2	2	1	5	10000000	0.5	4.631889754590112
2	2	1	5	10000000	0.7000000000000001	4.746275924562957
2	2	1	5	10000000	0.9	4.838007033463427
2	2	1	5	10000000	1.1	4.8990047645882315
2	2	1	5	10000000	1.3000000000000003	4.935817734618954
2	2	1	5	10000000	1.5000000000000002	4.957034133809032
2	2	1	5	10000000	1.7000000000000002	4.968628606315329
2	2	1	5	10000000	1.9000000000000001	4.974140112922074
2	2	1	5	10000000	2.1	4.975591680893767
2	2	1	5	10000000	2.3000000000000003	4.974215056764767
2	2	1	5	10000000	2.5000000000000004	4.970757556987842
2	2	1	5	10000000	2.7	4.965744916806617
2	2	1	5	10000000	2.9000000000000004	4.959452570525704
2	2	1	5	10000000	3.1	4.952155997875895
2	2	1	5	10000000	3.3000000000000003	4.944033118940684
2	2	1	5	10000000	3.5000000000000004	4.9352500267856705
2	2	1	5	10000000	3.7	4.925897668622383
2	2	1	5	10000000	3.9000000000000004	4.916085096157705
2	2	1	5	10000000	4.5	4.8842850797463315
2	2	1	5	10000000	5	4.855774007143177
2	2	1	5	10000000	5.5	4.825861541278381
2	2	1	5	10000000	6	4.794744644606479
2	2	1	5	10000000	6.5	4.762510740694119
2	2	1	5	10000000	7	4.7291866291722755
2	2	1	5	10000000	7.5	4.694783394892533
2	2	1	5	10000000	8	4.659283475671233
2	2	1	5	10000000	8.5	4.622691654577563
2	2	1	5	10000000	9	4.5850186023373425
2	2	1	5	10000000	9.5	4.546293022254734
2	2	1	5	10000000	10	4.506570574605514
2	2	1	5	10000000	10.5	4.465937986035159
2	2	1	5	10000000	11	4.424504641994325
2	2	1	5	10000000	11.5	4.382401904669997
2	2	1	5	10000000	12	4.339776087510099
2	2	1	10	-10000000	0.1	4.288410792581054
2	2	1	10	-10000000	0.30000000000000004	4.334602256702567
2	2	1	10	-10000000	0.5	4.40188740046544
2	2	1	10	-10000000	0.7000000000000001	4.464272501109045
2	2	1	10	-10000000	0.9	4.538233327908085
2	2	1	10	-10000000	1.1	4.713496577244555
2	2	1	10	-10000000	1.3000000000000003	4.88173016723572
2	2	1	10	-10000000	1.5000000000000002	4.9691738715536715
2	2	1	10	-10000000	1.7000000000000002	5.014589270312203
2	2	1	10	-10000000	1.9000000000000001	5.042306676705401
2	2	1	10	-10000000	2.1	5.061639014273377
2	2	1	10	-10000000	2.3000000000000003	5.076258443901541
2	2	1	10	-10000000	2.5000000000000004	5.087764603718412
2	2	1	10	-10000000	2.7	5.096912570491188
2	2	1	10	-10000000	2.9000000000000004	5.10412245924282
2	2	1	10	-10000000	3.1	5.109644480893834
2	2	1	10	-10000000	3.3000000000000003	5.113640768272125
2	2	1	10	-10000000	3.5000000000000004	5.11622150481738
2	2	1	10	-10000000	3.7	5.117480002773299
2	2	1	10	-10000000	3.9000000000000004	5.1175035668033
2	2	1	10	-10000000	4.5	5.110767551786863
2	2	1	10	-10000000	5	5.098277188825588
2	2	1	10	-10000000	5.5	5.080383690469936
2	2	1	10	-10000000	6	5.057887658634236
2	2	1	10	-10000000	6.5	5.03131730508032
2	2	1	10	-10000000	7	5.001192705925079
2	2	1	10	-10000000	7.5	4.967917637978665
2	2	1	10	-10000000	8	4.931832049499041
2	2	1	10	-10000000	8.5	4.893153326156664
2	2	1	10	-10000000	9	4.852215430659827
2	2	1	10	-10000000	9.5	4.80925586131092
2	2	1	10	-10000000	10	4.764546639679813
2	2	1	10	-10000000	10.5	4.718376213902612
2	2	1	10	-10000000	11	4.671048443219967
2	2	1	10	-10000000	11.5	4.6229488101458776
2	2	1	10	-10000000	12	4.57417634545419
2	2	1	10	-5000000	0.1	4.765824439304582
2	2	1	10	-5000000	0.30000000000000004	4.824545017076035
2	2	1	10	-5000000	0.5	4.878417259806686
2	2	1	10	-5000000	0.7000000000000001	4.9227656509915585
2	2	1	10	-5000000	0.9	4.956813542641885
2	2	1	10	-5000000	1.1	4.9824903899706605
2	2	1	10	-5000000	1.3000000000000003	5.002282608282719
2	2	1	10	-5000000	1.5000000000000002	5.01813402621641
2	2	1	10	-5000000	1.7000000000000002	5.031296420610626
2	2	1	10	-5000000	1.9000000000000001	5.042508691907225
2	2	1	10	-5000000	2.1	5.052206478412396
2	2	1	10	-5000000	2.3000000000000003	5.060651527060613
2	2	1	10	-5000000	2.5000000000000004	5.068010384500926
2	2	1	10	-5000000	2.7	5.074399199962371
2	2	1	10	-5000000	2.9000000000000004	5.079897247653061
2	2	1	10	-5000000	3.1	5.084569821720212
2	2	1	10	-5000000	3.3000000000000003	5.088470271147478
2	2	1	10	-5000000	3.5000000000000004	5.09163847634347
2	2	1	10	-5000000	3.7	5.0941063478877355
2	2	1	10	-5000000	3.9000000000000004	5.095899801829137
2	2	1	10	-5000000	4.5	5.097416073929447
2	2	1	10	-5000000	5	5.0944259693187846
2	2	1	10	-5000000	5.5	5.087720814452625
2	2	1	10	-5000000	6	5.077435530887328
2	2	1	10	-5000000	6.5	5.063762655297285
2	2	1	10	-5000000	7	5.046869944784575
2	2	1	10	-5000000	7.5	5.027009311753851
2	2	1	10	-5000000	8	5.004427581096891
2	2	1	10	-5000000	8.5	4.9793528197295345
2	2	1	10	-5000000	9	4.951999751297728
2	2	1	10	-5000000	9.5	4.922559184635019
2	2	1	10	-5000000	10	4.891193207776357
2	2	1	10	-5000000	10.5	4.858051722936221
2	2	1	10	-5000000	11	4.823272314447713
2	2	1	10	-5000000	11.5	4.786990541012859
2	2	1	10	-5000000	12	4.749341754921447
2	2	1	10	0	0.1	4.903464676242652
2	2	1	10	0	0.30000000000000004	4.922514439686873
2	2	1	10	0	0.5	4.93967319347073
2	2	1	10	0	0.7000000000000001	4.954821136601595
2	2	1	10	0	0.9	4.967994488353512
2	2	1	10	0	1.1	4.979321872837097
2	2	1	10	0	1.3000000000000003	4.988978292609943
2	2	1	10	0	1.5000000000000002	4.997135553217226
2	2	1	10	0	1.7000000000000002	5.003941302092953
2	2	1	10	0	1.9000000000000001	5.009528993696169
2	2	1	10	0	2.1	5.014014582253251
2	2	1	10	0	2.3000000000000003	5.017515806114923
2	2	1	10	0	2.5000000000000004	5.020127299052686
2	2	1	10	0	2.7	5.021934494786224
2	2	1	10	0	2.9000000000000004	5.023027134582673
2	2	1	10	0	3.1	5.023485563064555
2	2	1	10	0	3.3000000000000003	5.023374061070064
2	2	1	10	0	3.5000000000000004	5.0227509579089045
2	2	1	10	0	3.7	5.0216756762264705
2	2	1	10	0	3.9000000000000004	5.020196779629225
2	2	1	10	0	4.5	5.013751911698223
2	2	1	10	0	5	5.006566893101139
2	2	1	10	0	5.5	4.998153480667456
2	2	1	10	0	6	4.988809536251533
2	2	1	10	0	6.5	4.97876141069862
2	2	1	10	0	7	4.968175999051442
2	2	1	10	0	7.5	4.95718954636256
2	2	1	10	0	8	4.945913387049295
2	2	1	10	0	8.5	4.934432326289646
2	2	1	10	0	9	4.922810229783671
2	2	1	10	0	9.5	4.911085141156776
2	2	1	10	0	10	4.899290215640535
2	2	1	10	0	10.5	4.887477862379277
2	2	1	10	0	11	4.875695183853349
2	2	1	10	0	11.5	4.863954623677495
2	2	1	10	0	12	4.852255471570201
2	2	1	10	5000000	0.1	4.786670432459743
2	2	1	10	5000000	0.30000000000000004	4.833676273303184
2	2	1	10	5000000	0.5	4.870706274769535
2	2	1	10	5000000	0.7000000000000001	4.898849849231515
2	2	1	10	5000000	0.9	4.919726706342268
2	2	1	10	5000000	1.1	4.934906219455144
2	2	1	10	5000000	1.3000000000000003	4.945681988390648
2	2	1	10	5000000	1.5000000000000002	4.953034566022021
2	2	1	10	5000000	1.7000000000000002	4.957677965980517
2	2	1	10	5000000	1.9000000000000001	4.9601260522213595
2	2	1	10	5000000	2.1	4.9607546390683
2	2	1	10	5000000	2.3000000000000003	4.9598468398773425
2	2	1	10	5000000	2.5000000000000004	4.957622275672492
2	2	1	10	5000000	2.7	4.9542562219880395
2	2	1	10	5000000	2.9000000000000004	4.949841291779662
2	2	1	10	5000000	3.1	4.944608363428986
2	2	1	10	5000000	3.3000000000000003	4.938599705590779
2	2	1	10	5000000	3.5000000000000004	4.931899634230902
2	2	1	10	5000000	3.7	4.924588150245983
2	2	1	10	5000000	3.9000000000000004	4.916736806385692
2	2	1	10	5000000	4.5	4.890513425548137
2	2	1	10	5000000	5	4.866278170764145
2	2	1	10	5000000	5.5	4.84049220456123
2	2	1	10	5000000	6	4.813575801160611
2	2	1	10	5000000	6.5	4.785832919966286
2	2	1	10	5000000	7	4.757480011528507
2	2	1	10	5000000	7.5	4.7286666751770605
2	2	1	10	5000000	8	4.699470115244222
2	2	1	10	5000000	8.5	4.66993068480126
2	2	1	10	5000000	9	4.640055757194149
2	2	1	10	5000000	9.5	4.609841505463747
2	2	1	10	5000000	10	4.579282296366368
2	2	1	10	5000000	10.5	4.548358655005059
2	2	1	10	5000000	11	4.517053680911983
2	2	1	10	5000000	11.5	4.4853611589163975
2	2	1	10	5000000	12	4.453257919731062
2	2	1	10	10000000	0.1	4.341237817003606
2	2	1	10	10000000	0.30000000000000004	4.433519575656682
2	2	1	10	10000000	0.5	4.546777507823892
2	2	1	10	10000000	0.7000000000000001	4.666583637963231
2	2	1	10	10000000	0.9	4.763465396600064
2	2	1	10	10000000	1.1	4.826556152876693
2	2	1	10	10000000	1.3000000000000003	4.863743836855974
2	2	1	10	10000000	1.5000000000000002	4.884730201838386
2	2	1	10	10000000	1.7000000000000002	4.8959021449378435
2	2	1	10	10000000	1.9000000000000001	4.900919742654219
2	2	1	10	10000000	2.1	4.901860823501676
2	2	1	10	10000000	2.3000000000000003	4.899948477993483
2	2	1	10	10000000	2.5000000000000004	4.895942724483387
2	2	1	10	10000000	2.7	4.890343878234688
2	2	1	10	10000000	2.9000000000000004	4.883499631682099
2	2	1	10	10000000	3.1	4.875663102226444
2	2	1	10	10000000	3.3000000000000003	4.867025322985723
2	2	1	10	10000000	3.5000000000000004	4.857734363214229
2	2	1	10	10000000	3.7	4.8479070625223795
2	2	1	10	10000000	3.9000000000000004	4.83763667275183
2	2	1	10	10000000	4.5	4.804862259929935
2	2	1	10	10000000	5	4.775932528509297
2	2	1	10	10000000	5.5	4.74600483182736
2	2	1	10	10000000	6	4.715212466855148
2	2	1	10	10000000	6.5	4.683744810558525
2	2	1	10	10000000	7	4.651579985310775
2	2	1	10	10000000	7.5	4.618673696306727
2	2	1	10	10000000	8	4.585094683136884
2	2	1	10	10000000	8.5	4.5507282218333645
2	2	1	10	10000000	9	4.515603465926724
2	2	1	10	10000000	9.5	4.479733661263332
2	2	1	10	10000000	10	4.443169078854442
2	2	1	10	10000000	10.5	4.405977686017485
2	2	1	10	10000000	11	4.368258660278133
2	2	1	10	10000000	11.5	4.330120650902282
2	2	1	10	10000000	12	4.291691608323355
2	2	1	20	-10000000	0.1	6.70737457494414
2	2	1	20	-10000000	0.30000000000000004	6.644097262040548
2	2	1	20	-10000000	0.5	6.482194480740392
2	2	1	20	-10000000	0.7000000000000001	6.251759808972362
2	2	1	20	-10000000	0.9	6.032615939073719
2	2	1	20	-10000000	1.1	5.928668800748968
2	2	1	20	-10000000	1.3000000000000003	6.251700432670842
2	2	1	20	-10000000	1.5000000000000002	6.945156191784785
2	2	1	20	-10000000	1.7000000000000002	7.074137366898725
2	2	1	20	-10000000	1.9000000000000001	7.119977789640091
2	2	1	20	-10000000	2.1	7.147675089212723
2	2	1	20	-10000000	2.3000000000000003	7.167600735746598
2	2	1	20	-10000000	2.5000000000000004	7.183089250286653
2	2	1	20	-10000000	2.7	7.195082149060394
2	2	1	20	-10000000	2.9000000000000004	7.204188537965499
2	2	1	20	-10000000	3.1	7.210725968952194
2	2	1	20	-10000000	3.3000000000000003	7.214975674563651
2	2	1	20	-10000000	3.5000000000000004	7.217128780834794
2	2	1	20	-10000000	3.7	7.217254924616982
2	2	1	20	-10000000	3.9000000000000004	7.215497960401308
2	2	1	20	-10000000	4.5	7.199942827262617
2	2	1	20	-10000000	5	7.176460981692209
2	2	1	20	-10000000	5.5	7.144933015068091
2	2	1	20	-10000000	6	7.106518472561348
2	2	1	20	-10000000	6.5	7.062291389159096
2	2	1	20	-10000000	7	7.013076612471439
2	2	1	20	-10000000	7.5	6.959541706809313
2	2	1	20	-10000000	8	6.902248087147645
2	2	1	20	-10000000	8.5	6.841674781334559
2	2	1	20	-10000000	9	6.7782534638949565
2	2	1	20	-10000000	9.5	6.712404589839943
2	2	1	20	-10000000	10	6.644552644740102
2	2	1	20	-10000000	10.5	6.5751299782396995
2	2	1	20	-10000000	11	6.504569329819692
2	2	1	20	-10000000	11.5	6.433272435325002
2	2	1	20	-10000000	12	6.361601137940994
2	2	1	20	-5000000	0.1	6.586972906408216
2	2	1	20	-5000000	0.30000000000000004	6.734282153881528
2	2	1	20	-5000000	0.5	6.865771444031698
2	2	1	20	-5000000	0.7000000000000001	6.952438347400481
2	2	1	20	-5000000	0.9	7.0073736153951565
2	2	1	20	-5000000	1.1	7.044296197651837
2	2	1	20	-5000000	1.3000000000000003	7.07108480822264
2	2	1	20	-5000000	1.5000000000000002	7.091938042188055
2	2	1	20	-5000000	1.7000000000000002	7.109034539371833
2	2	1	20	-5000000	1.9000000000000001	7.123504732675407
2	2	1	20	-5000000	2.1	7.135944844058314
2	2	1	20	-5000000	2.3000000000000003	7.146682725756673
2	2	1	20	-5000000	2.5000000000000004	7.155912379131001
2	2	1	20	-5000000	2.7	7.163764803311891
2	2	1	20	-5000000	2.9000000000000004	7.170264192778799
2	2	1	20	-5000000	3.1	7.1757055085331665
2	2	1	20	-5000000	3.3000000000000003	7.1799332688628965
2	2	1	20	-5000000	3.5000000000000004	7.183074523246635
2	2	1	20	-5000000	3.7	7.185168401496027
2	2	1	20	-5000000	3.9000000000000004	7.186251545445218
2	2	1	20	-5000000	4.5	7.183694979085878
2	2	1	20	-5000000	5	7.175184845343132
2	2	1	20	-5000000	5.5	7.161083283514534
2	2	1	20	-5000000	6	7.141658631799269
2	2	1	20	-5000000	6.5	7.117188149319284
2	2	1	20	-5000000	7	7.088055494742658
2	2	1	20	-5000000	7.5	7.0546778054354276
2	2	1	20	-5000000	8	7.01749808414338
2	2	1	20	-5000000	8.5	6.976962223919011
2	2	1	20	-5000000	9	6.933476385427891
2	2	1	20	-5000000	9.5	6.887382554349269
2	2	1	20	-5000000	10	6.8389962237143305
2	2	1	20	-5000000	10.5	6.788578684008077
2	2	1	20	-5000000	11	6.736425140735805
2	2	1	20	-5000000	11.5	6.682776594245616
2	2	1	20	-5000000	12	6.627900694257979
2	2	1	20	0	0.1	6.939050727203524
2	2	1	20	0	0.30000000000000004	6.966240377084827
2	2	1	20	0	0.5	6.989862202508535
2	2	1	20	0	0.7000000000000001	7.01006066271848
2	2	1	20	0	0.9	7.027127226611668
2	2	1	20	0	1.1	7.041454398071234
2	2	1	20	0	1.3000000000000003	7.053414125145406
2	2	1	20	0	1.5000000000000002	7.063316134635788
2	2	1	20	0	1.7000000000000002	7.0713968138276595
2	2	1	20	0	1.9000000000000001	7.077836595882185
2	2	1	20	0	2.1	7.082782220964398
2	2	1	20	0	2.3000000000000003	7.086362350557998
2	2	1	20	0	2.5000000000000004	7.088696206423481
2	2	1	20	0	2.7	7.089897948420602
2	2	1	20	0	2.9000000000000004	7.090076835255664
2	2	1	20	0	3.1	7.089336629639035
2	2	1	20	0	3.3000000000000003	7.087774146766571
2	2	1	20	0	3.5000000000000004	7.085478752635614
2	2	1	20	0	3.7	7.082531304023128
2	2	1	20	0	3.9000000000000004	7.079005594830849
2	2	1	20	0	4.5	7.065584070290783
2	2	1	20	0	5	7.051896106831536
2	2	1	20	0	5.5	7.036585298763474
2	2	1	20	0	6	7.020102001845501
2	2	1	20	0	6.5	7.002786487675162
2	2	1	20	0	7	6.9848961063217745
2	2	1	20	0	7.5	6.966630782215948
2	2	1	20	0	8	6.948147919432362
2	2	1	20	0	8.5	6.929572133469633
2	2	1	20	0	9	6.911010386161865
2	2	1	20	0	9.5	6.8925468222659205
2	2	1	20	0	10	6.874264672676512
2	2	1	20	0	10.5	6.856237642659844
2	2	1	20	0	11	6.838558445608185
2	2	1	20	0	11.5	6.82132842423637
2	2	1	20	0	12	6.804711559319471
2	2	1	20	5000000	0.1	6.700210525279106
2	2	1	20	5000000	0.30000000000000004	6.814551428388192
2	2	1	20	5000000	0.5	6.87990922730368
2	2	1	20	5000000	0.7000000000000001	6.924175250236506
2	2	1	20	5000000	0.9	6.95509745908087
2	2	1	20	5000000	1.1	6.976626060121554
2	2	1	20	5000000	1.3000000000000003	6.99129101980654
2	2	1	20	5000000	1.5000000000000002	7.000824597152521
2	2	1	20	5000000	1.7000000000000002	7.006402895977181
2	2	1	20	5000000	1.9000000000000001	7.008838691739515
2	2	1	20	5000000	2.1	7.008705936917812
2	2	1	20	5000000	2.3000000000000003	7.006427376388758
2	2	1	20	5000000	2.5000000000000004	7.002326697422947
2	2	1	20	5000000	2.7	6.996663674989109
2	2	1	20	5000000	2.9000000000000004	6.989654184293117
2	2	1	20	5000000	3.1	6.981481276602169
2	2	1	20	5000000	3.3000000000000003	6.972302972193471
2	2	1	20	5000000	3.5000000000000004	6.962257802986971
2	2	1	20	5000000	3.7	6.951467428932476
2	2	1	20	5000000	3.9000000000000004	6.9400392429990685
2	2	1	20	5000000	4.5	6.902790310154205
2	2	1	20	5000000	5	6.869527632043806
2	2	1	20	5000000	5.5	6.834967980298481
2	2	1	20	5000000	6	6.7996935024529925
2	2	1	20	5000000	6.5	6.76396410840957
2	2	1	20	5000000	7	6.727888043876383
2	2	1	20	5000000	7.5	6.691141202599068
2	2	1	20	5000000	8	6.653561188579054
2	2	1	20	5000000	8.5	6.614696627412634
2	2	1	20	5000000	9	6.5740557256972245
2	2	1	20	5000000	9.5	6.531109984229606
2	2	1	20	5000000	10	6.4853309607781116
2	2	1	20	5000000	10.5	6.436247999968547
2	2	1	20	5000000	11	6.3834710550350415
2	2	1	20	5000000	11.5	6.326736592420738
2	2	1	20	5000000	12	6.2659314843652245
2	2	1	20	10000000	0.1	6.57739110698665
2	2	1	20	10000000	0.30000000000000004	6.417174068725137
2	2	1	20	10000000	0.5	6.262735579754018
2	2	1	20	10000000	0.7000000000000001	6.391047721218703
2	2	1	20	10000000	0.9	6.67558742800638
2	2	1	20	10000000	1.1	6.808102517287049
2	2	1	20	10000000	1.3000000000000003	6.870592773971001
2	2	1	20	10000000	1.5000000000000002	6.90267439942881
2	2	1	20	10000000	1.7000000000000002	6.9189699638158615
2	2	1	20	10000000	1.9000000000000001	6.926004458763706
2	2	1	20	10000000	2.1	6.927127607287324
2	2	1	20	10000000	2.3000000000000003	6.924214028785472
2	2	1	20	10000000	2.5000000000000004	6.9184041158609455
2	2	1	20	10000000	2.7	6.910442526440232
2	2	1	20	10000000	2.9000000000000004	6.900845504564803
2	2	1	20	10000000	3.1	6.889984208325678
2	2	1	20	10000000	3.3000000000000003	6.878140256048449
2	2	1	20	10000000	3.5000000000000004	6.865528895156203
2	2	1	20	10000000	3.7	6.852316514523458
2	2	1	20	10000000	3.9000000000000004	6.83863217399422
2	2	1	20	10000000	4.5	6.795623872136728
2	2	1	20	10000000	5	6.7582890112199845
2	2	1	20	10000000	5.5	6.71990082335221
2	2	1	20	10000000	6	6.680351338302914
2	2	1	20	10000000	6.5	6.639287180675839
2	2	1	20	10000000	7	6.596203542257915
2	2	1	20	10000000	7.5	6.550509882692853
2	2	1	20	10000000	8	6.501590403590313
2	2	1	20	10000000	8.5	6.448862338754128
2	2	1	20	10000000	9	6.391830211712604
2	2	1	20	10000000	9.5	6.330134341863234
2	2	1	20	10000000	10	6.263590592419423
2	2	1	20	10000000	10.5	6.192194390337429
2	2	1	20	10000000	11	6.116157218714502
2	2	1	20	10000000	11.5	6.035846877077866
2	2	1	20	10000000	12	5.951779278339781
2	2	1	30	-10000000	0.1	8.501354598087495
2	2	1	30	-10000000	0.30000000000000004	8.281585498860732
2	2	1	30	-10000000	0.5	7.955058757145929
2	2	1	30	-10000000	0.7000000000000001	7.559568244485207
2	2	1	30	-10000000	0.9	7.214235404975869
2	2	1	30	-10000000	1.1	7.000454768870064
2	2	1	30	-10000000	1.3000000000000003	6.913634372259149
2	2	1	30	-10000000	1.5000000000000002	7.101223584588365
2	2	1	30	-10000000	1.7000000000000002	8.619952423368135
2	2	1	30	-10000000	1.9000000000000001	8.843408371342646
2	2	1	30	-10000000	2.1	8.88542495107635
2	2	1	30	-10000000	2.3000000000000003	8.907444406849852
2	2	1	30	-10000000	2.5000000000000004	8.922570993414062
2	2	1	30	-10000000	2.7	8.933575434283657
2	2	1	30	-10000000	2.9000000000000004	8.941255643198895
2	2	1	30	-10000000	3.1	8.94642264196141
2	2	1	30	-10000000	3.3000000000000003	8.94891048312358
2	2	1	30	-10000000	3.5000000000000004	8.949004298361944
2	2	1	30	-10000000	3.7	8.946821179705164
2	2	1	30	-10000000	3.9000000000000004	8.942467015307283
2	2	1	30	-10000000	4.5	8.917358024870799
2	2	1	30	-10000000	5	8.884101196257767
2	2	1	30	-10000000	5.5	8.84127562535016
2	2	1	30	-10000000	6	8.790327915658553
2	2	1	30	-10000000	6.5	8.732521057936049
2	2	1	30	-10000000	7	8.668894900034154
2	2	1	30	-10000000	7.5	8.60027606840768
2	2	1	30	-10000000	8	8.527316945046575
2	2	1	30	-10000000	8.5	8.45053657431476
2	2	1	30	-10000000	9	8.37036457703395
2	2	1	30	-10000000	9.5	8.287163306754032
2	2	1	30	-10000000	10	8.201248622396065
2	2	1	30	-10000000	10.5	8.112879695387004
2	2	1	30	-10000000	11	8.022272070272022
2	2	1	30	-10000000	11.5	7.929569048326989
2	2	1	30	-10000000	12	7.834822403898888
2	2	1	30	-5000000	0.1	7.605368327751951
2	2	1	30	-5000000	0.30000000000000004	7.573828240817425
2	2	1	30	-5000000	0.5	7.698646647633124
2	2	1	30	-5000000	0.7000000000000001	8.3436042120601
2	2	1	30	-5000000	0.9	8.7101637708748
2	2	1	30	-5000000	1.1	8.787520892842801
2	2	1	30	-5000000	1.3000000000000003	8.820050691048744
2	2	1	30	-5000000	1.5000000000000002	8.840512711259262
2	2	1	30	-5000000	1.7000000000000002	8.855734220643328
2	2	1	30	-5000000	1.9000000000000001	8.868090097021604
2	2	1	30	-5000000	2.1	8.878345434146947
2	2	1	30	-5000000	2.3000000000000003	8.886966566515571
2	2	1	30	-5000000	2.5000000000000004	8.894166060529486
2	2	1	30	-5000000	2.7	8.900052602312371
2	2	1	30	-5000000	2.9000000000000004	8.904743892112393
2	2	1	30	-5000000	3.1	8.908198346317105
2	2	1	30	-5000000	3.3000000000000003	8.910717067859865
2	2	1	30	-5000000	3.5000000000000004	8.911935828430524
2	2	1	30	-5000000	3.7	8.912159728454203
2	2	1	30	-5000000	3.9000000000000004	8.911330502075593
2	2	1	30	-5000000	4.5	8.902606766253628
2	2	1	30	-5000000	5	8.888231943206922
2	2	1	30	-5000000	5.5	8.86742697612506
2	2	1	30	-5000000	6	8.840313945642936
2	2	1	30	-5000000	6.5	8.807173867898848
2	2	1	30	-5000000	7	8.76845076731724
2	2	1	30	-5000000	7.5	8.724706849196174
2	2	1	30	-5000000	8	8.67655621309157
2	2	1	30	-5000000	8.5	8.62447259374172
2	2	1	30	-5000000	9	8.569403175973518
2	2	1	30	-5000000	9.5	8.511436596800309
2	2	1	30	-5000000	10	8.451118557414278
2	2	1	30	-5000000	10.5	8.388815973238621
2	2	1	30	-5000000	11	8.32489482527768
2	2	1	30	-5000000	11.5	8.259799622159377
2	2	1	30	-5000000	12	8.194195716674626
2	2	1	30	0	0.1	8.667643522881987
2	2	1	30	0	0.30000000000000004	8.717029781295134
2	2	1	30	0	0.5	8.745820270840792
2	2	1	30	0	0.7000000000000001	8.766832007630336
2	2	1	30	0	0.9	8.782750932638058
2	2	1	30	0	1.1	8.794848855972115
2	2	1	30	0	1.3000000000000003	8.803985581417042
2	2	1	30	0	1.5000000000000002	8.810770351800429
2	2	1	30	0	1.7000000000000002	8.815621462651333
2	2	1	30	0	1.9000000000000001	8.818821523731593
2	2	1	30	0	2.1	8.820568960094793
2	2	1	30	0	2.3000000000000003	8.8210152669361
2	2	1	30	0	2.5000000000000004	8.820286682419827
2	2	1	30	0	2.7	8.818495428202773
2	2	1	30	0	2.9000000000000004	8.815744823194969
2	2	1	30	0	3.1	8.812131039459551
2	2	1	30	0	3.3000000000000003	8.807743397174347
2	2	1	30	0	3.5000000000000004	8.802664214045503
2	2	1	30	0	3.7	8.796968629570046
2	2	1	30	0	3.9000000000000004	8.790725324213996
2	2	1	30	0	4.5	8.76928774355434
2	2	1	30	0	5	8.74907164135027
2	2	1	30	0	5.5	8.727321994852534
2	2	1	30	0	6	8.704458346074231
2	2	1	30	0	6.5	8.68092957814729
2	2	1	30	0	7	8.656959665970076
2	2	1	30	0	7.5	8.632834503425896
2	2	1	30	0	8	8.608774590115306
2	2	1	30	0	8.5	8.585223740529162
2	2	1	30	0	9	8.562436751080547
2	2	1	30	0	9.5	8.541012490238959
2	2	1	30	0	10	8.52176923559301
2	2	1	30	0	10.5	8.505872180474354
2	2	1	30	0	11	8.49514963502565
2	2	1	30	0	11.5	8.491913114577239
2	2	1	30	0	12	8.498633102881307
2	2	1	30	5000000	0.1	7.688267283134342
2	2	1	30	5000000	0.30000000000000004	7.689674321292454
2	2	1	30	5000000	0.5	8.543750090188137
2	2	1	30	5000000	0.7000000000000001	8.653747223697945
2	2	1	30	5000000	0.9	8.694406968066097
2	2	1	30	5000000	1.1	8.7182015920817
2	2	1	30	5000000	1.3000000000000003	8.7324401445991
2	2	1	30	5000000	1.5000000000000002	8.740164552788183
2	2	1	30	5000000	1.7000000000000002	8.743164248926423
2	2	1	30	5000000	1.9000000000000001	8.742585638990434
2	2	1	30	5000000	2.1	8.739196062400424
2	2	1	30	5000000	2.3000000000000003	8.733530608267497
2	2	1	30	5000000	2.5000000000000004	8.725978259462538
2	2	1	30	5000000	2.7	8.716833572163633
2	2	1	30	5000000	2.9000000000000004	8.706326614034129
2	2	1	30	5000000	3.1	8.694644561536284
2	2	1	30	5000000	3.3000000000000003	8.681937621414631
2	2	1	30	5000000	3.5000000000000004	8.668330117238837
2	2	1	30	5000000	3.7	8.653922942015342
2	2	1	30	5000000	3.9000000000000004	8.63879713125837
2	2	1	30	5000000	4.5	8.589662242726112
2	2	1	30	5000000	5	8.544814249361583
2	2	1	30	5000000	5.5	8.496408376782126
2	2	1	30	5000000	6	8.44405125329815
2	2	1	30	5000000	6.5	8.38709782416575
2	2	1	30	5000000	7	8.324823358192054
2	2	1	30	5000000	7.5	8.256564291374856
2	2	1	30	5000000	8	8.181824133365923
2	2	1	30	5000000	8.5	8.100351559503725
2	2	1	30	5000000	9	8.012182662238546
2	2	1	30	5000000	9.5	7.9176266585371
2	2	1	30	5000000	10	7.817225249869888
2	2	1	30	5000000	10.5	7.711717365325643
2	2	1	30	5000000	11	7.601994279037069
2	2	1	30	5000000	11.5	7.489076935444726
2	2	1	30	5000000	12	7.374130999912689
2	2	1	30	10000000	0.1	8.456974658097307
2	2	1	30	10000000	0.30000000000000004	8.05059970029474
2	2	1	30	10000000	0.5	7.657689896866296
2	2	1	30	10000000	0.7000000000000001	7.367606990034392
2	2	1	30	10000000	0.9	7.358250770332373
2	2	1	30	10000000	1.1	8.343899793535547
2	2	1	30	10000000	1.3000000000000003	8.573435737388424
2	2	1	30	10000000	1.5000000000000002	8.623697253452995
2	2	1	30	10000000	1.7000000000000002	8.642871693735033
2	2	1	30	10000000	1.9000000000000001	8.649132865588324
2	2	1	30	10000000	2.1	8.648090786991563
2	2	1	30	10000000	2.3000000000000003	8.642318169394654
2	2	1	30	10000000	2.5000000000000004	8.633240306274192
2	2	1	30	10000000	2.7	8.621721503703474
2	2	1	30	10000000	2.9000000000000004	8.608321048117844
2	2	1	30	10000000	3.1	8.593414523056246
2	2	1	30	10000000	3.3000000000000003	8.577258893654312
2	2	1	30	10000000	3.5000000000000004	8.560025985346769
2	2	1	30	10000000	3.7	8.541827763120672
2	2	1	30	10000000	3.9000000000000004	8.52273031397068
2	2	1	30	10000000	4.5	8.460222890109298
2	2	1	30	10000000	5	8.401850222161494
2	2	1	30	10000000	5.5	8.337007476696577
2	2	1	30	10000000	6	8.26486096109561
2	2	1	30	10000000	6.5	8.184710054544658
2	2	1	30	10000000	7	8.096136299106234
2	2	1	30	10000000	7.5	7.999077000122902
2	2	1	30	10000000	8	7.893826282050104
2	2	1	30	10000000	8.5	7.78103362515632
2	2	1	30	10000000	9	7.66157688320169
2	2	1	30	10000000	9.5	7.536544493223161
2	2	1	30	10000000	10	7.407141116492191
2	2	1	30	10000000	10.5	7.2746225510104185
2	2	1	30	10000000	11	7.140242530902217
2	2	1	30	10000000	11.5	7.005206943147093
2	2	1	30	10000000	12	6.870631632118426