% m,B0,E0,h1,Integration_1_meV
-1,0,-10000000,0.1,4.257421364461249
-1,0,-10000000,0.30000000000000004,4.2480358353119785
-1,0,-10000000,0.5,4.238991614120001
-1,0,-10000000,0.7000000000000001,4.229875380497783
-1,0,-10000000,0.9,4.218525688305204
-1,0,-10000000,1.1,4.2017568830192555
-1,0,-10000000,1.3000000000000003,4.18039291360947
-1,0,-10000000,1.5000000000000002,4.159033162950599
-1,0,-10000000,1.7000000000000002,4.140030658873385
-1,0,-10000000,1.9000000000000001,4.1235369910815685
-1,0,-10000000,2.1,4.109202400525595
-1,0,-10000000,2.3000000000000003,4.096698381341824
-1,0,-10000000,2.5000000000000004,4.085768035187995
-1,0,-10000000,2.7,4.076203701201149
-1,0,-10000000,2.9000000000000004,4.067828598234139
-1,0,-10000000,3.1,4.060487967145661
-1,0,-10000000,3.3000000000000003,4.054045258819367
-1,0,-10000000,3.5000000000000004,4.048380132785541
-1,0,-10000000,3.7,4.043387124712249
-1,0,-10000000,3.9000000000000004,4.038974302113792
-1,0,-10000000,4.5,4.028473225057765
-1,0,-10000000,5,4.02201568907908
-1,0,-10000000,5.5,4.016968976650627
-1,0,-10000000,6,4.012910302212036
-1,0,-10000000,6.5,4.009549690953208
-1,0,-10000000,7,4.006687681720949
-1,0,-10000000,7.5,4.004187400582191
-1,0,-10000000,8,4.001956134566251
-1,0,-10000000,8.5,3.999933002220789
-1,0,-10000000,9,3.9980804361747877
-1,0,-10000000,9.5,3.996377966029563
-1,0,-10000000,10,3.9948173222499257
-1,0,-10000000,10.5,3.993398264306562
-1,0,-10000000,11,3.99212482578196
-1,0,-10000000,11.5,3.991001916236549
-1,0,-10000000,12,3.9900322049154244
-1,0,-5000000,0.1,4.27564189526996
-1,0,-5000000,0.30000000000000004,4.2574186880823905
-1,0,-5000000,0.5,4.2378138366378275
-1,0,-5000000,0.7000000000000001,4.217767374532091
-1,0,-5000000,0.9,4.1980402863241535
-1,0,-5000000,1.1,4.179107645297537
-1,0,-5000000,1.3000000000000003,4.161226610628726
-1,0,-5000000,1.5000000000000002,4.144548410583308
-1,0,-5000000,1.7000000000000002,4.1291724991636976
-1,0,-5000000,1.9000000000000001,4.11515340348392
-1,0,-5000000,2.1,4.102497147144669
-1,0,-5000000,2.3000000000000003,4.091165238256774
-1,0,-5000000,2.5000000000000004,4.081084401536495
-1,0,-5000000,2.7,4.072157355707053
-1,0,-5000000,2.9000000000000004,4.064275600974305
-1,0,-5000000,3.1,4.057327792330287
-1,0,-5000000,3.3000000000000003,4.051205782882359
-1,0,-5000000,3.5000000000000004,4.0458087374179375
-1,0,-5000000,3.7,4.041044937426064
-1,0,-5000000,3.9000000000000004,4.036832420048171
-1,0,-5000000,4.5,4.026825143098232
-1,0,-5000000,5,4.020719104982527
-1,0,-5000000,5.5,4.016013501080934
-1,0,-5000000,6,4.012311177424028
-1,0,-5000000,6.5,4.0093390612271635
-1,0,-5000000,7,4.006908251746009
-1,0,-5000000,7.5,4.004886878756419
-1,0,-5000000,8,4.003181783850463
-1,0,-5000000,8.5,4.001726068204645
-1,0,-5000000,9,4.000470621530596
-1,0,-5000000,9.5,3.9993782700688683
-1,0,-5000000,10,3.998419826901585
-1,0,-5000000,10.5,3.9975714570277745
-1,0,-5000000,11,3.996812984125066
-1,0,-5000000,11.5,3.996126858908414
-1,0,-5000000,12,3.995497542950417
-1,0,0,0.1,4.248150216229296
-1,0,0,0.30000000000000004,4.233459927006707
-1,0,0,0.5,4.217997192203863
-1,0,0,0.7000000000000001,4.2019894303023975
-1,0,0,0.9,4.185682544939797
-1,0,0,1.1,4.169388505258224
-1,0,0,1.3000000000000003,4.153439049237105
-1,0,0,1.5000000000000002,4.138160299097647
-1,0,0,1.7000000000000002,4.123800179460431
-1,0,0,1.9000000000000001,4.110539075409312
-1,0,0,2.1,4.0984581439310945
-1,0,0,2.3000000000000003,4.087577901232762
-1,0,0,2.5000000000000004,4.0778575085518955
-1,0,0,2.7,4.069225409011382
-1,0,0,2.9000000000000004,4.061590980273994
-1,0,0,3.1,4.05485406806185
-1,0,0,3.3000000000000003,4.048914786472353
-1,0,0,3.5000000000000004,4.043678938073203
-1,0,0,3.7,4.039059633743822
-1,0,0,3.9000000000000004,4.034978557655685
-1,0,0,4.5,4.025314320277327
-1,0,0,5,4.01946046142086
-1,0,0,5.5,4.014993306338427
-1,0,0,6,4.011523888933915
-1,0,0,6.5,4.008781800246034
-1,0,0,7,4.006576998564889
-1,0,0,7.5,4.004773763083273
-1,0,0,8,4.003273117121692
-1,0,0,8.5,4.002001596707116
-1,0,0,9,4.000903574497097
-1,0,0,9.5,3.999936259834646
-1,0,0,10,3.999066381314371
-1,0,0,10.5,3.998267871392373
-1,0,0,11,3.997520339271224
-1,0,0,11.5,3.9968077569891602
-1,0,0,12,3.996117642922765
-1,0,5000000,0.1,4.217069482444111
-1,0,5000000,0.30000000000000004,4.212264349600706
-1,0,5000000,0.5,4.203524589128566
-1,0,5000000,0.7000000000000001,4.191783724985561
-1,0,5000000,0.9,4.178058427935413
-1,0,5000000,1.1,4.163278597161973
-1,0,5000000,1.3000000000000003,4.148208391662474
-1,0,5000000,1.5000000000000002,4.133412781340806
-1,0,5000000,1.7000000000000002,4.119406518187482
-1,0,5000000,1.9000000000000001,4.106343934186933
-1,0,5000000,2.1,4.0944010342041155
-1,0,5000000,2.3000000000000003,4.0836210990088215
-1,0,5000000,2.5000000000000004,4.0739785347331114
-1,0,5000000,2.7,4.065406619228217
-1,0,5000000,2.9000000000000004,4.057822068139833
-1,0,5000000,3.1,4.051129189215666
-1,0,5000000,3.3000000000000003,4.045231193196575
-1,0,5000000,3.5000000000000004,4.04002981951555
-1,0,5000000,3.7,4.035441524552362
-1,0,5000000,3.9000000000000004,4.031390275596593
-1,0,5000000,4.5,4.021810267205127
-1,0,5000000,5,4.016030804698177
-1,0,5000000,5.5,4.011650197430966
-1,0,5000000,6,4.0082843361763505
-1,0,5000000,6.5,4.005665847143994
-1,0,5000000,7,4.003605183531197
-1,0,5000000,7.5,4.001965038225581
-1,0,5000000,8,4.000643949397258
-1,0,5000000,8.5,3.9995648084156015
-1,0,5000000,9,3.9986680604488942
-1,0,5000000,9.5,3.997907275335155
-1,0,5000000,10,3.9972462513055302
-1,0,5000000,10.5,3.9966569842453015
-1,0,5000000,11,3.9961180221026917
-1,0,5000000,11.5,3.9956134571078796
-1,0,5000000,12,3.9951310510054077
-1,0,10000000,0.1,4.130103070128924
-1,0,10000000,0.30000000000000004,4.144301846411142
-1,0,10000000,0.5,4.15780207778094
-1,0,10000000,0.7000000000000001,4.165192303525247
-1,0,10000000,0.9,4.1634727046394095
-1,0,10000000,1.1,4.154478851269989
-1,0,10000000,1.3000000000000003,4.141655423277193
-1,0,10000000,1.5000000000000002,4.127493793293301
-1,0,10000000,1.7000000000000002,4.113351845162295
-1,0,10000000,1.9000000000000001,4.09989763323785
-1,0,10000000,2.1,4.08743141831727
-1,0,10000000,2.3000000000000003,4.076056827625875
-1,0,10000000,2.5000000000000004,4.065769737735887
-1,0,10000000,2.7,4.056507414230871
-1,0,10000000,2.9000000000000004,4.048176744330124
-1,0,10000000,3.1,4.0406724488483885
-1,0,10000000,3.3000000000000003,4.033886379626798
-1,0,10000000,3.5000000000000004,4.02771332403203
-1,0,10000000,3.7,4.022054664679566
-1,0,10000000,3.9000000000000004,4.016818624996731
-1,0,10000000,4.5,4.0028336053675
-1,0,10000000,5,3.9920985287667894
-1,0,10000000,5.5,3.9811539438719437
-1,0,10000000,6,3.969104987001809
-1,0,10000000,6.5,3.955153727726003
-1,0,10000000,7,3.938755482794364
-1,0,10000000,7.5,3.9198725298419173
-1,0,10000000,8,3.899078859326167
-1,0,10000000,8.5,3.877261553762662
-1,0,10000000,9,3.8551187017443587
-1,0,10000000,9.5,3.8329203498039077
-1,0,10000000,10,3.8106130438733055
-1,0,10000000,10.5,3.7880194890026013
-1,0,10000000,11,3.7649684361539815
-1,0,10000000,11.5,3.7413439773091177
-1,0,10000000,12,3.717091003050294
-1,5,-10000000,0.1,6.177457065320392
-1,5,-10000000,0.30000000000000004,6.1597613998216545
-1,5,-10000000,0.5,6.14662677790345
-1,5,-10000000,0.7000000000000001,6.137107401143494
-1,5,-10000000,0.9,6.120846818528644
-1,5,-10000000,1.1,6.07755811803865
-1,5,-10000000,1.3000000000000003,6.008371235372387
-1,5,-10000000,1.5000000000000002,5.938909414441257
-1,5,-10000000,1.7000000000000002,5.880542580997109
-1,5,-10000000,1.9000000000000001,5.832449004019166
-1,5,-10000000,2.1,5.792148434384961
-1,5,-10000000,2.3000000000000003,5.757852323037983
-1,5,-10000000,2.5000000000000004,5.728382919367211
-1,5,-10000000,2.7,5.70291443455641
-1,5,-10000000,2.9000000000000004,5.680820249277095
-1,5,-10000000,3.1,5.661597053285894
-1,5,-10000000,3.3000000000000003,5.644827157329379
-1,5,-10000000,3.5000000000000004,5.630158331392325
-1,5,-10000000,3.7,5.6172914876154945
-1,5,-10000000,3.9000000000000004,5.6059720425623185
-1,5,-10000000,4.5,5.5792859883012715
-1,5,-10000000,5,5.563145077710743
-1,5,-10000000,5.5,5.5507919790944324
-1,5,-10000000,6,5.541144727334864
-1,5,-10000000,6.5,5.5334734403455395
-1,5,-10000000,7,5.52728680248259
-1,5,-10000000,7.5,5.522258517082348
-1,5,-10000000,8,5.518179145958755
-1,5,-10000000,8.5,5.5149237089688485
-1,5,-10000000,9,5.512428776765151
-1,5,-10000000,9.5,5.510675014798612
-1,5,-10000000,10,5.50967265518837
-1,5,-10000000,10.5,5.509448478831507
-1,5,-10000000,11,5.510033745327062
-1,5,-10000000,11.5,5.511453167772756
-1,5,-10000000,12,5.513715470181463
-1,5,-5000000,0.1,6.2826601821917
-1,5,-5000000,0.30000000000000004,6.226502709430443
-1,5,-5000000,0.5,6.164298511018182
-1,5,-5000000,0.7000000000000001,6.10066219272033
-1,5,-5000000,0.9,6.039384070730297
-1,5,-5000000,1.1,5.982441252025608
-1,5,-5000000,1.3000000000000003,5.930418293139401
-1,5,-5000000,1.5000000000000002,5.883289543627204
-1,5,-5000000,1.7000000000000002,5.840856839402564
-1,5,-5000000,1.9000000000000001,5.802878295181577
-1,5,-5000000,2.1,5.7690800151871375
-1,5,-5000000,2.3000000000000003,5.739153360988716
-1,5,-5000000,2.5000000000000004,5.712761152555689
-1,5,-5000000,2.7,5.689552298415358
-1,5,-5000000,2.9000000000000004,5.66917823589477
-1,5,-5000000,3.1,5.651305732915952
-1,5,-5000000,3.3000000000000003,5.635625884791199
-1,5,-5000000,3.5000000000000004,5.621858850278425
-1,5,-5000000,3.7,5.609755453983112
-1,5,-5000000,3.9000000000000004,5.599096603053102
-1,5,-5000000,4.5,5.574003719031377
-1,5,-5000000,5,5.558954134692308
-1,5,-5000000,5.5,5.547615074188572
-1,5,-5000000,6,5.5389758329045975
-1,5,-5000000,6.5,5.532345622717262
-1,5,-5000000,7,5.527248797520584
-1,5,-5000000,7.5,5.523354756820882
-1,5,-5000000,8,5.520431101762178
-1,5,-5000000,8.5,5.518312131370381
-1,5,-5000000,9,5.516877515829654
-1,5,-5000000,9.5,5.5160378410146205
-1,5,-5000000,10,5.515724895198041
-1,5,-5000000,10.5,5.515885261817383
-1,5,-5000000,11,5.516476188098676
-1,5,-5000000,11.5,5.517462937573732
-1,5,-5000000,12,5.51881700446444
-1,5,0,0.1,6.179389823331794
-1,5,0,0.30000000000000004,6.133442402645463
-1,5,0,0.5,6.086103385063258
-1,5,0,0.7000000000000001,6.0383184344607415
-1,5,0,0.9,5.990956306956977
-1,5,0,1.1,5.944850273148969
-1,5,0,1.3000000000000003,5.9007627670292395
-1,5,0,1.5000000000000002,5.8593275727293355
-1,5,0,1.7000000000000002,5.820998542751816
-1,5,0,1.9000000000000001,5.786032531277652
-1,5,0,2.1,5.754499398490458
-1,5,0,2.3000000000000003,5.7263194700734985
-1,5,0,2.5000000000000004,5.701307671684341
-1,5,0,2.7,5.679215144272283
-1,5,0,2.9000000000000004,5.659763059308372
-1,5,0,3.1,5.642667052727449
-1,5,0,3.3000000000000003,5.627653171839409
-1,5,0,3.5000000000000004,5.614467074806423
-1,5,0,3.7,5.6028785505902805
-1,5,0,3.9000000000000004,5.592682837865068
-1,5,0,4.5,5.568767085810395
-1,5,0,5,5.554547852768159
-1,5,0,5.5,5.543961525456531
-1,5,0,6,5.53602187241349
-1,5,0,6.5,5.530043664984967
-1,5,0,7,5.525543235600168
-1,5,0,7.5,5.522172198426179
-1,5,0,8,5.519674039243529
-1,5,0,8.5,5.517855428505391
-1,5,0,9,5.516567875556766
-1,5,0,9.5,5.515695361549424
-1,5,0,10,5.515146209694979
-1,5,0,10.5,5.514847725307273
-1,5,0,11,5.5147418412853355
-1,5,0,11.5,5.5147828554829
-1,5,0,12,5.514934184284317
-1,5,5000000,0.1,6.08143723534984
-1,5,5000000,0.30000000000000004,6.063701134768104
-1,5,5000000,0.5,6.035885241295832
-1,5,5000000,0.7000000000000001,6.000911921321178
-1,5,5000000,0.9,5.961696748276138
-1,5,5000000,1.1,5.920715525686112
-1,5,5000000,1.3000000000000003,5.879883593269454
-1,5,5000000,1.5000000000000002,5.840575511200675
-1,5,5000000,1.7000000000000002,5.803696796258146
-1,5,5000000,1.9000000000000001,5.769768423954793
-1,5,5000000,2.1,5.739012833631354
-1,5,5000000,2.3000000000000003,5.7114399838236265
-1,5,5000000,2.5000000000000004,5.686918002301684
-1,5,5000000,2.7,5.665231063201632
-1,5,5000000,2.9000000000000004,5.646121903029939
-1,5,5000000,3.1,5.6293210062803585
-1,5,5000000,3.3000000000000003,5.614565163090746
-1,5,5000000,3.5000000000000004,5.601608220367141
-1,5,5000000,3.7,5.590226549395492
-1,5,5000000,3.9000000000000004,5.580220516392757
-1,5,5000000,4.5,5.556811642598944
-1,5,5000000,5,5.542988761017914
-1,5,5000000,5.5,5.5328109455262995
-1,5,5000000,6,5.525314249000053
-1,5,5000000,6.5,5.519827062836844
-1,5,5000000,7,5.515872908083696
-1,5,5000000,7.5,5.513105836573423
-1,5,5000000,8,5.511268898420383
-1,5,5000000,8.5,5.510167702704785
-1,5,5000000,9,5.50965385370777
-1,5,5000000,9.5,5.509614507113632
-1,5,5000000,10,5.509965476622096
-1,5,5000000,10.5,5.510646200037767
-1,5,5000000,11,5.511615862013254
-1,5,5000000,11.5,5.512847996984413
-1,5,5000000,12,5.514329890912324
-1,5,10000000,0.1,5.873192549664864
-1,5,10000000,0.30000000000000004,5.905675382215947
-1,5,10000000,0.5,5.933268820885571
-1,5,10000000,0.7000000000000001,5.942165369165874
-1,5,10000000,0.9,5.927445789453994
-1,5,10000000,1.1,5.896448135777
-1,5,10000000,1.3000000000000003,5.858417793899092
-1,5,10000000,1.5000000000000002,5.819028371554974
-1,5,10000000,1.7000000000000002,5.78101720880253
-1,5,10000000,1.9000000000000001,5.745574997461531
-1,5,10000000,2.1,5.713147070900993
-1,5,10000000,2.3000000000000003,5.683797795280273
-1,5,10000000,2.5000000000000004,5.657391890297745
-1,5,10000000,2.7,5.633688745325995
-1,5,10000000,2.9000000000000004,5.612404962741098
-1,5,10000000,3.1,5.593234091524973
-1,5,10000000,3.3000000000000003,5.575881917402499
-1,5,10000000,3.5000000000000004,5.560066767426882
-1,5,10000000,3.7,5.545527444448296
-1,5,10000000,3.9000000000000004,5.532023799731282
-1,5,10000000,4.5,5.495609405682246
-1,5,10000000,5,5.467207521880815
-1,5,10000000,5.5,5.437832484180218
-1,5,10000000,6,5.4051305726373915
-1,5,10000000,6.5,5.3670387211213155
-1,5,10000000,7,5.322270451732926
-1,5,10000000,7.5,5.271065757770265
-1,5,10000000,8,5.215469280393634
-1,5,10000000,8.5,5.1583852469826565
-1,5,10000000,9,5.102066319355382
-1,5,10000000,9.5,5.047407788769996
-1,5,10000000,10,4.994289137303157
-1,5,10000000,10.5,4.9421938439806175
-1,5,10000000,11,4.8906077512542705
-1,5,10000000,11.5,4.8391673617864175
-1,5,10000000,12,4.787673915885646
-1,10,-10000000,0.1,8.501317901427205
-1,10,-10000000,0.30000000000000004,8.514152681046886
-1,10,-10000000,0.5,8.571030196655629
-1,10,-10000000,0.7000000000000001,8.700670613035378
-1,10,-10000000,0.9,8.926605430122635
-1,10,-10000000,1.1,9.195191304487281
-1,10,-10000000,1.3000000000000003,9.355129886610372
-1,10,-10000000,1.5000000000000002,9.375191597659253
-1,10,-10000000,1.7000000000000002,9.332426530931674
-1,10,-10000000,1.9000000000000001,9.274215497442873
-1,10,-10000000,2.1,9.216379303826207
-1,10,-10000000,2.3000000000000003,9.163269161680555
-1,10,-10000000,2.5000000000000004,9.115757798544658
-1,10,-10000000,2.7,9.073665308336537
-1,10,-10000000,2.9000000000000004,9.036498442805916
-1,10,-10000000,3.1,9.003692932939439
-1,10,-10000000,3.3000000000000003,8.974699021887886
-1,10,-10000000,3.5000000000000004,8.949012274442184
-1,10,-10000000,3.7,8.926183128777733
-1,10,-10000000,3.9000000000000004,8.905817451071663
-1,10,-10000000,4.5,8.856310525353765
-1,10,-10000000,5,8.824730876287628
-1,10,-10000000,5.5,8.799090423529604
-1,10,-10000000,6,8.77762082937141
-1,10,-10000000,6.5,8.759131444172318
-1,10,-10000000,7,8.74282985790259
-1,10,-10000000,7.5,8.728200418600318
-1,10,-10000000,8,8.714923907691313
-1,10,-10000000,8.5,8.70282177540209
-1,10,-10000000,9,8.691813161010218
-1,10,-10000000,9.5,8.681879429534852
-1,10,-10000000,10,8.673031696678185
-1,10,-10000000,10.5,8.665279837228418
-1,10,-10000000,11,8.65860333019921
-1,10,-10000000,11.5,8.652925471444325
-1,10,-10000000,12,8.648093622441214
-1,10,-5000000,0.1,9.688696228357665
-1,10,-5000000,0.30000000000000004,9.704243201925026
-1,10,-5000000,0.5,9.691384431505343
-1,10,-5000000,0.7000000000000001,9.649310944190091
-1,10,-5000000,0.9,9.58632580738512
-1,10,-5000000,1.1,9.513280043479448
-1,10,-5000000,1.3000000000000003,9.438294954892502
-1,10,-5000000,1.5000000000000002,9.36599636398521
-1,10,-5000000,1.7000000000000002,9.298628619171021
-1,10,-5000000,1.9000000000000001,9.237111374904421
-1,10,-5000000,2.1,9.181660055149235
-1,10,-5000000,2.3000000000000003,9.132109487992558
-1,10,-5000000,2.5000000000000004,9.088088551758483
-1,10,-5000000,2.7,9.049123108128788
-1,10,-5000000,2.9000000000000004,9.014700509162694
-1,10,-5000000,3.1,8.984310230772294
-1,10,-5000000,3.3000000000000003,8.957468291007281
-1,10,-5000000,3.5000000000000004,8.93373047625658
-1,10,-5000000,3.7,8.912698048237903
-1,10,-5000000,3.9000000000000004,8.894018645166337
-1,10,-5000000,4.5,8.849219315028645
-1,10,-5000000,5,8.821487759630884
-1,10,-5000000,5.5,8.799870320622723
-1,10,-5000000,6,8.782738195081762
-1,10,-5000000,6.5,8.76898099147403
-1,10,-5000000,7,8.757833503621216
-1,10,-5000000,7.5,8.748756144619515
-1,10,-5000000,8,8.741363306071502
-1,10,-5000000,8.5,8.735359022336308
-1,10,-5000000,9,8.730512005989723
-1,10,-5000000,9.5,8.726623327186923
-1,10,-5000000,10,8.723514436977245
-1,10,-5000000,10.5,8.721016834989475
-1,10,-5000000,11,8.718966716809208
-1,10,-5000000,11.5,8.717201375985006
-1,10,-5000000,12,8.715558732838616
-1,10,0,0.1,9.800741835212463
-1,10,0,0.30000000000000004,9.738179947761804
-1,10,0,0.5,9.669402680962792
-1,10,0,0.7000000000000001,9.59697783524246
-1,10,0,0.9,9.523243707384587
-1,10,0,1.1,9.450270500662151
-1,10,0,1.3000000000000003,9.379772391521273
-1,10,0,1.5000000000000002,9.313066001628977
-1,10,0,1.7000000000000002,9.251057638324863
-1,10,0,1.9000000000000001,9.194263510260118
-1,10,0,2.1,9.142862996519321
-1,10,0,2.3000000000000003,9.096773083724583
-1,10,0,2.5000000000000004,9.05572774157596
-1,10,0,2.7,9.019349296888413
-1,10,0,2.9000000000000004,8.987205366324307
-1,10,0,3.1,8.958849865283915
-1,10,0,3.3000000000000003,8.93384996057174
-1,10,0,3.5000000000000004,8.911801985880139
-1,10,0,3.7,8.89233943165598
-1,10,0,3.9000000000000004,8.875135639699293
-1,10,0,4.5,8.834383123169903
-1,10,0,5,8.809770631098104
-1,10,0,5.5,8.791157160696214
-1,10,0,6,8.77695364428212
-1,10,0,6.5,8.766043609865754
-1,10,0,7,8.757623067940488
-1,10,0,7.5,8.751095015045596
-1,10,0,8,8.746001664043217
-1,10,0,8.5,8.741981769945827
-1,10,0,9,8.738744160702707
-1,10,0,9.5,8.736051353806113
-1,10,0,10,8.73370912844603
-1,10,0,10.5,8.731559374775594
-1,10,0,11,8.72947461382068
-1,10,0,11.5,8.727353328844718
-1,10,0,12,8.725115737445172
-1,10,5000000,0.1,9.457907390939694
-1,10,5000000,0.30000000000000004,9.48936607801042
-1,10,5000000,0.5,9.487124876692732
-1,10,5000000,0.7000000000000001,9.459040076222132
-1,10,5000000,0.9,9.413846019823945
-1,10,5000000,1.1,9.358999837794476
-1,10,5000000,1.3000000000000003,9.300096326406292
-1,10,5000000,1.5000000000000002,9.240996415550253
-1,10,5000000,1.7000000000000002,9.184178732281827
-1,10,5000000,1.9000000000000001,9.131097901760326
-1,10,5000000,2.1,9.082484857641623
-1,10,5000000,2.3000000000000003,9.038581418050418
-1,10,5000000,2.5000000000000004,8.999316160671063
-1,10,5000000,2.7,8.96443172701423
-1,10,5000000,2.9000000000000004,8.933573139685148
-1,10,5000000,3.1,8.906346629691956
-1,10,5000000,3.3000000000000003,8.882356501117904
-1,10,5000000,3.5000000000000004,8.861226703972333
-1,10,5000000,3.7,8.842612123074835
-1,10,5000000,3.9000000000000004,8.826203193128432
-1,10,5000000,4.5,8.787645141207546
-1,10,5000000,5,8.76478185146209
-1,10,5000000,5.5,8.747949579061963
-1,10,5000000,6,8.735615780755383
-1,10,5000000,6.5,8.726690316288936
-1,10,5000000,7,8.720371690329959
-1,10,5000000,7.5,8.716047796495268
-1,10,5000000,8,8.713234489706162
-1,10,5000000,8.5,8.711539243819603
-1,10,5000000,9,8.71064056544919
-1,10,5000000,9.5,8.710275635737691
-1,10,5000000,10,8.710232567847985
-1,10,5000000,10.5,8.71034250934442
-1,10,5000000,11,8.7104716766341
-1,10,5000000,11.5,8.710512291722699
-1,10,5000000,12,8.710372834702019
-1,10,10000000,0.1,8.443122121463318
-1,10,10000000,0.30000000000000004,8.625950314139585
-1,10,10000000,0.5,8.842494872732884
-1,10,10000000,0.7000000000000001,9.03398148237452
-1,10,10000000,0.9,9.145354054574225
-1,10,10000000,1.1,9.17686786732556
-1,10,10000000,1.3000000000000003,9.159222703103453
-1,10,10000000,1.5000000000000002,9.11815814204279
-1,10,10000000,1.7000000000000002,9.06808217181733
-1,10,10000000,1.9000000000000001,9.016101437743425
-1,10,10000000,2.1,8.965546480035474
-1,10,10000000,2.3000000000000003,8.917861014891093
-1,10,10000000,2.5000000000000004,8.873531050813137
-1,10,10000000,2.7,8.832548786012218
-1,10,10000000,2.9000000000000004,8.794654406654542
-1,10,10000000,3.1,8.759466490217994
-1,10,10000000,3.3000000000000003,8.726553357831996
-1,10,10000000,3.5000000000000004,8.69547122199022
-1,10,10000000,3.7,8.665783404388355
-1,10,10000000,3.9000000000000004,8.637068405634206
-1,10,10000000,4.5,8.552784081593686
-1,10,10000000,5,8.47904994260715
-1,10,10000000,5.5,8.395951696454333
-1,10,10000000,6,8.297718346873259
-1,10,10000000,6.5,8.179253585954434
-1,10,10000000,7,8.03800140866299
-1,10,10000000,7.5,7.876517968755122
-1,10,10000000,8,7.703248290712405
-1,10,10000000,8.5,7.529126355262757
-1,10,10000000,9,7.362310018917649
-1,10,10000000,9.5,7.205883127853006
-1,10,10000000,10,7.059218945619446
-1,10,10000000,10.5,6.920262710236986
-1,10,10000000,11,6.786968484313599
-1,10,10000000,11.5,6.657819194785946
-1,10,10000000,12,6.531865133184005
-1,20,-10000000,0.1,10.560191501855504
-1,20,-10000000,0.30000000000000004,10.616760708366053
-1,20,-10000000,0.5,10.771032703676418
-1,20,-10000000,0.7000000000000001,11.103745398157555
-1,20,-10000000,0.9,11.741999696703024
-1,20,-10000000,1.1,12.736850809895088
-1,20,-10000000,1.3000000000000003,13.716183526464338
-1,20,-10000000,1.5000000000000002,14.252213073735508
-1,20,-10000000,1.7000000000000002,14.441542926016506
-1,20,-10000000,1.9000000000000001,14.480561294943085
-1,20,-10000000,2.1,14.463288635917518
-1,20,-10000000,2.3000000000000003,14.42556097707608
-1,20,-10000000,2.5000000000000004,14.381182075876518
-1,20,-10000000,2.7,14.335753735460424
-1,20,-10000000,2.9000000000000004,14.291604856810284
-1,20,-10000000,3.1,14.249652975156703
-1,20,-10000000,3.3000000000000003,14.210170291429009
-1,20,-10000000,3.5000000000000004,14.173126197486264
-1,20,-10000000,3.7,14.138351076167279
-1,20,-10000000,3.9000000000000004,14.10561829456896
-1,20,-10000000,4.5,14.017297415620932
-1,20,-10000000,5,13.951879901426375
-1,20,-10000000,5.5,13.891155316455732
-1,20,-10000000,6,13.833303374418858
-1,20,-10000000,6.5,13.777047252071327
-1,20,-10000000,7,13.721502224618392
-1,20,-10000000,7.5,13.666061585129292
-1,20,-10000000,8,13.61031266857258
-1,20,-10000000,8.5,13.553972363100547
-1,20,-10000000,9,13.496833549256984
-1,20,-10000000,9.5,13.438717068881935
-1,20,-10000000,10,13.379427028723933
-1,20,-10000000,10.5,13.318710201005237
-1,20,-10000000,11,13.256222711359996
-1,20,-10000000,11.5,13.19150865943675
-1,20,-10000000,12,13.12399531560488
-1,20,-5000000,0.1,13.77774732422642
-1,20,-5000000,0.30000000000000004,14.095039758641759
-1,20,-5000000,0.5,14.372299691881846
-1,20,-5000000,0.7000000000000001,14.565009278053626
-1,20,-5000000,0.9,14.664255756832494
-1,20,-5000000,1.1,14.691223299497645
-1,20,-5000000,1.3000000000000003,14.67346456165982
-1,20,-5000000,1.5000000000000002,14.63181326207249
-1,20,-5000000,1.7000000000000002,14.579082186536196
-1,20,-5000000,1.9000000000000001,14.522526679923688
-1,20,-5000000,2.1,14.466112961399682
-1,20,-5000000,2.3000000000000003,14.411932681966627
-1,20,-5000000,2.5000000000000004,14.361002242884968
-1,20,-5000000,2.7,14.313715496102171
-1,20,-5000000,2.9000000000000004,14.270108159733592
-1,20,-5000000,3.1,14.23001726550332
-1,20,-5000000,3.3000000000000003,14.19317858787952
-1,20,-5000000,3.5000000000000004,14.159285871265075
-1,20,-5000000,3.7,14.128025988239354
-1,20,-5000000,3.9000000000000004,14.099098823284825
-1,20,-5000000,4.5,14.023684778352104
-1,20,-5000000,5,13.970722672683445
-1,20,-5000000,5.5,13.924154318142714
-1,20,-5000000,6,13.882326404140144
-1,20,-5000000,6.5,13.84408375926417
-1,20,-5000000,7,13.808591690142567
-1,20,-5000000,7.5,13.775208329526354
-1,20,-5000000,8,13.743395403404762
-1,20,-5000000,8.5,13.712657181615985
-1,20,-5000000,9,13.682500361193757
-1,20,-5000000,9.5,13.652409990475151
-1,20,-5000000,10,13.621837850936709
-1,20,-5000000,10.5,13.590200274793817
-1,20,-5000000,11,13.556882591018837
-1,20,-5000000,11.5,13.521247688275041
-1,20,-5000000,12,13.482646713364202
-1,20,0,0.1,14.817914282584843
-1,20,0,0.30000000000000004,14.82083156026545
-1,20,0,0.5,14.804575918904922
-1,20,0,0.7000000000000001,14.772337214051705
-1,20,0,0.9,14.727825054855872
-1,20,0,1.1,14.674785837031735
-1,20,0,1.3000000000000003,14.61666319620789
-1,20,0,1.5000000000000002,14.556410153955346
-1,20,0,1.7000000000000002,14.496374955628283
-1,20,0,1.9000000000000001,14.438277265713262
-1,20,0,2.1,14.383255050984266
-1,20,0,2.3000000000000003,14.331956543059633
-1,20,0,2.5000000000000004,14.284653869324355
-1,20,0,2.7,14.241352800255497
-1,20,0,2.9000000000000004,14.201886806631878
-1,20,0,3.1,14.165989792698474
-1,20,0,3.3000000000000003,14.133348107886624
-1,20,0,3.5000000000000004,14.103635365409804
-1,20,0,3.7,14.076534063842095
-1,20,0,3.9000000000000004,14.051747800781925
-1,20,0,4.5,13.988728484916855
-1,20,0,5,13.946173543930824
-1,20,0,5.5,13.910148834504646
-1,20,0,6,13.87898461991842
-1,20,0,6.5,13.851444948389933
-1,20,0,7,13.826571761455197
-1,20,0,7.5,13.803585451101158
-1,20,0,8,13.781826856334023
-1,20,0,8.5,13.760726914933912
-1,20,0,9,13.73979305491574
-1,20,0,9.5,13.71860419905449
-1,20,0,10,13.696808819944229
-1,20,0,10.5,13.674122688581289
-1,20,0,11,13.650324807581345
-1,20,0,11.5,13.625251246528368
-1,20,0,12,13.598787425792938
-1,20,5000000,0.1,13.930326397822206
-1,20,5000000,0.30000000000000004,14.170142599386192
-1,20,5000000,0.5,14.323460527670191
-1,20,5000000,0.7000000000000001,14.403681583151808
-1,20,5000000,0.9,14.430141270650903
-1,20,5000000,1.1,14.420723941866518
-1,20,5000000,1.3000000000000003,14.389338497870556
-1,20,5000000,1.5000000000000002,14.345819639343263
-1,20,5000000,1.7000000000000002,14.296736678313373
-1,20,5000000,1.9000000000000001,14.24627711647007
-1,20,5000000,2.1,14.196978461347014
-1,20,5000000,2.3000000000000003,14.150273063160558
-1,20,5000000,2.5000000000000004,14.106871587236059
-1,20,5000000,2.7,14.067029468482504
-1,20,5000000,2.9000000000000004,14.030726647322899
-1,20,5000000,3.1,13.997787123736114
-1,20,5000000,3.3000000000000003,13.967956366594963
-1,20,5000000,3.5000000000000004,13.940949963133717
-1,20,5000000,3.7,13.916481661788024
-1,20,5000000,3.9000000000000004,13.894279977597389
-1,20,5000000,4.5,13.838910367597498
-1,20,5000000,5,13.802805763659123
-1,20,5000000,5.5,13.773426226789171
-1,20,5000000,6,13.749130944051178
-1,20,5000000,6.5,13.728637442177234
-1,20,5000000,7,13.710876804504556
-1,20,5000000,7.5,13.694907503290128
-1,20,5000000,8,13.679872466102196
-1,20,5000000,8.5,13.664983029872301
-1,20,5000000,9,13.649517477031063
-1,20,5000000,9.5,13.632823376034876
-1,20,5000000,10,13.614316986441546
-1,20,5000000,10.5,13.593476252053218
-1,20,5000000,11,13.569827923597122
-1,20,5000000,11.5,13.54293064087834
-1,20,5000000,12,13.512357219927626
-1,20,10000000,0.1,11.01420436959637
-1,20,10000000,0.30000000000000004,11.497477086689244
-1,20,10000000,0.5,12.152644754793544
-1,20,10000000,0.7000000000000001,12.859076624436465
-1,20,10000000,0.9,13.412443300335644
-1,20,10000000,1.1,13.730400619245112
-1,20,10000000,1.3000000000000003,13.869890616447018
-1,20,10000000,1.5000000000000002,13.907915009590097
-1,20,10000000,1.7000000000000002,13.894208296720977
-1,20,10000000,1.9000000000000001,13.85525365132737
-1,20,10000000,2.1,13.804489938836372
-1,20,10000000,2.3000000000000003,13.748674289810022
-1,20,10000000,2.5000000000000004,13.691146148430692
-1,20,10000000,2.7,13.633452182361419
-1,20,10000000,2.9000000000000004,13.57617909346987
-1,20,10000000,3.1,13.519386293228429
-1,20,10000000,3.3000000000000003,13.46284306169128
-1,20,10000000,3.5000000000000004,13.406157401911905
-1,20,10000000,3.7,13.348845834582907
-1,20,10000000,3.9000000000000004,13.290373533840803
-1,20,10000000,4.5,13.102148774320314
-1,20,10000000,5,12.92115936942451
-1,20,10000000,5.5,12.706591602243686
-1,20,10000000,6,12.446828466354225
-1,20,10000000,6.5,12.131788648224532
-1,20,10000000,7,11.757981243671352
-1,20,10000000,7.5,11.33517723170234
-1,20,10000000,8,10.88846435855064
-1,20,10000000,8.5,10.449329712834142
-1,20,10000000,9,10.041177555729453
-1,20,10000000,9.5,9.672517489951096
-1,20,10000000,10,9.340687884213128
-1,20,10000000,10.5,9.038644903048871
-1,20,10000000,11,8.759376757947756
-1,20,10000000,11.5,8.49752081086368
-1,20,10000000,12,8.24947848495645
-1,30,-10000000,0.1,11.567395603515338
-1,30,-10000000,0.30000000000000004,11.645623875088143
-1,30,-10000000,0.5,11.849096831876997
-1,30,-10000000,0.7000000000000001,12.287018203156363
-1,30,-10000000,0.9,13.15643668999485
-1,30,-10000000,1.1,14.651482124446032
-1,30,-10000000,1.3000000000000003,16.39738328930504
-1,30,-10000000,1.5000000000000002,17.553525758054253
-1,30,-10000000,1.7000000000000002,18.06812291229339
-1,30,-10000000,1.9000000000000001,18.265112452944315
-1,30,-10000000,2.1,18.330048291993958
-1,30,-10000000,2.3000000000000003,18.338248765989192
-1,30,-10000000,2.5000000000000004,18.320274740322137
-1,30,-10000000,2.7,18.289532184713863
-1,30,-10000000,2.9000000000000004,18.252396549923393
-1,30,-10000000,3.1,18.21209296055902
-1,30,-10000000,3.3000000000000003,18.170315045457745
-1,30,-10000000,3.5000000000000004,18.127962347650076
-1,30,-10000000,3.7,18.08550336483977
-1,30,-10000000,3.9000000000000004,18.043165879680163
-1,30,-10000000,4.5,17.91745103395963
-1,30,-10000000,5,17.81375332436625
-1,30,-10000000,5.5,17.71007319940081
-1,30,-10000000,6,17.60553455579739
-1,30,-10000000,6.5,17.49941888483292
-1,30,-10000000,7,17.39116075726732
-1,30,-10000000,7.5,17.280313430478984
-1,30,-10000000,8,17.16651153960173
-1,30,-10000000,8.5,17.049436302616062
-1,30,-10000000,9,16.92878321517389
-1,30,-10000000,9.5,16.804231971563198
-1,30,-10000000,10,16.67541976767311
-1,30,-10000000,10.5,16.541920855659992
-1,30,-10000000,11,16.40323645197355
-1,30,-10000000,11.5,16.258799233876108
-1,30,-10000000,12,16.1079952821866
-1,30,-5000000,0.1,16.173599538302728
-1,30,-5000000,0.30000000000000004,16.771075086037612
-1,30,-5000000,0.5,17.35311850321677
-1,30,-5000000,0.7000000000000001,17.826600623663893
-1,30,-5000000,0.9,18.147653361438795
-1,30,-5000000,1.1,18.333440753059058
-1,30,-5000000,1.3000000000000003,18.425075676003495
-1,30,-5000000,1.5000000000000002,18.458578044776075
-1,30,-5000000,1.7000000000000002,18.457919013933665
-1,30,-5000000,1.9000000000000001,18.43759747697108
-1,30,-5000000,2.1,18.406204295524876
-1,30,-5000000,2.3000000000000003,18.368857959599463
-1,30,-5000000,2.5000000000000004,18.328627608187052
-1,30,-5000000,2.7,18.287345767802726
-1,30,-5000000,2.9000000000000004,18.24608453461789
-1,30,-5000000,3.1,18.20544452246127
-1,30,-5000000,3.3000000000000003,18.1657350120414
-1,30,-5000000,3.5000000000000004,18.127087924115102
-1,30,-5000000,3.7,18.089530178422752
-1,30,-5000000,3.9000000000000004,18.053029387868055
-1,30,-5000000,4.5,17.949179680765678
-1,30,-5000000,5,17.867967353961188
-1,30,-5000000,5.5,17.790477850095957
-1,30,-5000000,6,17.715909643402405
-1,30,-5000000,6.5,17.64363846328457
-1,30,-5000000,7,17.573130392605318
-1,30,-5000000,7.5,17.50386664149191
-1,30,-5000000,8,17.435287237374034
-1,30,-5000000,8.5,17.366753336017165
-1,30,-5000000,9,17.297526509972954
-1,30,-5000000,9.5,17.22676325359321
-1,30,-5000000,10,17.15352267657136
-1,30,-5000000,10.5,17.076784862873783
-1,30,-5000000,11,16.995477000598893
-1,30,-5000000,11.5,16.908504474834988
-1,30,-5000000,12,16.814784727656978
-1,30,0,0.1,18.15518498864597
-1,30,0,0.30000000000000004,18.259436460110248
-1,30,0,0.5,18.335557793019234
-1,30,0,0.7000000000000001,18.385169250392824
-1,30,0,0.9,18.411316080356485
-1,30,0,1.1,18.41782227458114
-1,30,0,1.3000000000000003,18.408769656000135
-1,30,0,1.5000000000000002,18.388109776924306
-1,30,0,1.7000000000000002,18.359376307630463
-1,30,0,1.9000000000000001,18.325508351086775
-1,30,0,2.1,18.288790435436315
-1,30,0,2.3000000000000003,18.25088787642601
-1,30,0,2.5000000000000004,18.21293964921732
-1,30,0,2.7,18.17567229390738
-1,30,0,2.9000000000000004,18.13950967230418
-1,30,0,3.1,18.10466571771064
-1,30,0,3.3000000000000003,18.071216354921283
-1,30,0,3.5000000000000004,18.039151867140152
-1,30,0,3.7,18.00841314306128
-1,30,0,3.9000000000000004,17.97891565013382
-1,30,0,4.5,17.896921014747132
-1,30,0,5,17.834705618796406
-1,30,0,5.5,17.77678906279928
-1,30,0,6,17.722217019932334
-1,30,0,6.5,17.6701685885935
-1,30,0,7,17.619892083551264
-1,30,0,7.5,17.57067137528666
-1,30,0,8,17.52181850564179
-1,30,0,8.5,17.472683450497673
-1,30,0,9,17.422671839955218
-1,30,0,9.5,17.371263136460495
-1,30,0,10,17.318024184197483
-1,30,0,10.5,17.262615593685748
-1,30,0,11,17.204790652205652
-1,30,0,11.5,17.144388014487387
-1,30,0,12,17.08132022101354
-1,30,5000000,0.1,16.792949898455614
-1,30,5000000,0.30000000000000004,17.25723649504672
-1,30,5000000,0.5,17.592048500884964
-1,30,5000000,0.7000000000000001,17.81175444029487
-1,30,5000000,0.9,17.943029439503874
-1,30,5000000,1.1,18.011987924561218
-1,30,5000000,1.3000000000000003,18.03942481235276
-1,30,5000000,1.5000000000000002,18.040320784658267
-1,30,5000000,1.7000000000000002,18.02491110517288
-1,30,5000000,1.9000000000000001,17.999979292677196
-1,30,5000000,2.1,17.96992466453626
-1,30,5000000,2.3000000000000003,17.93753947376891
-1,30,5000000,2.5000000000000004,17.90454845415541
-1,30,5000000,2.7,17.871976777626468
-1,30,5000000,2.9000000000000004,17.840398695181193
-1,30,5000000,3.1,17.810103982605604
-1,30,5000000,3.3000000000000003,17.78120794973987
-1,30,5000000,3.5000000000000004,17.753722943773433
-1,30,5000000,3.7,17.727603850615793
-1,30,5000000,3.9000000000000004,17.702776277596698
-1,30,5000000,4.5,17.635164711395827
-1,30,5000000,5,17.585420419685363
-1,30,5000000,5.5,17.540399827360677
-1,30,5000000,6,17.499030110346876
-1,30,5000000,6.5,17.460270753888018
-1,30,5000000,7,17.42305922845109
-1,30,5000000,7.5,17.386294879848627
-1,30,5000000,8,17.34885248217686
-1,30,5000000,8.5,17.309612157323144
-1,30,5000000,9,17.267492533625692
-1,30,5000000,9.5,17.221476672349894
-1,30,5000000,10,17.17062459946367
-1,30,5000000,10.5,17.114071294520574
-1,30,5000000,11,17.051013460144418
-1,30,5000000,11.5,16.980691330507128
-1,30,5000000,12,16.902372587821635
-1,30,10000000,0.1,12.301429528740847
-1,30,10000000,0.30000000000000004,12.988848032038728
-1,30,10000000,0.5,13.977960125828146
-1,30,10000000,0.7000000000000001,15.13901909667696
-1,30,10000000,0.9,16.141389295693262
-1,30,10000000,1.1,16.78322372489815
-1,30,10000000,1.3000000000000003,17.117963816411603
-1,30,10000000,1.5000000000000002,17.267218103478754
-1,30,10000000,1.7000000000000002,17.316562422666188
-1,30,10000000,1.9000000000000001,17.312992862765636
-1,30,10000000,2.1,17.28086617832747
-1,30,10000000,2.3000000000000003,17.232815042998325
-1,30,10000000,2.5000000000000004,17.17546292752617
-1,30,10000000,2.7,17.11227501547648
-1,30,10000000,2.9000000000000004,17.044999929780783
-1,30,10000000,3.1,16.974422519953414
-1,30,10000000,3.3000000000000003,16.900769662429102
-1,30,10000000,3.5000000000000004,16.823934542986727
-1,30,10000000,3.7,16.743602241268647
-1,30,10000000,3.9000000000000004,16.659319907701207
-1,30,10000000,4.5,16.376859764139517
-1,30,10000000,5,16.09673658638074
-1,30,10000000,5.5,15.761519753690239
-1,30,10000000,6,15.356073733471032
-1,30,10000000,6.5,14.866933597558145
-1,30,10000000,7,14.289411138308221
-1,30,10000000,7.5,13.637537964934925
-1,30,10000000,8,12.948807328879104
-1,30,10000000,8.5,12.27319490734401
-1,30,10000000,9,11.650829882763926
-1,30,10000000,9.5,11.098326411162759
-1,30,10000000,10,10.612484290215686
-1,30,10000000,10.5,10.18131490983028
-1,30,10000000,11,9.792173929071243
-1,30,10000000,11.5,9.43507003546561
-1,30,10000000,12,9.103095430091196
0,0,-10000000,0.1,4.611374309723071
0,0,-10000000,0.30000000000000004,4.641652971687708
0,0,-10000000,0.5,4.69608434677224
0,0,-10000000,0.7000000000000001,4.791597585565663
0,0,-10000000,0.9,4.943759478295117
0,0,-10000000,1.1,5.129442498545914
0,0,-10000000,1.3000000000000003,5.278471455509688
0,0,-10000000,1.5000000000000002,5.363593385249532
0,0,-10000000,1.7000000000000002,5.40730574900501
0,0,-10000000,1.9000000000000001,5.431054638917198
0,0,-10000000,2.1,5.445413314977256
0,0,-10000000,2.3000000000000003,5.4549515073554655
0,0,-10000000,2.5000000000000004,5.4616689417011095
0,0,-10000000,2.7,5.46648690216082
0,0,-10000000,2.9000000000000004,5.469853315190309
0,0,-10000000,3.1,5.471996342694786
0,0,-10000000,3.3000000000000003,5.473038303551966
0,0,-10000000,3.5000000000000004,5.473046749547258
0,0,-10000000,3.7,5.472063100169848
0,0,-10000000,3.9000000000000004,5.470112347574451
0,0,-10000000,4.5,5.458627724026399
0,0,-10000000,5,5.4428273442267665
0,0,-10000000,5.5,5.421633582921189
0,0,-10000000,6,5.395402293697722
0,0,-10000000,6.5,5.364449712416372
0,0,-10000000,7,5.329071281606272
0,0,-10000000,7.5,5.289614155902969
0,0,-10000000,8,5.246372323542367
0,0,-10000000,8.5,5.19964195955862
0,0,-10000000,9,5.1497053153417065
0,0,-10000000,9.5,5.09678121064516
0,0,-10000000,10,5.041290685529594
0,0,-10000000,10.5,4.983620158549987
0,0,-10000000,11,4.924021791873353
0,0,-10000000,11.5,4.862999343256562
0,0,-10000000,12,4.800906141903541
0,0,-5000000,0.1,5.189809310739695
0,0,-5000000,0.30000000000000004,5.251951903271525
0,0,-5000000,0.5,5.306484325086951
0,0,-5000000,0.7000000000000001,5.3485759186525295
0,0,-5000000,0.9,5.377746362167711
0,0,-5000000,1.1,5.396735812646651
0,0,-5000000,1.3000000000000003,5.408962511179245
0,0,-5000000,1.5000000000000002,5.417096153578907
0,0,-5000000,1.7000000000000002,5.42284013072338
0,0,-5000000,1.9000000000000001,5.42717650260536
0,0,-5000000,2.1,5.430640791176189
0,0,-5000000,2.3000000000000003,5.433513582292384
0,0,-5000000,2.5000000000000004,5.435938874189144
0,0,-5000000,2.7,5.437987440900711
0,0,-5000000,2.9000000000000004,5.439697372947336
0,0,-5000000,3.1,5.4410694836988345
0,0,-5000000,3.3000000000000003,5.44210427762074
0,0,-5000000,3.5000000000000004,5.442792627214609
0,0,-5000000,3.7,5.443120183617234
0,0,-5000000,3.9000000000000004,5.443069622057613
0,0,-5000000,4.5,5.44045406851262
0,0,-5000000,5,5.4351400890432835
0,0,-5000000,5.5,5.426642465216874
0,0,-5000000,6,5.414715802774008
0,0,-5000000,6.5,5.399204942142679
0,0,-5000000,7,5.3800584279769925
0,0,-5000000,7.5,5.357315906566115
0,0,-5000000,8,5.331083421198665
0,0,-5000000,8.5,5.301504147261426
0,0,-5000000,9,5.26874992684183
0,0,-5000000,9.5,5.232977560632361
0,0,-5000000,10,5.194347215531373
0,0,-5000000,10.5,5.153124393571934
0,0,-5000000,11,5.109294951547045
0,0,-5000000,11.5,5.063128195781345
0,0,-5000000,12,5.014780834029402
0,0,0,0.1,5.344736612409953
0,0,0,0.30000000000000004,5.358227140683654
0,0,0,0.5,5.368614338885873
0,0,0,0.7000000000000001,5.376065844778408
0,0,0,0.9,5.380950700008759
0,0,0,1.1,5.383768044813156
0,0,0,1.3000000000000003,5.385008533634905
0,0,0,1.5000000000000002,5.3850937940362344
0,0,0,1.7000000000000002,5.384289394474017
0,0,0,1.9000000000000001,5.3828705765078215
0,0,0,2.1,5.380964724765266
0,0,0,2.3000000000000003,5.37866947566958
0,0,0,2.5000000000000004,5.376053357002699
0,0,0,2.7,5.373137602164143
0,0,0,2.9000000000000004,5.370021241753531
0,0,0,3.1,5.366663562287166
0,0,0,3.3000000000000003,5.363101833441938
0,0,0,3.5000000000000004,5.359355148122916
0,0,0,3.7,5.3554374148489945
0,0,0,3.9000000000000004,5.351360766362193
0,0,0,4.5,5.338295153321502
0,0,0,5,5.326597962478238
0,0,0,5.5,5.3143057349026765
0,0,0,6,5.301529954515019
0,0,0,6.5,5.288363332202428
0,0,0,7,5.274883923029817
0,0,0,7.5,5.261155335616273
0,0,0,8,5.247231238557571
0,0,0,8.5,5.233156028438107
0,0,0,9,5.218967266103807
0,0,0,9.5,5.204695964649826
0,0,0,10,5.190368215173355
0,0,0,10.5,5.176005562823311
0,0,0,11,5.1616274853437645
0,0,0,11.5,5.147248405288241
0,0,0,12,5.132882237762301
0,0,5000000,0.1,5.187371484298485
0,0,5000000,0.30000000000000004,5.236487167657351
0,0,5000000,0.5,5.27301599814792
0,0,5000000,0.7000000000000001,5.2981035824542175
0,0,5000000,0.9,5.313904006395026
0,0,5000000,1.1,5.322611509597442
0,0,5000000,1.3000000000000003,5.326182454245654
0,0,5000000,1.5000000000000002,5.326069716074699
0,0,5000000,1.7000000000000002,5.323296611942103
0,0,5000000,1.9000000000000001,5.318573923180023
0,0,5000000,2.1,5.312383381563773
0,0,5000000,2.3000000000000003,5.305044168875478
0,0,5000000,2.5000000000000004,5.296762762414825
0,0,5000000,2.7,5.287690648966278
0,0,5000000,2.9000000000000004,5.277927997733258
0,0,5000000,3.1,5.267548842064048
0,0,5000000,3.3000000000000003,5.25660886266994
0,0,5000000,3.5000000000000004,5.245155233116829
0,0,5000000,3.7,5.233232711638725
0,0,5000000,3.9000000000000004,5.220847988296745
0,0,5000000,4.5,5.181318259323848
0,0,5000000,5,5.146028989454926
0,0,5000000,5.5,5.108944716416356
0,0,5000000,6,5.070376803733153
0,0,5000000,6.5,5.030570338737028
0,0,5000000,7,4.989685181344852
0,0,5000000,7.5,4.947865382802613
0,0,5000000,8,4.9051917246269845
0,0,5000000,8.5,4.861712258499946
0,0,5000000,9,4.817439820096748
0,0,5000000,9.5,4.772380007921379
0,0,5000000,10,4.7265325747516815
0,0,5000000,10.5,4.679902445539723
0,0,5000000,11,4.632494749897102
0,0,5000000,11.5,4.584329590128548
0,0,5000000,12,4.5354408350853195
0,0,10000000,0.1,4.6389132215821
0,0,10000000,0.30000000000000004,4.739413175357174
0,0,10000000,0.5,4.870849105614532
0,0,10000000,0.7000000000000001,5.007028269121106
0,0,10000000,0.9,5.114763603892981
0,0,10000000,1.1,5.183078020066786
0,0,10000000,1.3000000000000003,5.220318468759418
0,0,10000000,1.5000000000000002,5.237831356851606
0,0,10000000,1.7000000000000002,5.243595292748137
0,0,10000000,1.9000000000000001,5.242295128452541
0,0,10000000,2.1,5.236584650476184
0,0,10000000,2.3000000000000003,5.227984747546018
0,0,10000000,2.5000000000000004,5.21739733402326
0,0,10000000,2.7,5.20537846317743
0,0,10000000,2.9000000000000004,5.192288473381644
0,0,10000000,3.1,5.178370412137546
0,0,10000000,3.3000000000000003,5.163794973869918
0,0,10000000,3.5000000000000004,5.148671142382991
0,0,10000000,3.7,5.1331269124887875
0,0,10000000,3.9000000000000004,5.1172088580770625
0,0,10000000,4.5,5.067719260345672
0,0,10000000,5,5.024943609901582
0,0,10000000,5.5,4.98104088399536
0,0,10000000,6,4.93611492758391
0,0,10000000,6.5,4.890201783537651
0,0,10000000,7,4.843268923322645
0,0,10000000,7.5,4.795289196085113
0,0,10000000,8,4.746234679560642
0,0,10000000,8.5,4.696110329285846
0,0,10000000,9,4.644932796022781
0,0,10000000,9.5,4.592754849457459
0,0,10000000,10,4.539671637520772
0,0,10000000,10.5,4.4858072736468335
0,0,10000000,11,4.431324146719878
0,0,10000000,11.5,4.376416564228127
0,0,10000000,12,4.321275109999672
0,5,-10000000,0.1,6.284212562589421
0,5,-10000000,0.30000000000000004,6.345436825724453
0,5,-10000000,0.5,6.454916652361562
0,5,-10000000,0.7000000000000001,6.646299823500517
0,5,-10000000,0.9,6.9494471035296295
0,5,-10000000,1.1,7.315171161458986
0,5,-10000000,1.3000000000000003,7.605385021347845
0,5,-10000000,1.5000000000000002,7.770737628687467
0,5,-10000000,1.7000000000000002,7.8561422391058
0,5,-10000000,1.9000000000000001,7.902938968825225
0,5,-10000000,2.1,7.931415812700335
0,5,-10000000,2.3000000000000003,7.950379317979807
0,5,-10000000,2.5000000000000004,7.963693884117402
0,5,-10000000,2.7,7.973147488818699
0,5,-10000000,2.9000000000000004,7.97960976443088
0,5,-10000000,3.1,7.983525598060401
0,5,-10000000,3.3000000000000003,7.985132683959977
0,5,-10000000,3.5000000000000004,7.984563963917225
0,5,-10000000,3.7,7.9819150492503566
0,5,-10000000,3.9000000000000004,7.977184101651728
0,5,-10000000,4.5,7.951137569361012
0,5,-10000000,5,7.916290431781492
0,5,-10000000,5.5,7.870203241499108
0,5,-10000000,6,7.8135980024307905
0,5,-10000000,6.5,7.747283647884544
0,5,-10000000,7,7.672074066664598
0,5,-10000000,7.5,7.588675166125053
0,5,-10000000,8,7.497845234516993
0,5,-10000000,8.5,7.400258197205896
0,5,-10000000,9,7.296607906692054
0,5,-10000000,9.5,7.187621674204965
0,5,-10000000,10,7.0740553915627435
0,5,-10000000,10.5,6.956733605609408
0,5,-10000000,11,6.836496430163142
0,5,-10000000,11.5,6.714260412086452
0,5,-10000000,12,6.590869074098573
0,5,-5000000,0.1,7.419967039241625
0,5,-5000000,0.30000000000000004,7.543853564938805
0,5,-5000000,0.5,7.652573233835263
0,5,-5000000,0.7000000000000001,7.736290258926979
0,5,-5000000,0.9,7.794180058830254
0,5,-5000000,1.1,7.831756379793939
0,5,-5000000,1.3000000000000003,7.855833764718891
0,5,-5000000,1.5000000000000002,7.871745743481565
0,5,-5000000,1.7000000000000002,7.8828979321466495
0,5,-5000000,1.9000000000000001,7.8912513329047975
0,5,-5000000,2.1,7.89787106923634
0,5,-5000000,2.3000000000000003,7.903314332753654
0,5,-5000000,2.5000000000000004,7.907863075514463
0,5,-5000000,2.7,7.9116509446206225
0,5,-5000000,2.9000000000000004,7.914734851101784
0,5,-5000000,3.1,7.9171270549725365
0,5,-5000000,3.3000000000000003,7.918815938507481
0,5,-5000000,3.5000000000000004,7.919777930352176
0,5,-5000000,3.7,7.919983730633237
0,5,-5000000,3.9000000000000004,7.919395061938046
0,5,-5000000,4.5,7.912428943574649
0,5,-5000000,5,7.900009869336717
0,5,-5000000,5.5,7.880892427152737
0,5,-5000000,6,7.8546087665785125
0,5,-5000000,6.5,7.820817528200036
0,5,-5000000,7,7.779594708751805
0,5,-5000000,7.5,7.730938631148501
0,5,-5000000,8,7.6751955385491
0,5,-5000000,8.5,7.612736351593269
0,5,-5000000,9,7.543960968483321
0,5,-5000000,9.5,7.4692873626023
0,5,-5000000,10,7.3891305073224895
0,5,-5000000,10.5,7.303885836249463
0,5,-5000000,11,7.213953283249421
0,5,-5000000,11.5,7.119734110014881
0,5,-5000000,12,7.021642350013222
0,5,0,0.1,7.727914278563095
0,5,0,0.30000000000000004,7.7545726854103
0,5,0,0.5,7.774829845792678
0,5,0,0.7000000000000001,7.789020822629154
0,5,0,0.9,7.797952298530409
0,5,0,1.1,7.8026583580910875
0,5,0,1.3000000000000003,7.804159970457693
0,5,0,1.5000000000000002,7.803315104069243
0,5,0,1.7000000000000002,7.800769745786553
0,5,0,1.9000000000000001,7.796974178027578
0,5,0,2.1,7.792228327226589
0,5,0,2.3000000000000003,7.786729269920328
0,5,0,2.5000000000000004,7.78060591537423
0,5,0,2.7,7.773942975971443
0,5,0,2.9000000000000004,7.766801590414236
0,5,0,3.1,7.75923047064372
0,5,0,3.3000000000000003,7.751265827816951
0,5,0,3.5000000000000004,7.742938202066767
0,5,0,3.7,7.73427525380316
0,5,0,3.9000000000000004,7.72530241601256
0,5,0,4.5,7.696757997360334
0,5,0,5,7.671409633678296
0,5,0,5.5,7.64493539762731
0,5,0,6,7.617565831718037
0,5,0,6.5,7.589493967069645
0,5,0,7,7.560881354640199
0,5,0,7.5,7.531860181516658
0,5,0,8,7.502541410774441
0,5,0,8.5,7.4730177602834384
0,5,0,9,7.443362646612617
0,5,0,9.5,7.413638942110724
0,5,0,10,7.383900656028339
0,5,0,10.5,7.354189251045719
0,5,0,11,7.324540238288862
0,5,0,11.5,7.294984402036978
0,5,0,12,7.265545390006454
0,5,5000000,0.1,7.41416782778907
0,5,5000000,0.30000000000000004,7.510608989771472
0,5,5000000,0.5,7.581902009133605
0,5,5000000,0.7000000000000001,7.6303853383378035
0,5,5000000,0.9,7.6603134936571875
0,5,5000000,1.1,7.676145347585048
0,5,5000000,1.3000000000000003,7.681687986592167
0,5,5000000,1.5000000000000002,7.679849901005026
0,5,5000000,1.7000000000000002,7.672707659908232
0,5,5000000,1.9000000000000001,7.661684483019769
0,5,5000000,2.1,7.647735085855032
0,5,5000000,2.3000000000000003,7.631495988986003
0,5,5000000,2.5000000000000004,7.613394460714328
0,5,5000000,2.7,7.5937226936878135
0,5,5000000,2.9000000000000004,7.572687362964486
0,5,5000000,3.1,7.550437113784037
0,5,5000000,3.3000000000000003,7.527087468925795
0,5,5000000,3.5000000000000004,7.50273146473628
0,5,5000000,3.7,7.477447112617531
0,5,5000000,3.9000000000000004,7.4513025612031605
0,5,5000000,4.5,7.368309501243095
0,5,5000000,5,7.294723080824904
0,5,5000000,5.5,7.217909207744366
0,5,5000000,6,7.138507959089475
0,5,5000000,6.5,7.057032429020807
0,5,5000000,7,6.9738947303021765
0,5,5000000,7.5,6.889375776221115
0,5,5000000,8,6.803662235380956
0,5,5000000,8.5,6.716867314258832
0,5,5000000,9,6.629052833066804
0,5,5000000,9.5,6.540250502537784
0,5,5000000,10,6.450482459157459
0,5,5000000,10.5,6.359775136935689
0,5,5000000,11,6.268164659452071
0,5,5000000,11.5,6.17571355251181
0,5,5000000,12,6.082509302639206
0,5,10000000,0.1,6.3375464846200025
0,5,10000000,0.30000000000000004,6.534705782126249
0,5,10000000,0.5,6.792049087392452
0,5,10000000,0.7000000000000001,7.057407421428087
0,5,10000000,0.9,7.265946473803985
0,5,10000000,1.1,7.397056774605282
0,5,10000000,1.3000000000000003,7.4674697956588565
0,5,10000000,1.5000000000000002,7.499389080734319
0,5,10000000,1.7000000000000002,7.508330002652176
0,5,10000000,1.9000000000000001,7.503433329012101
0,5,10000000,2.1,7.489886339193304
0,5,10000000,2.3000000000000003,7.47067308235347
0,5,10000000,2.5000000000000004,7.447570174684926
0,5,10000000,2.7,7.421681108142758
0,5,10000000,2.9000000000000004,7.393722654234285
0,5,10000000,3.1,7.364181155145488
0,5,10000000,3.3000000000000003,7.333399965781379
0,5,10000000,3.5000000000000004,7.3016298533212565
0,5,10000000,3.7,7.26905892955978
0,5,10000000,3.9000000000000004,7.235831012985185
0,5,10000000,4.5,7.133199160084421
0,5,10000000,5,7.045226263099296
0,5,10000000,5.5,6.955602324439617
0,5,10000000,6,6.864578507920959
0,5,10000000,6.5,6.772194864334546
0,5,10000000,7,6.678431428830896
0,5,10000000,7.5,6.583272100040106
0,5,10000000,8,6.486690261810221
0,5,10000000,8.5,6.3887076887818655
0,5,10000000,9,6.28940039978069
0,5,10000000,9.5,6.188907994103669
0,5,10000000,10,6.087440186516617
0,5,10000000,10.5,5.98527236567337
0,5,10000000,11,5.8827365847173025
0,5,10000000,11.5,5.780207566921153
0,5,10000000,12,5.678078508980698
0,10,-10000000,0.1,8.060107936679062
0,10,-10000000,0.30000000000000004,8.170019343173488
0,10,-10000000,0.5,8.36471140293569
0,10,-10000000,0.7000000000000001,8.702644345370727
0,10,-10000000,0.9,9.232203276121211
0,10,-10000000,1.1,9.859564390720655
0,10,-10000000,1.3000000000000003,10.348748396115313
0,10,-10000000,1.5000000000000002,10.62616685817504
0,10,-10000000,1.7000000000000002,10.770577098105464
0,10,-10000000,1.9000000000000001,10.850760627632235
0,10,-10000000,2.1,10.900200247703149
0,10,-10000000,2.3000000000000003,10.933434775758052
0,10,-10000000,2.5000000000000004,10.956958646478336
0,10,-10000000,2.7,10.973689382767407
0,10,-10000000,2.9000000000000004,10.985068359049368
0,10,-10000000,3.1,10.991856144375044
0,10,-10000000,3.3000000000000003,10.99443037380568
0,10,-10000000,3.5000000000000004,10.993028650410286
0,10,-10000000,3.7,10.987779062496895
0,10,-10000000,3.9000000000000004,10.978771101634853
0,10,-10000000,4.5,10.929872072272243
0,10,-10000000,5,10.865082352385263
0,10,-10000000,5.5,10.77982025102314
0,10,-10000000,6,10.67562946551243
0,10,-10000000,6.5,10.554158310603391
0,10,-10000000,7,10.41703908476848
0,10,-10000000,7.5,10.265826464692472
0,10,-10000000,8,10.101992415521728
0,10,-10000000,8.5,9.926966844414055
0,10,-10000000,9,9.742174268242803
0,10,-10000000,9.5,9.549077681179062
0,10,-10000000,10,9.34920188043538
0,10,-10000000,10.5,9.144137304773793
0,10,-10000000,11,8.93552260738003
0,10,-10000000,11.5,8.72500766316611
0,10,-10000000,12,8.514204136997929
0,10,-5000000,0.1,10.005668215283984
0,10,-5000000,0.30000000000000004,10.221151526993276
0,10,-5000000,0.5,10.409675216620647
0,10,-5000000,0.7000000000000001,10.554518148427903
0,10,-5000000,0.9,10.654544009021537
0,10,-5000000,1.1,10.719427252126817
0,10,-5000000,1.3000000000000003,10.76099919766644
0,10,-5000000,1.5000000000000002,10.788490513596564
0,10,-5000000,1.7000000000000002,10.807801864427445
0,10,-5000000,1.9000000000000001,10.822326657210061
0,10,-5000000,2.1,10.833883273760788
0,10,-5000000,2.3000000000000003,10.843426624516232
0,10,-5000000,2.5000000000000004,10.851423080370417
0,10,-5000000,2.7,10.858104067682989
0,10,-5000000,2.9000000000000004,10.863492551738458
0,10,-5000000,3.1,10.867628904870982
0,10,-5000000,3.3000000000000003,10.870645641766124
0,10,-5000000,3.5000000000000004,10.872247494733953
0,10,-5000000,3.7,10.872436704579279
0,10,-5000000,3.9000000000000004,10.871232715003606
0,10,-5000000,4.5,10.85804100881695
0,10,-5000000,5,10.834919258853661
0,10,-5000000,5.5,10.799569783489911
0,10,-5000000,6,10.75115567245658
0,10,-5000000,6.5,10.689245944351102
0,10,-5000000,7,10.61383702042992
0,10,-5000000,7.5,10.52529591845608
0,10,-5000000,8,10.424255488677657
0,10,-5000000,8.5,10.31150531051481
0,10,-5000000,9,10.187902447358095
0,10,-5000000,9.5,10.054315417130372
0,10,-5000000,10,9.911597676483773
0,10,-5000000,10.5,9.760579898791665
0,10,-5000000,11,9.60208300309285
0,10,-5000000,11.5,9.436925876192605
0,10,-5000000,12,9.265941511323026
0,10,0,0.1,10.536352435466705
0,10,0,0.30000000000000004,10.582620341378624
0,10,0,0.5,10.61736034819186
0,10,0,0.7000000000000001,10.64121626877805
0,10,0,0.9,10.655683307295886
0,10,0,1.1,10.662661027460956
0,10,0,1.3000000000000003,10.664012078071666
0,10,0,1.5000000000000002,10.661290492900696
0,10,0,1.7000000000000002,10.655655084956202
0,10,0,1.9000000000000001,10.647905273671519
0,10,0,2.1,10.63856579598868
0,10,0,2.3000000000000003,10.627973117423359
0,10,0,2.5000000000000004,10.616343066898796
0,10,0,2.7,10.603819061462792
0,10,0,2.9000000000000004,10.590497576130888
0,10,0,3.1,10.576455712252873
0,10,0,3.3000000000000003,10.56175266202911
0,10,0,3.5000000000000004,10.546440254533879
0,10,0,3.7,10.53056481986006
0,10,0,3.9000000000000004,10.514169911868557
0,10,0,4.5,10.46226296473915
0,10,0,5,10.416418900050846
0,10,0,5.5,10.368745390469567
0,10,0,6,10.3196300215858
0,10,0,6.5,10.269493063420809
0,10,0,7,10.218526708315883
0,10,0,7.5,10.167024359291757
0,10,0,8,10.115189565869116
0,10,0,8.5,10.063117908872503
0,10,0,9,10.011000658727905
0,10,0,9.5,9.958939432182744
0,10,0,10,9.906963960181038
0,10,0,10.5,9.855274323111264
0,10,0,11,9.80380779904594
0,10,0,11.5,9.752652488151856
0,10,0,12,9.701846941733145
0,10,5000000,0.1,9.993923742115156
0,10,5000000,0.30000000000000004,10.158747390748204
0,10,5000000,0.5,10.279816898841881
0,10,5000000,0.7000000000000001,10.361313315867575
0,10,5000000,0.9,10.410649902788169
0,10,5000000,1.1,10.435564881533521
0,10,5000000,1.3000000000000003,10.442666231096675
0,10,5000000,1.5000000000000002,10.437003948252375
0,10,5000000,1.7000000000000002,10.422186326505066
0,10,5000000,1.9000000000000001,10.400689682408318
0,10,5000000,2.1,10.374165124203595
0,10,5000000,2.3000000000000003,10.343719161648341
0,10,5000000,2.5000000000000004,10.310090840957187
0,10,5000000,2.7,10.27378500214578
0,10,5000000,2.9000000000000004,10.23516201039631
0,10,5000000,3.1,10.194480673909737
0,10,5000000,3.3000000000000003,10.151944092987112
0,10,5000000,3.5000000000000004,10.107717369300206
0,10,5000000,3.7,10.06194019332997
0,10,5000000,3.9000000000000004,10.014735699064458
0,10,5000000,4.5,9.865660934869148
0,10,5000000,5,9.734359154165348
0,10,5000000,5.5,9.598107047310178
0,10,5000000,6,9.458093409609173
0,10,5000000,6.5,9.31529048710315
0,10,5000000,7,9.170443215468932
0,10,5000000,7.5,9.024085341597678
0,10,5000000,8,8.876572312115313
0,10,5000000,8.5,8.728125979372717
0,10,5000000,9,8.578877306394547
0,10,5000000,9.5,8.4289064639668
0,10,5000000,10,8.278274291260468
0,10,5000000,10.5,8.127046719508078
0,10,5000000,11,7.975312681114677
0,10,5000000,11.5,7.82319675553763
0,10,5000000,12,7.670866994685258
0,10,10000000,0.1,8.150487629725276
0,10,10000000,0.30000000000000004,8.490347974386388
0,10,10000000,0.5,8.931700386815084
0,10,10000000,0.7000000000000001,9.382877546936776
0,10,10000000,0.9,9.733743866053851
0,10,10000000,1.1,9.951808756225777
0,10,10000000,1.3000000000000003,10.066898242602177
0,10,10000000,1.5000000000000002,10.116903213494421
0,10,10000000,1.7000000000000002,10.128061359612976
0,10,10000000,1.9000000000000001,10.115803611785092
0,10,10000000,2.1,10.088906158142498
0,10,10000000,2.3000000000000003,10.052433725500688
0,10,10000000,2.5000000000000004,10.009415039605106
0,10,10000000,2.7,9.961735118838611
0,10,10000000,2.9000000000000004,9.910628917125935
0,10,10000000,3.1,9.856936259518383
0,10,10000000,3.3000000000000003,9.801253374731868
0,10,10000000,3.5000000000000004,9.74401680960828
0,10,10000000,3.7,9.685555416091121
0,10,10000000,3.9000000000000004,9.626121541812608
0,10,10000000,4.5,9.443735098795292
0,10,10000000,5,9.28871707604557
0,10,10000000,5.5,9.131964749784178
0,10,10000000,6,8.973885092864656
0,10,10000000,6.5,8.814608472554038
0,10,10000000,7,8.654136631306788
0,10,10000000,7.5,8.492438485835656
0,10,10000000,8,8.329511742288858
0,10,10000000,8.5,8.165423474924397
0,10,10000000,9,8.000335579076266
0,10,10000000,9.5,7.834518299240065
0,10,10000000,10,7.6683524686750735
0,10,10000000,10.5,7.502320458359681
0,10,10000000,11,7.3369861254319595
0,10,10000000,11.5,7.172965562562316
0,10,10000000,12,7.010891861337563
0,20,-10000000,0.1,10.106270531391205
0,20,-10000000,0.30000000000000004,10.304131982854612
0,20,-10000000,0.5,10.64991085768258
0,20,-10000000,0.7000000000000001,11.242643823015534
0,20,-10000000,0.9,12.150674299091525
0,20,-10000000,1.1,13.185645276453737
0,20,-10000000,1.3000000000000003,13.963747733863476
0,20,-10000000,1.5000000000000002,14.399997919961297
0,20,-10000000,1.7000000000000002,14.629703666818784
0,20,-10000000,1.9000000000000001,14.75996806254118
0,20,-10000000,2.1,14.842039649091651
0,20,-10000000,2.3000000000000003,14.898228146297415
0,20,-10000000,2.5000000000000004,14.93841957802646
0,20,-10000000,2.7,14.967199865644206
0,20,-10000000,2.9000000000000004,14.986800630164515
0,20,-10000000,3.1,14.998356647739985
0,20,-10000000,3.3000000000000003,15.002471183768222
0,20,-10000000,3.5000000000000004,14.999482444248981
0,20,-10000000,3.7,14.989597338107187
0,20,-10000000,3.9000000000000004,14.97296095193583
0,20,-10000000,4.5,14.88375348344556
0,20,-10000000,5,14.766385032533787
0,20,-10000000,5.5,14.61269765636698
0,20,-10000000,6,14.42583288325122
0,20,-10000000,6.5,14.209140043882616
0,20,-10000000,7,13.965933244552124
0,20,-10000000,7.5,13.699369650728467
0,20,-10000000,8,13.412439676702459
0,20,-10000000,8.5,13.108022364188741
0,20,-10000000,9,12.788960363684307
0,20,-10000000,9.5,12.458123108321226
0,20,-10000000,10,12.11844058827271
0,20,-10000000,10.5,11.772900337340408
0,20,-10000000,11,11.424507219810156
0,20,-10000000,11.5,11.07621210752116
0,20,-10000000,12,10.730820631429877
0,20,-5000000,0.1,13.332917065326528
0,20,-5000000,0.30000000000000004,13.69451388130734
0,20,-5000000,0.5,14.008586854047365
0,20,-5000000,0.7000000000000001,14.248532058147271
0,20,-5000000,0.9,14.413633507324395
0,20,-5000000,1.1,14.520543319912798
0,20,-5000000,1.3000000000000003,14.589051312082317
0,20,-5000000,1.5000000000000002,14.63448340627758
0,20,-5000000,1.7000000000000002,14.66658753486876
0,20,-5000000,1.9000000000000001,14.690938931768242
0,20,-5000000,2.1,14.710525524033054
0,20,-5000000,2.3000000000000003,14.726869565251535
0,20,-5000000,2.5000000000000004,14.74070079852024
0,20,-5000000,2.7,14.752331052673378
0,20,-5000000,2.9000000000000004,14.76185433425826
0,20,-5000000,3.1,14.76925117527411
0,20,-5000000,3.3000000000000003,14.774442242662504
0,20,-5000000,3.5000000000000004,14.777315597374525
0,20,-5000000,3.7,14.777740687744064
0,20,-5000000,3.9000000000000004,14.775576005309563
0,20,-5000000,4.5,14.752057403080471
0,20,-5000000,5,14.710773196030654
0,20,-5000000,5.5,14.64764094589666
0,20,-5000000,6,14.561278627852797
0,20,-5000000,6.5,14.451090908368402
0,20,-5000000,7,14.317291197906037
0,20,-5000000,7.5,14.160777907560636
0,20,-5000000,8,13.982931543250947
0,20,-5000000,8.5,13.785406165301564
0,20,-5000000,9,13.569964450507907
0,20,-5000000,9.5,13.33837379243788
0,20,-5000000,10,13.092357663219698
0,20,-5000000,10.5,12.833586137467355
0,20,-5000000,11,12.56368862268708
0,20,-5000000,11.5,12.284275371334303
0,20,-5000000,12,11.996958712866148
0,20,0,0.1,14.20754521473923
0,20,0,0.30000000000000004,14.284792579747053
0,20,0,0.5,14.341748502765524
0,20,0,0.7000000000000001,14.379670741767944
0,20,0,0.9,14.401305597685564
0,20,0,1.1,14.410101581358276
0,20,0,1.3000000000000003,14.409396377976716
0,20,0,1.5000000000000002,14.401943009365587
0,20,0,1.7000000000000002,14.389764546333915
0,20,0,1.9000000000000001,14.374230656969216
0,20,0,2.1,14.356218806682985
0,20,0,2.3000000000000003,14.336274371343338
0,20,0,2.5000000000000004,14.31473500463128
0,20,0,2.7,14.2918156549219
0,20,0,2.9000000000000004,14.267661891837294
0,20,0,3.1,14.24238149298973
0,20,0,3.3000000000000003,14.216062198656356
0,20,0,3.5000000000000004,14.188781228990354
0,20,0,3.7,14.160610096624021
0,20,0,3.9000000000000004,14.131616821144425
0,20,0,4.5,14.040345703787052
0,20,0,5,13.960253580985288
0,20,0,5.5,13.877378553938453
0,20,0,6,13.792426184714056
0,20,0,6.5,13.705989049840205
0,20,0,7,13.618557739477243
0,20,0,7.5,13.530534568316995
0,20,0,8,13.442247368037433
0,20,0,8.5,13.35396207744078
0,20,0,9,13.26589366640402
0,20,0,9.5,13.178215346143897
0,20,0,10,13.091066159269863
0,20,0,10.5,13.004557361191887
0,20,0,11,12.91877729327196
0,20,0,11.5,12.83379582746449
0,20,0,12,12.749667411111064
0,20,5000000,0.1,13.309022675411201
0,20,5000000,0.30000000000000004,13.578493666143139
0,20,5000000,0.5,13.77416583105258
0,20,5000000,0.7000000000000001,13.90360419404799
0,20,5000000,0.9,13.979436979200418
0,20,5000000,1.1,14.014662963841483
0,20,5000000,1.3000000000000003,14.02038206400967
0,20,5000000,1.5000000000000002,14.005005882817333
0,20,5000000,1.7000000000000002,13.974572803510437
0,20,5000000,1.9000000000000001,13.933200395190902
0,20,5000000,2.1,13.883641034859673
0,20,5000000,2.3000000000000003,13.827716042366731
0,20,5000000,2.5000000000000004,13.766644970817994
0,20,5000000,2.7,13.701259766640069
0,20,5000000,2.9000000000000004,13.632147662355667
0,20,5000000,3.1,13.559743142266722
0,20,5000000,3.3000000000000003,13.484384270070557
0,20,5000000,3.5000000000000004,13.406348608160265
0,20,5000000,3.7,13.325875879820385
0,20,5000000,3.9000000000000004,13.243181624977558
0,20,5000000,4.5,12.983710824553578
0,20,5000000,5,12.757071689811395
0,20,5000000,5.5,12.52361724842339
0,20,5000000,6,12.285473807548705
0,20,5000000,6.5,12.044373074490675
0,20,5000000,7,11.80163515444763
0,20,5000000,7.5,11.558198082325097
0,20,5000000,8,11.31468771900071
0,20,5000000,8.5,11.071492237452032
0,20,5000000,9,10.82884528910454
0,20,5000000,9.5,10.586892783331454
0,20,5000000,10,10.345746273437372
0,20,5000000,10.5,10.105524460903059
0,20,5000000,11,9.866381131024395
0,20,5000000,11.5,9.62852372228776
0,20,5000000,12,9.392223871939175
0,20,10000000,0.1,10.25523634952864
0,20,10000000,0.30000000000000004,10.82986880120677
0,20,10000000,0.5,11.567255226597313
0,20,10000000,0.7000000000000001,12.306772144794142
0,20,10000000,0.9,12.869340489484193
0,20,10000000,1.1,13.211208092456125
0,20,10000000,1.3000000000000003,13.386061722256157
0,20,10000000,1.5000000000000002,13.456375545181048
0,20,10000000,1.7000000000000002,13.46446311091213
0,20,10000000,1.9000000000000001,13.435072116113822
0,20,10000000,2.1,13.38227844274682
0,20,10000000,2.3000000000000003,13.31423149303994
0,20,10000000,2.5000000000000004,13.235823192416644
0,20,10000000,2.7,13.150120159954977
0,20,10000000,2.9000000000000004,13.059134055329231
0,20,10000000,3.1,12.96424349315315
0,20,10000000,3.3000000000000003,12.866431276090834
0,20,10000000,3.5000000000000004,12.766421556700116
0,20,10000000,3.7,12.664761537119285
0,20,10000000,3.9000000000000004,12.561871834611214
0,20,10000000,4.5,12.248742664363917
0,20,10000000,5,11.985436421048501
0,20,10000000,5.5,11.721659427251835
0,20,10000000,6,11.458067091647951
0,20,10000000,6.5,11.194858991737107
0,20,10000000,7,10.932031195307772
0,20,10000000,7.5,10.66953590693268
0,20,10000000,8,10.407381428333366
0,20,10000000,8.5,10.145693647572479
0,20,10000000,9,9.884752322280015
0,20,10000000,9.5,9.625004796946293
0,20,10000000,10,9.367063022035861
0,20,10000000,10.5,9.11168178321792
0,20,10000000,11,8.859720656646434
0,20,10000000,11.5,8.612093405292244
0,20,10000000,12,8.36971038056078
0,30,-10000000,0.1,11.414963308853638
0,30,-10000000,0.30000000000000004,11.69553382027809
0,30,-10000000,0.5,12.181210897728608
0,30,-10000000,0.7000000000000001,13.004350729094432
0,30,-10000000,0.9,14.235792136375697
0,30,-10000000,1.1,15.584877246565485
0,30,-10000000,1.3000000000000003,16.563804621573766
0,30,-10000000,1.5000000000000002,17.106821885169612
0,30,-10000000,1.7000000000000002,17.395593138889016
0,30,-10000000,1.9000000000000001,17.562322619618016
0,30,-10000000,2.1,17.669277805926548
0,30,-10000000,2.3000000000000003,17.74357344652469
0,30,-10000000,2.5000000000000004,17.797260568241672
0,30,-10000000,2.7,17.835935356861892
0,30,-10000000,2.9000000000000004,17.862314447158575
0,30,-10000000,3.1,17.87777100592813
0,30,-10000000,3.3000000000000003,17.883028596626406
0,30,-10000000,3.5000000000000004,17.87849126212983
0,30,-10000000,3.7,17.86440859732468
0,30,-10000000,3.9000000000000004,17.840962189290448
0,30,-10000000,4.5,17.716084311557317
0,30,-10000000,5,17.552438786607414
0,30,-10000000,5.5,17.338809662120873
0,30,-10000000,6,17.079910489688082
0,30,-10000000,6.5,16.780757573818434
0,30,-10000000,7,16.446303506888054
0,30,-10000000,7.5,16.081255599178384
0,30,-10000000,8,15.690057314073004
0,30,-10000000,8.5,15.27696206199475
0,30,-10000000,9,14.846132946096105
0,30,-10000000,9.5,14.401724229572276
0,30,-10000000,10,13.947920918992283
0,30,-10000000,10.5,13.488927345550522
0,30,-10000000,11,13.028905947186399
0,30,-10000000,11.5,12.571875925190023
0,30,-10000000,12,12.12158843632329
0,30,-5000000,0.1,15.670410215311584
0,30,-5000000,0.30000000000000004,16.148342442842278
0,30,-5000000,0.5,16.56031860947017
0,30,-5000000,0.7000000000000001,16.873134499051023
0,30,-5000000,0.9,17.087468158624826
0,30,-5000000,1.1,17.225914678615784
0,30,-5000000,1.3000000000000003,17.31457322296078
0,30,-5000000,1.5000000000000002,17.373472681893933
0,30,-5000000,1.7000000000000002,17.415297021231552
0,30,-5000000,1.9000000000000001,17.447264664889822
0,30,-5000000,2.1,17.473211417244478
0,30,-5000000,2.3000000000000003,17.495060278923383
0,30,-5000000,2.5000000000000004,17.513704221406787
0,30,-5000000,2.7,17.529497124371765
0,30,-5000000,2.9000000000000004,17.542515442343678
0,30,-5000000,3.1,17.552693895301122
0,30,-5000000,3.3000000000000003,17.559894623776447
0,30,-5000000,3.5000000000000004,17.56394062482376
0,30,-5000000,3.7,17.564635478023465
0,30,-5000000,3.9000000000000004,17.561770495114544
0,30,-5000000,4.5,17.529673169997707
0,30,-5000000,5,17.472918240366834
0,30,-5000000,5.5,17.385939240346996
0,30,-5000000,6,17.26691359519895
0,30,-5000000,6.5,17.115174402028188
0,30,-5000000,7,16.93122122843326
0,30,-5000000,7.5,16.716525764862634
0,30,-5000000,8,16.47323048137254
0,30,-5000000,8.5,16.20384583181471
0,30,-5000000,9,15.911014522590065
0,30,-5000000,9.5,15.597365057181813
0,30,-5000000,10,15.265444154488025
0,30,-5000000,10.5,14.91770390304452
0,30,-5000000,11,14.556519155471985
0,30,-5000000,11.5,14.18421623258469
0,30,-5000000,12,13.803100422046558
0,30,0,0.1,16.807149637734888
0,30,0,0.30000000000000004,16.908553016219283
0,30,0,0.5,16.98211654404493
0,30,0,0.7000000000000001,17.02970887173818
0,30,0,0.9,17.05524922212267
0,30,0,1.1,17.063570068281166
0,30,0,1.3000000000000003,17.059317609118782
0,30,0,1.5000000000000002,17.04628425332135
0,30,0,1.7000000000000002,17.02722196892015
0,30,0,1.9000000000000001,17.003963756420234
0,30,0,2.1,16.977658932851295
0,30,0,2.3000000000000003,16.94900217897595
0,30,0,2.5000000000000004,16.918409101055516
0,30,0,2.7,16.88613462252343
0,30,0,2.9000000000000004,16.85234605322088
0,30,0,3.1,16.817165555756027
0,30,0,3.3000000000000003,16.78069353977883
0,30,0,3.5000000000000004,16.743020180410387
0,30,0,3.7,16.7042317736936
0,30,0,3.9000000000000004,16.664412199525042
0,30,0,4.5,16.53958125263812
0,30,0,5,16.430547611505297
0,30,0,5.5,16.318125140833814
0,30,0,6,16.20325056108922
0,30,0,6.5,16.086711457185345
0,30,0,7,15.96915832873211
0,30,0,7.5,15.8511219161351
0,30,0,8,15.733031976150095
0,30,0,8.5,15.615234001184007
0,30,0,9,15.498004386527024
0,30,0,9.5,15.381563048432739
0,30,0,10,15.26608391849558
0,30,0,10.5,15.151703546071886
0,30,0,11,15.038528102475764
0,30,0,11.5,14.92663906639439
0,30,0,12,14.816097832462653
0,30,5000000,0.1,15.634185890550285
0,30,5000000,0.30000000000000004,15.982690959069567
0,30,5000000,0.5,16.232975471175546
0,30,5000000,0.7000000000000001,16.395829016774584
0,30,5000000,0.9,16.488245057373558
0,30,5000000,1.1,16.52749693201032
0,30,5000000,1.3000000000000003,16.52820693408447
0,30,5000000,1.5000000000000002,16.50150891935139
0,30,5000000,1.7000000000000002,16.455322710336343
0,30,5000000,1.9000000000000001,16.39504324618626
0,30,5000000,2.1,16.324258301374403
0,30,5000000,2.3000000000000003,16.245336166695374
0,30,5000000,2.5000000000000004,16.15985241199476
0,30,5000000,2.7,16.068879240256145
0,30,5000000,2.9000000000000004,15.973173645377544
0,30,5000000,3.1,15.873296806494979
0,30,5000000,3.3000000000000003,15.769688742098232
0,30,5000000,3.5000000000000004,15.662714548641503
0,30,5000000,3.7,15.552692773828863
0,30,5000000,3.9000000000000004,15.439912572634451
0,30,5000000,4.5,15.087654354472743
0,30,5000000,5,14.78175957316569
0,30,5000000,5.5,14.46827536601183
0,30,5000000,6,14.150109696218355
0,30,5000000,6.5,13.829615611506107
0,30,5000000,7,13.50857253678391
0,30,5000000,7.5,13.18823391659153
0,30,5000000,8,12.869421181504704
0,30,5000000,8.5,12.552636378212664
0,30,5000000,9,12.238171065709473
0,30,5000000,9.5,11.926199207606897
0,30,5000000,10,11.616849296628157
0,30,5000000,10.5,11.310257173456698
0,30,5000000,11,11.006602183240322
0,30,5000000,11.5,10.706129860889556
0,30,5000000,12,10.409163634670639
0,30,10000000,0.1,11.611700661155272
0,30,10000000,0.30000000000000004,12.386171954189473
0,30,10000000,0.5,13.36744126156514
0,30,10000000,0.7000000000000001,14.332088087820424
0,30,10000000,0.9,15.049748269701576
0,30,10000000,1.1,15.476317184868732
0,30,10000000,1.3000000000000003,15.68787163518338
0,30,10000000,1.5000000000000002,15.766206943716025
0,30,10000000,1.7000000000000002,15.765539737446193
0,30,10000000,1.9000000000000001,15.717366348814949
0,30,10000000,2.1,15.639585168638709
0,30,10000000,2.3000000000000003,15.542574678632386
0,30,10000000,2.5000000000000004,15.432580937950695
0,30,10000000,2.7,15.313531706555136
0,30,10000000,2.9000000000000004,15.188012082851408
0,30,10000000,3.1,15.05779971647295
0,30,10000000,3.3000000000000003,14.924165916872571
0,30,10000000,3.5000000000000004,14.788049826993548
0,30,10000000,3.7,14.650162306666966
0,30,10000000,3.9000000000000004,14.511050123218123
0,30,10000000,4.5,14.090152121589583
0,30,10000000,5,13.738861419090899
0,30,10000000,5.5,13.389204858701527
0,30,10000000,6,13.041971369193016
0,30,10000000,6.5,12.697359661967981
0,30,10000000,7,12.355313436543016
0,30,10000000,7.5,12.015730219875357
0,30,10000000,8,11.678589238665634
0,30,10000000,8.5,11.344027223710423
0,30,10000000,9,11.01237890742374
0,30,10000000,9.5,10.684190251586603
0,30,10000000,10,10.360207602815281
0,30,10000000,10.5,10.04134452755421
0,30,10000000,11,9.72862909824709
0,30,10000000,11.5,9.423136817770414
0,30,10000000,12,9.1259169320058
1,0,-10000000,0.1,3.5895589463000492
1,0,-10000000,0.30000000000000004,3.593179809947953
1,0,-10000000,0.5,3.5986250031764406
1,0,-10000000,0.7000000000000001,3.6056909642327475
1,0,-10000000,0.9,3.612296901878358
1,0,-10000000,1.1,3.6154987509504837
1,0,-10000000,1.3000000000000003,3.615341635741956
1,0,-10000000,1.5000000000000002,3.6138439413258943
1,0,-10000000,1.7000000000000002,3.6122836208403415
1,0,-10000000,1.9000000000000001,3.6110917901998025
1,0,-10000000,2.1,3.61034166608238
1,0,-10000000,2.3000000000000003,3.6099941516200724
1,0,-10000000,2.5000000000000004,3.609984296042731
1,0,-10000000,2.7,3.6102481524878622
1,0,-10000000,2.9000000000000004,3.6107300699887825
1,0,-10000000,3.1,3.611383715446816
1,0,-10000000,3.3000000000000003,3.612192492616182
1,0,-10000000,3.5000000000000004,3.6130593800717867
1,0,-10000000,3.7,3.6140250590358693
1,0,-10000000,3.9000000000000004,3.6150486729402815
1,0,-10000000,4.5,3.618287906439721
1,0,-10000000,5,3.621016575284022
1,0,-10000000,5.5,3.623635887764636
1,0,-10000000,6,3.6260557861130325
1,0,-10000000,6.5,3.628215264960215
1,0,-10000000,7,3.630059076791555
1,0,-10000000,7.5,3.6315418893361984
1,0,-10000000,8,3.6326230549802663
1,0,-10000000,8.5,3.6332627994303826
1,0,-10000000,9,3.633423540883511
1,0,-10000000,9.5,3.633069053014194
1,0,-10000000,10,3.6321647827186396
1,0,-10000000,10.5,3.630678057010608
1,0,-10000000,11,3.628578635727792
1,0,-10000000,11.5,3.6258390573055284
1,0,-10000000,12,3.6224351112327167
1,0,-5000000,0.1,3.63391421187869
1,0,-5000000,0.30000000000000004,3.6309437429728204
1,0,-5000000,0.5,3.6271720074546785
1,0,-5000000,0.7000000000000001,3.623100217910027
1,0,-5000000,0.9,3.6191975657303326
1,0,-5000000,1.1,3.615769751196818
1,0,-5000000,1.3000000000000003,3.6129568835002313
1,0,-5000000,1.5000000000000002,3.610780992842567
1,0,-5000000,1.7000000000000002,3.6091993069742445
1,0,-5000000,1.9000000000000001,3.6081414507279814
1,0,-5000000,2.1,3.6075306710452866
1,0,-5000000,2.3000000000000003,3.6072943041550705
1,0,-5000000,2.5000000000000004,3.6073680149142735
1,0,-5000000,2.7,3.6076968018244964
1,0,-5000000,2.9000000000000004,3.6082345904678017
1,0,-5000000,3.1,3.6089430994271083
1,0,-5000000,3.3000000000000003,3.6097946780189822
1,0,-5000000,3.5000000000000004,3.610754751681207
1,0,-5000000,3.7,3.611805168094603
1,0,-5000000,3.9000000000000004,3.612928762400428
1,0,-5000000,4.5,3.616609520535788
1,0,-5000000,5,3.619798979444354
1,0,-5000000,5.5,3.6230427538239387
1,0,-5000000,6,3.6262076952497835
1,0,-5000000,6.5,3.629221959333561
1,0,-5000000,7,3.632031552214221
1,0,-5000000,7.5,3.6345989554010725
1,0,-5000000,8,3.636865369680322
1,0,-5000000,8.5,3.638822712254162
1,0,-5000000,9,3.640436343796187
1,0,-5000000,9.5,3.641680765956989
1,0,-5000000,10,3.6425326468759995
1,0,-5000000,10.5,3.6429679240976043
1,0,-5000000,11,3.6429636878764344
1,0,-5000000,11.5,3.6424964030171
1,0,-5000000,12,3.6415431042671855
1,0,0,0.1,3.626435813052007
1,0,0,0.30000000000000004,3.6231864089859918
1,0,0,0.5,3.6198172808951092
1,0,0,0.7000000000000001,3.6165243098859863
1,0,0,0.9,3.613475319457832
1,0,0,1.1,3.610792907490528
1,0,0,1.3000000000000003,3.6085457043583147
1,0,0,1.5000000000000002,3.6067531304057168
1,0,0,1.7000000000000002,3.6053986708293313
1,0,0,1.9000000000000001,3.6044442099723084
1,0,0,2.1,3.6038416736777883
1,0,0,2.3000000000000003,3.6035410554303393
1,0,0,2.5000000000000004,3.6034950356643622
1,0,0,2.7,3.6036613009339797
1,0,0,2.9000000000000004,3.60400330740637
1,0,0,3.1,3.6044900283345336
1,0,0,3.3000000000000003,3.605095464387236
1,0,0,3.5000000000000004,3.6057981490195377
1,0,0,3.7,3.6065802931145083
1,0,0,3.9000000000000004,3.607427231277929
1,0,0,4.5,3.6102456800944482
1,0,0,5,3.612794861670569
1,0,0,5.5,3.615438262961844
1,0,0,6,3.6181239660906277
1,0,0,6.5,3.620817968094332
1,0,0,7,3.6234975162849183
1,0,0,7.5,3.6261473749195794
1,0,0,8,3.628757774499762
1,0,0,8.5,3.6313205346914184
1,0,0,9,3.633832110074042
1,0,0,9.5,3.6362892092822032
1,0,0,10,3.638689590948168
1,0,0,10.5,3.6410315108768816
1,0,0,11,3.6433194048050517
1,0,0,11.5,3.6455403660108523
1,0,0,12,3.6477072747017
1,0,5000000,0.1,3.6092632071042767
1,0,5000000,0.30000000000000004,3.610201161670909
1,0,5000000,0.5,3.609896821968742
1,0,5000000,0.7000000000000001,3.608757081266206
1,0,5000000,0.9,3.6071707391632604
1,0,5000000,1.1,3.605446486688862
1,0,5000000,1.3000000000000003,3.603795035233109
1,0,5000000,1.5000000000000002,3.602338478932154
1,0,5000000,1.7000000000000002,3.601131552293135
1,0,5000000,1.9000000000000001,3.600185734065697
1,0,5000000,2.1,3.5994847361434874
1,0,5000000,2.3000000000000003,3.599000723758825
1,0,5000000,2.5000000000000004,3.598700955465813
1,0,5000000,2.7,3.598552613497284
1,0,5000000,2.9000000000000004,3.598525312376483
1,0,5000000,3.1,3.5985920744415094
1,0,5000000,3.3000000000000003,3.598729534748017
1,0,5000000,3.5000000000000004,3.598917736042565
1,0,5000000,3.7,3.599139809460856
1,0,5000000,3.9000000000000004,3.5993815876655497
1,0,5000000,4.5,3.6001147650337297
1,0,5000000,5,3.6006154683083156
1,0,5000000,5.5,3.600923895534523
1,0,5000000,6,3.600983350188436
1,0,5000000,6.5,3.6007539370847943
1,0,5000000,7,3.600205316721389
1,0,5000000,7.5,3.599312426852724
1,0,5000000,8,3.598052778822118
1,0,5000000,8.5,3.5964049925356356
1,0,5000000,9,3.5943481744986516
1,0,5000000,9.5,3.5918616631145657
1,0,5000000,10,3.5889250285933185
1,0,5000000,10.5,3.5855182183184233
1,0,5000000,11,3.581621777235874
1,0,5000000,11.5,3.577217059020331
1,0,5000000,12,3.572286495155531
1,0,10000000,0.1,3.553994049818252
1,0,10000000,0.30000000000000004,3.5665845378406638
1,0,10000000,0.5,3.5793841883498136
1,0,10000000,0.7000000000000001,3.5891170590684047
1,0,10000000,0.9,3.5945739451975296
1,0,10000000,1.1,3.5968019429619162
1,0,10000000,1.3000000000000003,3.597242723616342
1,0,10000000,1.5000000000000002,3.5968676392203456
1,0,10000000,1.7000000000000002,3.5961961758316767
1,0,10000000,1.9000000000000001,3.5954777401271083
1,0,10000000,2.1,3.5948206814202783
1,0,10000000,2.3000000000000003,3.5942633015660785
1,0,10000000,2.5000000000000004,3.59381041084682
1,0,10000000,2.7,3.5934517437761566
1,0,10000000,2.9000000000000004,3.5931711962722397
1,0,10000000,3.1,3.592951327213858
1,0,10000000,3.3000000000000003,3.592775442559417
1,0,10000000,3.5000000000000004,3.592628442695706
1,0,10000000,3.7,3.592497057546373
1,0,10000000,3.9000000000000004,3.5923697858813197
1,0,10000000,4.5,3.591920067102527
1,0,10000000,5,3.591361097423593
1,0,10000000,5.5,3.5905442584306786
1,0,10000000,6,3.5894058773168207
1,0,10000000,6.5,3.5878919408566987
1,0,10000000,7,3.5859555527751428
1,0,10000000,7.5,3.5835551953551774
1,0,10000000,8,3.5806528567744853
1,0,10000000,8.5,3.5772132471428426
1,0,10000000,9,3.5732040401472553
1,0,10000000,9.5,3.568596549312265
1,0,10000000,10,3.5633656242504754
1,0,10000000,10.5,3.557490034155369
1,0,10000000,11,3.5509527301926793
1,0,10000000,11.5,3.543740919547931
1,0,10000000,12,3.535845974022473
1,5,-10000000,0.1,3.5549431110603704
1,5,-10000000,0.30000000000000004,3.563907111964471
1,5,-10000000,0.5,3.5782075097681765
1,5,-10000000,0.7000000000000001,3.5984486995837734
1,5,-10000000,0.9,3.619904934896393
1,5,-10000000,1.1,3.634253173334251
1,5,-10000000,1.3000000000000003,3.6404118691223037
1,5,-10000000,1.5000000000000002,3.6424540925679567
1,5,-10000000,1.7000000000000002,3.643185217399052
1,5,-10000000,1.9000000000000001,3.6437198458527225
1,5,-10000000,2.1,3.644393370251292
1,5,-10000000,2.3000000000000003,3.645288309944593
1,5,-10000000,2.5000000000000004,3.6463725669968863
1,5,-10000000,2.7,3.6475722481015698
1,5,-10000000,2.9000000000000004,3.648853956573392
1,5,-10000000,3.1,3.650170291165817
1,5,-10000000,3.3000000000000003,3.6514893289990535
1,5,-10000000,3.5000000000000004,3.652774076344792
1,5,-10000000,3.7,3.654004469415171
1,5,-10000000,3.9000000000000004,3.6551678514298813
1,5,-10000000,4.5,3.658163556518337
1,5,-10000000,5,3.6600624031799938
1,5,-10000000,5.5,3.661437886497481
1,5,-10000000,6,3.662323999157799
1,5,-10000000,6.5,3.6627421927770087
1,5,-10000000,7,3.6626934203860677
1,5,-10000000,7.5,3.662160183629144
1,5,-10000000,8,3.6611113328331424
1,5,-10000000,8.5,3.659506745508839
1,5,-10000000,9,3.65730224413435
1,5,-10000000,9.5,3.6544517922052755
1,5,-10000000,10,3.6509101163144093
1,5,-10000000,10.5,3.646634099106162
1,5,-10000000,11,3.6415836345510897
1,5,-10000000,11.5,3.6357255602222773
1,5,-10000000,12,3.629028074334206
1,5,-5000000,0.1,3.6436494292388706
1,5,-5000000,0.30000000000000004,3.6455710628567144
1,5,-5000000,0.5,3.6458643732998053
1,5,-5000000,0.7000000000000001,3.6449130469173636
1,5,-5000000,0.9,3.643314352345651
1,5,-5000000,1.1,3.6416184120011943
1,5,-5000000,1.3000000000000003,3.640175432732766
1,5,-5000000,1.5000000000000002,3.639153397309854
1,5,-5000000,1.7000000000000002,3.6385956194069218
1,5,-5000000,1.9000000000000001,3.638481620040985
1,5,-5000000,2.1,3.6387588444461163
1,5,-5000000,2.3000000000000003,3.639366476747965
1,5,-5000000,2.5000000000000004,3.640239420599091
1,5,-5000000,2.7,3.641317847504758
1,5,-5000000,2.9000000000000004,3.642553069982006
1,5,-5000000,3.1,3.6439371528699334
1,5,-5000000,3.3000000000000003,3.645343696214918
1,5,-5000000,3.5000000000000004,3.6468147658927883
1,5,-5000000,3.7,3.64830501214977
1,5,-5000000,3.9000000000000004,3.6497922988957767
1,5,-5000000,4.5,3.654098339722962
1,5,-5000000,5,3.6573024422960234
1,5,-5000000,5.5,3.660098262252389
1,5,-5000000,6,3.6624347362481364
1,5,-5000000,6.5,3.6642929569446503
1,5,-5000000,7,3.665692512800535
1,5,-5000000,7.5,3.6666423876716254
1,5,-5000000,8,3.667152487866434
1,5,-5000000,8.5,3.6672258712358135
1,5,-5000000,9,3.666857925884479
1,5,-5000000,9.5,3.6660365003526625
1,5,-5000000,10,3.6647435772580494
1,5,-5000000,10.5,3.662956871865603
1,5,-5000000,11,3.660650836053542
1,5,-5000000,11.5,3.657798213611865
1,5,-5000000,12,3.654370889129859
1,5,0,0.1,3.64586646052491
1,5,0,0.30000000000000004,3.644147991947392
1,5,0,0.5,3.642133399510949
1,5,0,0.7000000000000001,3.6399968345653706
1,5,0,0.9,3.637910110282228
1,5,0,1.1,3.6360187237125414
1,5,0,1.3000000000000003,3.6344238846322505
1,5,0,1.5000000000000002,3.6331785384259185
1,5,0,1.7000000000000002,3.632295288880735
1,5,0,1.9000000000000001,3.6317570809928
1,5,0,2.1,3.6315298029837537
1,5,0,2.3000000000000003,3.6315724846521023
1,5,0,2.5000000000000004,3.631842065965626
1,5,0,2.7,3.632297922543502
1,5,0,2.9000000000000004,3.6329030403607248
1,5,0,3.1,3.633626055382577
1,5,0,3.3000000000000003,3.634439888454906
1,5,0,3.5000000000000004,3.6353218311280924
1,5,0,3.7,3.6362530068678933
1,5,0,3.9000000000000004,3.6372182474234864
1,5,0,4.5,3.6402044136815177
1,5,0,5,3.642682574956593
1,5,0,5.5,3.645070057064902
1,5,0,6,3.647327288516826
1,5,0,6.5,3.6494450399017864
1,5,0,7,3.651396170206584
1,5,0,7.5,3.6531915366702723
1,5,0,8,3.6548302945171556
1,5,0,8.5,3.656316996879029
1,5,0,9,3.657657720818096
1,5,0,9.5,3.658858961166027
1,5,0,10,3.6599275598292156
1,5,0,10.5,3.660870191722536
1,5,0,11,3.6616952511049137
1,5,0,11.5,3.66240349066497
1,5,0,12,3.663006708240223
1,5,5000000,0.1,3.624506754657445
1,5,5000000,0.30000000000000004,3.6280898298600617
1,5,5000000,0.5,3.629856760818057
1,5,5000000,0.7000000000000001,3.6302665609887717
1,5,5000000,0.9,3.629790450854625
1,5,5000000,1.1,3.6288279281302347
1,5,5000000,1.3000000000000003,3.6276732469198274
1,5,5000000,1.5000000000000002,3.6265178296512497
1,5,5000000,1.7000000000000002,3.6254700248612335
1,5,5000000,1.9000000000000001,3.6245791359954374
1,5,5000000,2.1,3.623856636863082
1,5,5000000,2.3000000000000003,3.623292198557644
1,5,5000000,2.5000000000000004,3.6228645812577245
1,5,5000000,2.7,3.6225484310867704
1,5,5000000,2.9000000000000004,3.622318189774663
1,5,5000000,3.1,3.622150129230221
1,5,5000000,3.3000000000000003,3.6220232446251335
1,5,5000000,3.5000000000000004,3.621919489898126
1,5,5000000,3.7,3.6218233262481103
1,5,5000000,3.9000000000000004,3.621722842054295
1,5,5000000,4.5,3.6212988406947852
1,5,5000000,5,3.620707581947788
1,5,5000000,5.5,3.6198318372984137
1,5,5000000,6,3.6186323199179746
1,5,5000000,6.5,3.617082560842084
1,5,5000000,7,3.615160528157168
1,5,5000000,7.5,3.612844973209147
1,5,5000000,8,3.6101138691777943
1,5,5000000,8.5,3.6069439294029166
1,5,5000000,9,3.6033106348478148
1,5,5000000,9.5,3.599188617331968
1,5,5000000,10,3.5945521967313803
1,5,5000000,10.5,3.5893755889122665
1,5,5000000,11,3.5836341161288265
1,5,5000000,11.5,3.577303526351524
1,5,5000000,12,3.570361136613654
1,5,10000000,0.1,3.541317382245272
1,5,10000000,0.30000000000000004,3.5623810450892
1,5,10000000,0.5,3.584118572744589
1,5,10000000,0.7000000000000001,3.6010741014785
1,5,10000000,0.9,3.611230964017132
1,5,10000000,1.1,3.6161538122205137
1,5,10000000,1.3000000000000003,3.618034080397884
1,5,10000000,1.5000000000000002,3.6183680747330653
1,5,10000000,1.7000000000000002,3.6179799204080743
1,5,10000000,1.9000000000000001,3.617287935794015
1,5,10000000,2.1,3.6164996580123616
1,5,10000000,2.3000000000000003,3.615706058347181
1,5,10000000,2.5000000000000004,3.6149466316209535
1,5,10000000,2.7,3.6142312440561044
1,5,10000000,2.9000000000000004,3.613557827763422
1,5,10000000,3.1,3.612918077880111
1,5,10000000,3.3000000000000003,3.6123040982351817
1,5,10000000,3.5000000000000004,3.611699757413674
1,5,10000000,3.7,3.611097021511671
1,5,10000000,3.9000000000000004,3.610485183343371
1,5,10000000,4.5,3.6085273117786
1,5,10000000,5,3.6066524319657653
1,5,10000000,5.5,3.604465888931633
1,5,10000000,6,3.601897805803677
1,5,10000000,6.5,3.598886663389832
1,5,10000000,7,3.59537600334657
1,5,10000000,7.5,3.591312702587875
1,5,10000000,8,3.5866478389766856
1,5,10000000,8.5,3.5813349756281987
1,5,10000000,9,3.5753316618005813
1,5,10000000,9.5,3.5685997208241442
1,5,10000000,10,3.5611058657138677
1,5,10000000,10.5,3.5528222402530374
1,5,10000000,11,3.5437271816920393
1,5,10000000,11.5,3.533805394350671
1,5,10000000,12,3.523048025553487
1,10,-10000000,0.1,4.463557808057433
1,10,-10000000,0.30000000000000004,4.49347653958498
1,10,-10000000,0.5,4.540967086860956
1,10,-10000000,0.7000000000000001,4.607291049524035
1,10,-10000000,0.9,4.676943416138994
1,10,-10000000,1.1,4.726183343239226
1,10,-10000000,1.3000000000000003,4.752108931031848
1,10,-10000000,1.5000000000000002,4.765136472840381
1,10,-10000000,1.7000000000000002,4.772859765630525
1,10,-10000000,1.9000000000000001,4.778631371786578
1,10,-10000000,2.1,4.783706414990522
1,10,-10000000,2.3000000000000003,4.788499925332472
1,10,-10000000,2.5000000000000004,4.7931076058968936
1,10,-10000000,2.7,4.797509824905776
1,10,-10000000,2.9000000000000004,4.801651980036906
1,10,-10000000,3.1,4.805477144850173
1,10,-10000000,3.3000000000000003,4.808938670110301
1,10,-10000000,3.5000000000000004,4.812004154286309
1,10,-10000000,3.7,4.814655644981027
1,10,-10000000,3.9000000000000004,4.8168881561519905
1,10,-10000000,4.5,4.82116948517715
1,10,-10000000,5,4.8222774481600315
1,10,-10000000,5.5,4.82156734403413
1,10,-10000000,6,4.819385489269645
1,10,-10000000,6.5,4.815970702146753
1,10,-10000000,7,4.811448394450176
1,10,-10000000,7.5,4.805851607846945
1,10,-10000000,8,4.799149375564138
1,10,-10000000,8.5,4.7912720209696396
1,10,-10000000,9,4.782130298725888
1,10,-10000000,9.5,4.771628673982608
1,10,-10000000,10,4.759674469804784
1,10,-10000000,10.5,4.746184381639521
1,10,-10000000,11,4.731089173929019
1,10,-10000000,11.5,4.714336500608324
1,10,-10000000,12,4.695896300576087
1,10,-5000000,0.1,4.72250270630326
1,10,-5000000,0.30000000000000004,4.737233730640269
1,10,-5000000,0.5,4.74763837084588
1,10,-5000000,0.7000000000000001,4.754021366368674
1,10,-5000000,0.9,4.757582518364571
1,10,-5000000,1.1,4.759654712015662
1,10,-5000000,1.3000000000000003,4.7612391672889105
1,10,-5000000,1.5000000000000002,4.762925249680616
1,10,-5000000,1.7000000000000002,4.764988592000431
1,10,-5000000,1.9000000000000001,4.767511055223169
1,10,-5000000,2.1,4.77046942450824
1,10,-5000000,2.3000000000000003,4.7737902978480955
1,10,-5000000,2.5000000000000004,4.777381236358055
1,10,-5000000,2.7,4.7811474759708465
1,10,-5000000,2.9000000000000004,4.785000303737186
1,10,-5000000,3.1,4.788860789977077
1,10,-5000000,3.3000000000000003,4.792661035321995
1,10,-5000000,3.5000000000000004,4.796344128554383
1,10,-5000000,3.7,4.799863448400451
1,10,-5000000,3.9000000000000004,4.803181720777839
1,10,-5000000,4.5,4.8116769196857385
1,10,-5000000,5,4.816885511190579
1,10,-5000000,5.5,4.820353000562978
1,10,-5000000,6,4.822175721258503
1,10,-5000000,6.5,4.8225179319989575
1,10,-5000000,7,4.82156424944163
1,10,-5000000,7.5,4.819484606166117
1,10,-5000000,8,4.816413432664846
1,10,-5000000,8.5,4.812441743769594
1,10,-5000000,9,4.8076186014257996
1,10,-5000000,9.5,4.8019577397219635
1,10,-5000000,10,4.795445982878877
1,10,-5000000,10.5,4.788051351162087
1,10,-5000000,11,4.779729899155146
1,10,-5000000,11.5,4.77043107087332
1,10,-5000000,12,4.760101765901394
1,10,0,0.1,4.75048890492429
1,10,0,0.30000000000000004,4.751694688924995
1,10,0,0.5,4.752069007264328
1,10,0,0.7000000000000001,4.751857859088369
1,10,0,0.9,4.751340584684274
1,10,0,1.1,4.750785288790114
1,10,0,1.3000000000000003,4.750406049630887
1,10,0,1.5000000000000002,4.750342940274242
1,10,0,1.7000000000000002,4.750665173705051
1,10,0,1.9000000000000001,4.751385403963287
1,10,0,2.1,4.752478231350562
1,10,0,2.3000000000000003,4.753896184924002
1,10,0,2.5000000000000004,4.755582018316683
1,10,0,2.7,4.757477072254606
1,10,0,2.9000000000000004,4.759525990939724
1,10,0,3.1,4.761679297529723
1,10,0,3.3000000000000003,4.7638942499709716
1,10,0,3.5000000000000004,4.766135003147858
1,10,0,3.7,4.768372030815098
1,10,0,3.9000000000000004,4.7705814819788674
1,10,0,4.5,4.776874935389473
1,10,0,5,4.781579554089767
1,10,0,5.5,4.785707075872126
1,10,0,6,4.789237056563935
1,10,0,6.5,4.792180887965214
1,10,0,7,4.794567295576799
1,10,0,7.5,4.79643333257662
1,10,0,8,4.79781943811443
1,10,0,8.5,4.798766459864779
1,10,0,9,4.799313966923417
1,10,0,9.5,4.799499406564293
1,10,0,10,4.7993577764314015
1,10,0,10.5,4.798921491777694
1,10,0,11,4.798220401138918
1,10,0,11.5,4.797281943761664
1,10,0,12,4.79613134839152
1,10,5000000,0.1,4.699932659869134
1,10,5000000,0.30000000000000004,4.714050050683145
1,10,5000000,0.5,4.723620174154182
1,10,5000000,0.7000000000000001,4.729544325645671
1,10,5000000,0.9,4.732823947005274
1,10,5000000,1.1,4.734355487621376
1,10,5000000,1.3000000000000003,4.734839383435415
1,10,5000000,1.5000000000000002,4.734769418821876
1,10,5000000,1.7000000000000002,4.734463281192061
1,10,5000000,1.9000000000000001,4.734106378215951
1,10,5000000,2.1,4.733793492253087
1,10,5000000,2.3000000000000003,4.733561941609605
1,10,5000000,2.5000000000000004,4.733415419661935
1,10,5000000,2.7,4.733339884804182
1,10,5000000,2.9000000000000004,4.733313307035727
1,10,5000000,3.1,4.7333124188855304
1,10,5000000,3.3000000000000003,4.733314184698237
1,10,5000000,3.5000000000000004,4.733298780132954
1,10,5000000,3.7,4.733249662168667
1,10,5000000,3.9000000000000004,4.733153540661795
1,10,5000000,4.5,4.732492273705416
1,10,5000000,5,4.731436658926208
1,10,5000000,5.5,4.729883584544807
1,10,5000000,6,4.727819989015873
1,10,5000000,6.5,4.725234876375904
1,10,5000000,7,4.722109928865796
1,10,5000000,7.5,4.718416409158165
1,10,5000000,8,4.714114828558143
1,10,5000000,8.5,4.709158026821055
1,10,5000000,9,4.70349237675934
1,10,5000000,9.5,4.697060582587798
1,10,5000000,10,4.689803604932658
1,10,5000000,10.5,4.68166234953429
1,10,5000000,11,4.672579101429195
1,10,5000000,11.5,4.662498897121156
1,10,5000000,12,4.651370594488732
1,10,10000000,0.1,4.481081231574974
1,10,10000000,0.30000000000000004,4.540613336666496
1,10,10000000,0.5,4.602309059548442
1,10,10000000,0.7000000000000001,4.651654441399477
1,10,10000000,0.9,4.683281694121606
1,10,10000000,1.1,4.700895228191219
1,10,10000000,1.3000000000000003,4.709928307424779
1,10,10000000,1.5000000000000002,4.714227681465095
1,10,10000000,1.7000000000000002,4.716009366251407
1,10,10000000,1.9000000000000001,4.716469591130021
1,10,10000000,2.1,4.716243589237872
1,10,10000000,2.3000000000000003,4.715667337317324
1,10,10000000,2.5000000000000004,4.714917096062871
1,10,10000000,2.7,4.714083233461626
1,10,10000000,2.9000000000000004,4.713209692073741
1,10,10000000,3.1,4.7123153445182036
1,10,10000000,3.3000000000000003,4.711405628142146
1,10,10000000,3.5000000000000004,4.710478891144562
1,10,10000000,3.7,4.709529833039413
1,10,10000000,3.9000000000000004,4.708551343512774
1,10,10000000,4.5,4.705358050698467
1,10,10000000,5,4.702276464981424
1,10,10000000,5.5,4.698672242513061
1,10,10000000,6,4.694416433155847
1,10,10000000,6.5,4.689382301546639
1,10,10000000,7,4.683445486059893
1,10,10000000,7.5,4.67648490651126
1,10,10000000,8,4.668384894886905
1,10,10000000,8.5,4.659035334243566
1,10,10000000,9,4.648335991836135
1,10,10000000,9.5,4.636198215658005
1,10,10000000,10,4.6225480898542655
1,10,10000000,10.5,4.607328789222396
1,10,10000000,11,4.590502384223282
1,10,10000000,11.5,4.572050711698933
1,10,10000000,12,4.551975461233388
1,20,-10000000,0.1,6.7552774346179785
1,20,-10000000,0.30000000000000004,6.867985467607812
1,20,-10000000,0.5,7.039580208542869
1,20,-10000000,0.7000000000000001,7.261802480923691
1,20,-10000000,0.9,7.474145934268627
1,20,-10000000,1.1,7.617271846201822
1,20,-10000000,1.3000000000000003,7.694763803745121
1,20,-10000000,1.5000000000000002,7.735441968740173
1,20,-10000000,1.7000000000000002,7.758983866051634
1,20,-10000000,1.9000000000000001,7.7747257568982455
1,20,-10000000,2.1,7.786678714270935
1,20,-10000000,2.3000000000000003,7.796524837862088
1,20,-10000000,2.5000000000000004,7.804953826880189
1,20,-10000000,2.7,7.812230098009725
1,20,-10000000,2.9000000000000004,7.8184378971782005
1,20,-10000000,3.1,7.823590714750276
1,20,-10000000,3.3000000000000003,7.8276798790310105
1,20,-10000000,3.5000000000000004,7.830697726550642
1,20,-10000000,3.7,7.832647185616603
1,20,-10000000,3.9000000000000004,7.8335437783313635
1,20,-10000000,4.5,7.830244911011624
1,20,-10000000,5,7.821326988033783
1,20,-10000000,5.5,7.807636785670493
1,20,-10000000,6,7.789855136385982
1,20,-10000000,6.5,7.768418957267629
1,20,-10000000,7,7.743564368341412
1,20,-10000000,7.5,7.715341465702966
1,20,-10000000,8,7.683681297249798
1,20,-10000000,8.5,7.648444206460505
1,20,-10000000,9,7.60946628540457
1,20,-10000000,9.5,7.566588754404898
1,20,-10000000,10,7.519681180986431
1,20,-10000000,10.5,7.46865755329777
1,20,-10000000,11,7.41348674542449
1,20,-10000000,11.5,7.354197896908788
1,20,-10000000,12,7.29088099061031
1,20,-5000000,0.1,7.579851168489009
1,20,-5000000,0.30000000000000004,7.637236082397155
1,20,-5000000,0.5,7.680756055548664
1,20,-5000000,0.7000000000000001,7.710640969958764
1,20,-5000000,0.9,7.729873730940256
1,20,-5000000,1.1,7.742148331049052
1,20,-5000000,1.3000000000000003,7.750497084359163
1,20,-5000000,1.5000000000000002,7.756921410704393
1,20,-5000000,1.7000000000000002,7.7625615711034515
1,20,-5000000,1.9000000000000001,7.767986136166177
1,20,-5000000,2.1,7.773427382037518
1,20,-5000000,2.3000000000000003,7.778934984448965
1,20,-5000000,2.5000000000000004,7.784466763094628
1,20,-5000000,2.7,7.789939596817247
1,20,-5000000,2.9000000000000004,7.795256951554847
1,20,-5000000,3.1,7.800322944414236
1,20,-5000000,3.3000000000000003,7.805049998045094
1,20,-5000000,3.5000000000000004,7.809361346349816
1,20,-5000000,3.7,7.813192263213197
1,20,-5000000,3.9000000000000004,7.816489976368564
1,20,-5000000,4.5,7.822820256344658
1,20,-5000000,5,7.823734205255202
1,20,-5000000,5.5,7.820654425523383
1,20,-5000000,6,7.8137768214224845
1,20,-5000000,6.5,7.8034190935395555
1,20,-5000000,7,7.78994004280795
1,20,-5000000,7.5,7.773674349058601
1,20,-5000000,8,7.7548953489234345
1,20,-5000000,8.5,7.733792557663445
1,20,-5000000,9,7.710475822443084
1,20,-5000000,9.5,7.684986306998196
1,20,-5000000,10,7.657312434774522
1,20,-5000000,10.5,7.627406360326552
1,20,-5000000,11,7.5951982238586035
1,20,-5000000,11.5,7.56060735069743
1,20,-5000000,12,7.523550963529434
1,20,0,0.1,7.697382288759361
1,20,0,0.30000000000000004,7.710022311906784
1,20,0,0.5,7.719385731653995
1,20,0,0.7000000000000001,7.725945683717146
1,20,0,0.9,7.7303432774003165
1,20,0,1.1,7.7332611375423
1,20,0,1.3000000000000003,7.735302450023463
1,20,0,1.5000000000000002,7.736925489253342
1,20,0,1.7000000000000002,7.738433314358876
1,20,0,1.9000000000000001,7.739997143684076
1,20,0,2.1,7.741691502477126
1,20,0,2.3000000000000003,7.743527748370787
1,20,0,2.5000000000000004,7.745480478096906
1,20,0,2.7,7.747506084823165
1,20,0,2.9000000000000004,7.749554721682088
1,20,0,3.1,7.751577403382564
1,20,0,3.3000000000000003,7.753529821292715
1,20,0,3.5000000000000004,7.7553740619059495
1,20,0,3.7,7.7570790580616675
1,20,0,3.9000000000000004,7.758620342374725
1,20,0,4.5,7.762102442953616
1,20,0,5,7.763581123027148
1,20,0,5.5,7.763751772425484
1,20,0,6,7.76267710554096
1,20,0,6.5,7.7604569092606654
1,20,0,7,7.757207451327799
1,20,0,7.5,7.753049368287305
1,20,0,8,7.748100840802335
1,20,0,8.5,7.742474006583207
1,20,0,9,7.736273281514941
1,20,0,9.5,7.729594755801583
1,20,0,10,7.7225262499161325
1,20,0,10.5,7.7151477145878795
1,20,0,11,7.707531795358996
1,20,0,11.5,7.699744292256872
1,20,0,12,7.691844782665759
1,20,5000000,0.1,7.544033379930664
1,20,5000000,0.30000000000000004,7.595775003741592
1,20,5000000,0.5,7.633649542322154
1,20,5000000,0.7000000000000001,7.659954046451798
1,20,5000000,0.9,7.677357451093874
1,20,5000000,1.1,7.688335364710448
1,20,5000000,1.3000000000000003,7.694902916544737
1,20,5000000,1.5000000000000002,7.698558186398784
1,20,5000000,1.7000000000000002,7.7003412283387895
1,20,5000000,1.9000000000000001,7.700935789124385
1,20,5000000,2.1,7.700771002912053
1,20,5000000,2.3000000000000003,7.700104808323434
1,20,5000000,2.5000000000000004,7.699085401697917
1,20,5000000,2.7,7.697793538790484
1,20,5000000,2.9000000000000004,7.696270293423606
1,20,5000000,3.1,7.694534596186673
1,20,5000000,3.3000000000000003,7.69259393372242
1,20,5000000,3.5000000000000004,7.690450624705568
1,20,5000000,3.7,7.688105311572446
1,20,5000000,3.9000000000000004,7.685558741004142
1,20,5000000,4.5,7.67673267047222
1,20,5000000,5,7.6680710152304385
1,20,5000000,5.5,7.658286086248289
1,20,5000000,6,7.647412628144932
1,20,5000000,6.5,7.635436611587971
1,20,5000000,7,7.622285101496257
1,20,5000000,7.5,7.607826154455776
1,20,5000000,8,7.591869857099534
1,20,5000000,8.5,7.574175476382562
1,20,5000000,9,7.554456973270103
1,20,5000000,9.5,7.532389287773421
1,20,5000000,10,7.507615357971276
1,20,5000000,10.5,7.4797539984654415
1,20,5000000,11,7.448409721018572
1,20,5000000,11.5,7.4131845113466355
1,20,5000000,12,7.373691670205979
1,20,10000000,0.1,6.861623242839282
1,20,10000000,0.30000000000000004,7.059717121713078
1,20,10000000,0.5,7.258521060872595
1,20,10000000,0.7000000000000001,7.415956547312882
1,20,10000000,0.9,7.519766617015626
1,20,10000000,1.1,7.581590672747778
1,20,10000000,1.3000000000000003,7.616818328404233
1,20,10000000,1.5000000000000002,7.636452689496163
1,20,10000000,1.7000000000000002,7.6470723404963525
1,20,10000000,1.9000000000000001,7.6524094856911775
1,20,10000000,2.1,7.654571779496475
1,20,10000000,2.3000000000000003,7.654765059435229
1,20,10000000,2.5000000000000004,7.65369196004685
1,20,10000000,2.7,7.651769559532115
1,20,10000000,2.9000000000000004,7.6492495953784205
1,20,10000000,3.1,7.646285990549881
1,20,10000000,3.3000000000000003,7.642973479438806
1,20,10000000,3.5000000000000004,7.639370067759029
1,20,10000000,3.7,7.63551029758725
1,20,10000000,3.9000000000000004,7.631413206949571
1,20,10000000,4.5,7.617745884542317
1,20,10000000,5,7.604689424068297
1,20,10000000,5.5,7.589880822698509
1,20,10000000,6,7.57300140916535
1,20,10000000,6.5,7.553670033103003
1,20,10000000,7,7.531460496772984
1,20,10000000,7.5,7.505915584046418
1,20,10000000,8,7.476561083462034
1,20,10000000,8.5,7.442921447564965
1,20,10000000,9,7.404537543761269
1,20,10000000,9.5,7.3609860961448765
1,20,10000000,10,7.311899787046371
1,20,10000000,10.5,7.256986592340227
1,20,10000000,11,7.19604676033096
1,20,10000000,11.5,7.128985953751412
1,20,10000000,12,7.055823403302158
1,30,-10000000,0.1,8.502515238110153
1,30,-10000000,0.30000000000000004,8.729920203966746
1,30,-10000000,0.5,9.057714418514392
1,30,-10000000,0.7000000000000001,9.447046892019152
1,30,-10000000,0.9,9.785732363674212
1,30,-10000000,1.1,10.002972076938834
1,30,-10000000,1.3000000000000003,10.121697564030802
1,30,-10000000,1.5000000000000002,10.186389412207532
1,30,-10000000,1.7000000000000002,10.224915328438396
1,30,-10000000,1.9000000000000001,10.250650779569831
1,30,-10000000,2.1,10.269603626156377
1,30,-10000000,2.3000000000000003,10.284440209112494
1,30,-10000000,2.5000000000000004,10.296361116429976
1,30,-10000000,2.7,10.305905312360338
1,30,-10000000,2.9000000000000004,10.313309396395574
1,30,-10000000,3.1,10.318688807356443
1,30,-10000000,3.3000000000000003,10.322095461168713
1,30,-10000000,3.5000000000000004,10.323575945567393
1,30,-10000000,3.7,10.323178432660482
1,30,-10000000,3.9000000000000004,10.320961449377872
1,30,-10000000,4.5,10.304143865468664
1,30,-10000000,5,10.279785218784005
1,30,-10000000,5.5,10.247492364437178
1,30,-10000000,6,10.208407643879923
1,30,-10000000,6.5,10.163317988684351
1,30,-10000000,7,10.112654005958605
1,30,-10000000,7.5,10.056557333345282
1,30,-10000000,8,9.994968442372375
1,30,-10000000,8.5,9.927707361099603
1,30,-10000000,9,9.854537497234787
1,30,-10000000,9.5,9.775212371395785
1,30,-10000000,10,9.689508340913878
1,30,-10000000,10.5,9.597246449923139
1,30,-10000000,11,9.498305763142996
1,30,-10000000,11.5,9.39263009789112
1,30,-10000000,12,9.280230010039078
1,30,-5000000,0.1,9.916902360066253
1,30,-5000000,0.30000000000000004,10.018395228448878
1,30,-5000000,0.5,10.095927604492559
1,30,-5000000,0.7000000000000001,10.150279708672894
1,30,-5000000,0.9,10.186370021333852
1,30,-5000000,1.1,10.210124173969833
1,30,-5000000,1.3000000000000003,10.22642998321779
1,30,-5000000,1.5000000000000002,10.238574807192371
1,30,-5000000,1.7000000000000002,10.24849506375291
1,30,-5000000,1.9000000000000001,10.257213120328545
1,30,-5000000,2.1,10.265214933243826
1,30,-5000000,2.3000000000000003,10.272683261325458
1,30,-5000000,2.5000000000000004,10.279647097625228
1,30,-5000000,2.7,10.286059644268466
1,30,-5000000,2.9000000000000004,10.291851256924241
1,30,-5000000,3.1,10.296931779798276
1,30,-5000000,3.3000000000000003,10.30123840200957
1,30,-5000000,3.5000000000000004,10.304666614637979
1,30,-5000000,3.7,10.307188676584323
1,30,-5000000,3.9000000000000004,10.30874754966099
1,30,-5000000,4.5,10.307344071263405
1,30,-5000000,5,10.299046004380326
1,30,-5000000,5.5,10.284412721943308
1,30,-5000000,6,10.26385311546238
1,30,-5000000,6.5,10.237932599504923
1,30,-5000000,7,10.207269054010137
1,30,-5000000,7.5,10.172441784983125
1,30,-5000000,8,10.133928476487428
1,30,-5000000,8.5,10.092074629479951
1,30,-5000000,9,10.04709133190059
1,30,-5000000,9.5,9.999067262741624
1,30,-5000000,10,9.947991227580847
1,30,-5000000,10.5,9.89377197818393
1,30,-5000000,11,9.836255512048185
1,30,-5000000,11.5,9.775237568356582
1,30,-5000000,12,9.710471994275421
1,30,0,0.1,10.125296177271315
1,30,0,0.30000000000000004,10.152286269565579
1,30,0,0.5,10.173201692722456
1,30,0,0.7000000000000001,10.18876477620628
1,30,0,0.9,10.200005011860055
1,30,0,1.1,10.208037477614269
1,30,0,1.3000000000000003,10.213861098947891
1,30,0,1.5000000000000002,10.218249948126507
1,30,0,1.7000000000000002,10.221736452495529
1,30,0,1.9000000000000001,10.224649279839507
1,30,0,2.1,10.227168922852622
1,30,0,2.3000000000000003,10.229379170245585
1,30,0,2.5000000000000004,10.231306425502698
1,30,0,2.7,10.232946551977879
1,30,0,2.9000000000000004,10.234281791011872
1,30,0,3.1,10.235290700517233
1,30,0,3.3000000000000003,10.235953541410577
1,30,0,3.5000000000000004,10.236254852167994
1,30,0,3.7,10.236184370272538
1,30,0,3.9000000000000004,10.235737044555565
1,30,0,4.5,10.232148548653843
1,30,0,5,10.226703466964704
1,30,0,5.5,10.219242606284089
1,30,0,6,10.209992707665917
1,30,0,6.5,10.19920452487437
1,30,0,7,10.187109419943253
1,30,0,7.5,10.173925610097708
1,30,0,8,10.159847050420863
1,30,0,8.5,10.145044825509894
1,30,0,9,10.129664009139107
1,30,0,9.5,10.113826840355975
1,30,0,10,10.097631723966813
1,30,0,10.5,10.081153725727384
1,30,0,11,10.06444427420636
1,30,0,11.5,10.047530771299853
1,30,0,12,10.030415369387757
1,30,5000000,0.1,9.868554418764976
1,30,5000000,0.30000000000000004,9.961191965468368
1,30,5000000,0.5,10.030401471822577
1,30,5000000,0.7000000000000001,10.079909303047662
1,30,5000000,0.9,10.11401847686232
1,30,5000000,1.1,10.13674127586336
1,30,5000000,1.3000000000000003,10.151379098980696
1,30,5000000,1.5000000000000002,10.16042184110682
1,30,5000000,1.7000000000000002,10.165633503355208
1,30,5000000,1.9000000000000001,10.168208393991502
1,30,5000000,2.1,10.168930581818106
1,30,5000000,2.3000000000000003,10.168305142387789
1,30,5000000,2.5000000000000004,10.166654770044042
1,30,5000000,2.7,10.16418618027434
1,30,5000000,2.9000000000000004,10.161033719608929
1,30,5000000,3.1,10.157287097140575
1,30,5000000,3.3000000000000003,10.15300856632416
1,30,5000000,3.5000000000000004,10.148243299540908
1,30,5000000,3.7,10.143025467786869
1,30,5000000,3.9000000000000004,10.137381654785601
1,30,5000000,4.5,10.118077387897399
1,30,5000000,5,10.099408412923287
1,30,5000000,5.5,10.07835576776778
1,30,5000000,6,10.054662150101299
1,30,5000000,6.5,10.027852643359969
1,30,5000000,7,9.997250596312862
1,30,5000000,7.5,9.962011553971248
1,30,5000000,8,9.921171362138695
1,30,5000000,8.5,9.87370501851489
1,30,5000000,9,9.818592688040658
1,30,5000000,9.5,9.75488885920339
1,30,5000000,10,9.681789821667444
1,30,5000000,10.5,9.598692748679634
1,30,5000000,11,9.505240793765983
1,30,5000000,11.5,9.401349544420489
1,30,5000000,12,9.287212626284846
1,30,10000000,0.1,8.708090976672151
1,30,10000000,0.30000000000000004,9.065964529642473
1,30,10000000,0.5,9.4100323613434
1,30,10000000,0.7000000000000001,9.675493271700962
1,30,10000000,0.9,9.85053589810282
1,30,10000000,1.1,9.957081693907703
1,30,10000000,1.3000000000000003,10.02006093933423
1,30,10000000,1.5000000000000002,10.056925766021545
1,30,10000000,1.7000000000000002,10.078205037320384
1,30,10000000,1.9000000000000001,10.089991238513754
1,30,10000000,2.1,10.09581124257609
1,30,10000000,2.3000000000000003,10.097741610876444
1,30,10000000,2.5000000000000004,10.097032767959732
1,30,10000000,2.7,10.09445502727283
1,30,10000000,2.9000000000000004,10.09049244258176
1,30,10000000,3.1,10.085453346096376
1,30,10000000,3.3000000000000003,10.079534651795548
1,30,10000000,3.5000000000000004,10.072860052428299
1,30,10000000,3.7,10.06550321798409
1,30,10000000,3.9000000000000004,10.057502235307945
1,30,10000000,4.5,10.029655019018236
1,30,10000000,5,10.00162339202538
1,30,10000000,5.5,9.968326119784544
1,30,10000000,6,9.92864859565522
1,30,10000000,6.5,9.881321135379942
1,30,10000000,7,9.825021283199249
1,30,10000000,7.5,9.75847496416054
1,30,10000000,8,9.680558501509127
1,30,10000000,8.5,9.590393173227534
1,30,10000000,9,9.4874281170832
1,30,10000000,9.5,9.371496469421578
1,30,10000000,10,9.242840654561515
1,30,10000000,10.5,9.102102950097365
1,30,10000000,11,8.950283336050536
1,30,10000000,11.5,8.788671396950162
1,30,10000000,12,8.618762094455203